Task,gemma-4-31b-it
01329eb7.json,"7 7 7 6 2 2 2
7 7 7 6 2 2 2
7 7 7 6 2 2 2
6 6 6 6 6 6 6
7 7 7 6 8 8 8
7 7 7 6 8 8 8
7 7 7 6 8 8 8
6 6 6 6 6 6 6
8 8 8 6 4 4 4
8 8 8 6 4 4 4
8 8 8 6 4 4 4"
01613f44.json,"0 0 0 2 0 0 0 2
0 0 4 2 0 0 4 2
0 5 4 0 0 5 4 0
0 8 5 5 0 8 5 5
8 0 0 0 8 0 0 0"
001c8ad3.json,"0 0 0 0 0 0 0 0
0 0 0 0 0 0 0 0
8 6 8 6 8 0 0 0
0 0 0 0 0 0 0 0
6 3 6 3 0 0 0 0
0 0 0 0 0 0 0 0
6 2 6 2 6 2 0 0
5 6 5 6 5 0 0 0"
0032aa75.json,"8 1 0 0 0 0 0
1 1 0 0 0 1 1
0 0 0 0 0 1 8
0 0 0 0 0 0 0
0 0 0 0 0 0 0
0 0 0 0 0 0 0
0 0 0 0 0 0 0"
019663f7.json,4
02da6c75.json,"6 6 6
6 6 6
6 6 6"
032d3332.json,"0 0 6 0
0 5 5 5
6 5 5 5
6 5 5 5
0 0 6 6
0 6 6 0
0 6 6 6
0 6 6 0
0 0 0 6
6 6 0 0
6 6 0 0
6 0 0 0
6 6 6 0
6 0 6 0
0 0 0 6
6 0 6 0
6 6 6 0
0 6 0 0
6 0 6 0
6 0 6 6
0 6 6 6
0 6 6 0
0 6 6 6
6 6 0 0"
03dc4d78.json,"4 8 3 3 8 7 3
1 8 3 3 3 4 8
3 3 3 4 3 1 2
7 3 3 7 3 8 3
4 8 8 1 2 3 4
8 7 2 3 1 1 7
3 8 7 7 8 8 8"
046a7efd.json,"0 2 0 0 0 0 0 0 0 0 0 0
0 6 0 0 0 0 0 0 0 0 0 0
0 2 0 3 0 0 0 0 0 0 0 0
0 2 0 3 0 0 0 0 0 0 0 0
0 6 0 1 0 0 0 0 0 0 0 0
0 2 0 3 0 0 4 0 0 0 0 0
0 6 0 1 0 0 2 0 0 0 0 0
0 2 0 3 0 0 4 0 0 0 0 0
0 6 0 1 0 0 2 0 8 0 0 0
0 6 0 1 0 0 2 0 3 0 0 0
0 0 0 0 0 0 0 0 8 0 0 8
0 0 0 0 0 0 0 0 3 0 0 2
0 0 0 0 0 0 0 0 8 0 0 8
0 0 0 0 0 0 0 0 8 0 0 8
0 0 0 0 0 0 0 0 3 0 0 2
0 0 0 0 0 0 0 0 8 0 0 8
0 0 0 0 0 0 0 0 3 0 0 2
0 0 0 0 0 0 0 0 8 0 0 8
0 0 0 0 0 0 0 0 3 0 0 2
0 0 0 0 0 0 0 0 3 0 0 2"
05c8acf6.json,"1 1 1
1 1 1
1 1 1"
05e51828.json,"1 1 0 0 1 1
0 2 3 3 2 0
2 2 0 0 2 2
2 2 0 0 2 2
0 2 3 3 2 0
1 1 0 0 1 1"
05a6bcc7.json,"1 1 1 1 1 1 1 1 1 1 1 1
1 1 1 1 1 1 1 8 2 8 8 1
1 1 1 1 1 1 1 8 8 8 8 1
1 1 1 8 8 8 1 1 1 1 1 1
1 1 1 8 8 8 1 1 1 1 1 1
1 1 1 8 8 8 1 1 1 1 1 1
1 1 1 8 2 8 1 1 8 2 8 1
1 1 1 8 8 2 1 1 8 8 8 1
1 1 1 1 1 1 1 1 2 8 2 1
1 1 1 1 1 1 1 1 8 8 8 1
1 1 1 1 1 1 1 1 8 8 8 1
1 1 1 1 1 1 1 1 1 1 1 1"
0575aa9a.json,"0 0 0 0 0 0 0 0 0 0
0 0 0 0 0 0 0 0 0 0
0 0 0 0 0 0 0 0 0 0
0 0 0 0 0 2 2 2 0 0
0 0 0 0 0 2 9 2 0 0
0 0 0 0 0 2 2 2 0 0
0 0 0 0 0 0 0 0 0 0
0 0 0 0 0 0 0 0 0 0
0 0 0 0 0 0 0 0 0 0
0 0 0 0 0 0 0 0 0 0"
06152bc4.json,"0 0 0 0 0 0 0 0 0 0
0 0 0 0 0 0 4 4 4 4
7 7 7 7 7 7 0 4 4 0
0 7 7 7 7 0 0 4 4 0
0 0 7 7 0 0 0 0 0 0
0 0 7 7 0 0 0 0 0 0
0 0 0 3 3 3 3 3 3 0
0 0 0 0 3 3 3 3 0 0
0 0 0 0 3 3 0 0 0 0
0 0 0 0 3 3 0 0 0 0"
070b8dfe.json,"3 0 4 0
2 2 2 2
3 0 0 0
3 0 4 0"
067110be.json,"4 5 2
4 5 2
4 2 2"
07f4cdbd.json,"0 5 0
0 0 5
0 0 5"
08057cf6.json,"2 6 1
2 7 6
6 6 7"
08bee0c9.json,2 2 2 0 0
090173db.json,"3 4 9
3 3 9
3 4 9"
0a710c9d.json,"0 0 0 0 0 0 0 0 0 0 0 0 0 0 0
0 0 0 0 0 0 0 0 0 0 0 0 0 0 0
0 0 0 0 0 0 0 0 0 0 0 0 0 0 0
0 0 0 0 0 0 0 0 0 0 0 0 0 0 0
0 0 0 0 0 0 0 0 0 0 0 0 0 0 0
0 0 0 0 0 0 0 0 0 0 0 0 0 0 0
0 0 0 0 5 5 5 5 5 5 5 0 0 0 0
0 0 0 0 5 2 2 2 2 2 5 0 0 0 0
0 0 0 0 0 0 2 2 2 0 0 0 0 0 0
0 0 0 0 5 2 2 2 2 2 5 0 0 0 0
0 0 0 0 5 0 0 0 0 0 5 0 0 0 0
0 0 0 0 5 5 5 5 5 5 5 0 0 0 0
0 0 0 0 0 0 0 0 0 0 0 0 0 0 0
0 0 0 0 0 0 0 0 0 0 0 0 0 0 0
0 0 0 0 0 0 0 0 0 0 0 0 0 0 0"
0a80c04c.json,"2 2 2 2 2 2 2 2 2 2
2 2 1 2 1 2 2 2 2 2
2 2 2 2 2 2 2 1 2 2
2 1 2 1 2 2 2 2 2 2
2 2 2 2 2 2 2 2 2 2
2 2 2 2 2 1 2 2 1 2
2 2 1 2 2 2 2 2 2 2
2 2 2 2 2 2 2 2 2 2
2 2 2 2 1 2 2 1 2 2"
0a90cf76.json,"0 0 1 1 0 0
0 0 0 0 0 0
0 1 0 0 1 0"
0ac600f8.json,2
0acc3296.json,"0 0 0 0 0 0 0 0 0 0
0 0 0 0 0 0 0 0 0 0
0 0 5 5 5 5 5 0 0 0
0 0 5 8 8 8 8 5 0 0
8 8 8 8 8 8 8 8 8 8
0 0 5 8 8 8 8 5 0 0
0 0 5 5 5 5 5 0 0 0
0 0 0 0 0 0 0 0 0 0
0 0 0 0 0 0 0 0 0 0
0 0 0 0 0 0 0 0 0 0"
064b004a.json,"1 1 1 8 1 1 1 1
1 8 8 1 1 1 1 1
1 1 1 1 1 1 1 1
1 1 1 1 1 8 8 8
1 1 1 1 1 1 1 1
1 1 1 8 8 8 1 1
1 1 1 1 1 1 1 1"
0aee39ae.json,"1 5 2 2 5 1
6 2 2 2 2 6
6 2 2 2 2 6
6 2 2 2 2 6
6 2 2 2 2 6
1 5 2 2 5 1"
0c8c70c7.json,6 5 8
0d396bc8.json,Not enough information provided in the reasoning text to complete the grid.
0dcc1f4c.json,"8 2 5
9 5 1
7 4 8"
0e935e8e.json,"0 8 0 8 0 4 0 4 5 0 5 0
0 0 8 0 0 0 4 0 0 5 0 0
0 8 0 8 0 4 0 4 5 0 5 0
0 0 8 0 0 0 4 0 0 5 0 0
0 8 0 8 0 4 0 4 5 0 5 0
0 0 8 0 0 0 4 0 0 5 0 0"
0e9d2254.json,"6 6 7 7 0 0 0 0 5 5
6 6 7 7 0 0 0 0 5 5
0 0 0 0 2 2 2 2 5 5
0 0 0 0 2 2 2 2 5 5
0 0 1 1 1 1 8 8 0 0
0 0 1 1 1 1 8 8 0 0
0 0 0 0 1 1 8 8 3 3
0 0 0 0 1 1 8 8 3 3
0 0 0 0 0 0 8 8 0 0
0 0 0 0 0 0 8 8 0 0"
0f299605.json,"0 0 0 9 7 6 1 4 3 2 8
0 0 0 0 7 6 1 4 3 2 8
0 0 0 0 0 6 1 4 3 2 8
0 0 0 0 0 0 1 4 3 2 8
0 0 0 0 0 0 0 4 3 2 8
0 0 0 0 0 0 0 0 3 2 8
0 0 0 0 0 0 0 0 0 2 8
0 0 0 0 0 0 0 0 0 0 8"
0fbefe36.json,"0 0 0 0 0 0 0 0 0 0
5 5 5 5 0 0 0 0 1 1
5 5 5 5 0 0 0 0 1 1
0 0 0 0 0 0 0 0 1 1
0 0 6 6 6 6 6 0 1 1
0 0 6 6 6 6 6 0 1 1
0 0 6 6 6 6 6 0 1 1
0 0 6 6 6 6 6 0 1 1
0 0 0 0 0 0 0 0 0 0
5 0 0 0 6 0 0 0 1 0"
10710b06.json,"8 8 8 8 8 1 1 8
8 8 8 8 8 1 1 8
1 1 1 1 1 1 1 1
8 8 8 8 8 1 1 8
8 8 8 8 8 1 1 8
8 8 8 8 8 1 1 8
1 1 1 1 1 1 1 1
8 8 8 8 8 1 1 8
8 8 8 8 8 1 1 8"
10a1ecce.json,"2 2 2 2
5 5 5 5
1 1 1 1"
10e947c6.json,"1 1 1
1 1 1
1 1 1
1 1 1
1 1 1"
10f37aa4.json,"2 4 4
0 2 4
0 0 2
0 2 0
2 0 0
4 2 0
4 4 2
4 2 0
2 0 0
0 2 0
0 0 2
0 2 4
2 4 4
0 2 4
0 0 2
0 2 0
2 0 0
4 2 0
4 4 2
4 2 0
2 0 0
0 2 0
0 0 2
0 2 4
2 4 4"
115049c9.json,"0 0 5
6 7 0
2 6 0"
11917376.json,"0 0 6 0
0 0 0 0
6 0 0 0
6 0 0 0
0 0 6 6
0 6 6 0
0 6 6 6
0 6 6 0
0 0 0 6
6 6 0 0
6 6 0 0
6 0 0 0
6 6 6 0
6 0 6 0
0 0 0 6
6 0 6 0
6 6 6 0
0 6 0 0
6 0 6 0
6 0 6 6
0 6 6 6
0 6 6 0
0 6 6 6
6 6 0 0"
11e48acb.json,"0 0 6
0 6 6
6 0 6"
11ec963a.json,"0 0 0 0 0 0 0 0 0 0
0 0 0 0 0 2 0 0 0 2
0 0 0 0 0 1 0 2 0 1
0 0 2 0 0 2 0 1 0 2
0 0 1 0 0 0 0 2 0 0
0 0 2 1 2 0 0 1 0 0
0 0 0 0 1 0 0 2 0 0
0 0 0 0 2 0 0 1 0 0
0 0 0 0 0 0 0 2 0 0
0 0 0 0 0 0 0 0 0 0"
12724983.json,"0 0 0 0 8 0 0 0 0 0
0 0 0 0 8 0 0 0 0 0
0 0 0 0 8 0 0 0 0 0
0 0 0 0 8 0 0 0 0 0
0 0 0 0 8 0 0 0 0 0
0 0 0 0 8 0 0 0 0 0
8 8 8 8 8 8 8 8 8 8
0 0 0 0 8 0 0 0 0 0
0 0 0 0 8 0 0 0 0 0
0 0 0 0 8 0 0 0 0 0"
12fe39ca.json,Insufficient data provided in reasoning text to determine final grid.
1309c948.json,"4 0 0 0 0 0 0 4
3 3 3 3 0 0 0 0
0 0 3 0 0 0 0 0
0 0 3 3 0 0 0 0
0 0 2 2 0 0 0 0
2 2 2 0 0 0 0 0
2 0 2 0 0 0 0 0
4 0 0 0 0 0 0 4"
13b4adc3.json,"8 8 8
8 1 8
1 8 1"
149cd685.json,"0 0 0 0 0 0 0 0 0 0 0 0 0 0 0 0 0 0 0 0
0 0 0 3 0 0 0 0 0 0 0 0 0 0 0 0 0 0 0 0
0 0 0 3 0 0 0 0 0 0 0 0 0 0 0 0 0 0 0 0
0 0 0 3 0 0 0 0 0 0 0 0 0 0 0 0 0 0 0 0
0 0 0 3 0 0 0 0 0 0 0 0 0 0 0 0 0 0 0 0
0 0 0 3 0 0 0 8 8 8 8 8 8 8 0 0 0 0 0 0
0 0 0 3 0 0 0 0 0 0 0 0 0 0 0 0 0 0 0 0
0 0 0 3 0 0 0 0 0 0 0 0 0 0 0 0 0 0 0 0
0 0 0 3 0 0 0 0 0 0 0 0 0 0 0 0 0 0 0 0
0 0 0 3 0 0 0 0 5 0 0 0 0 0 0 0 0 0 0 0
0 0 0 3 0 0 0 0 5 0 0 0 0 0 0 0 0 0 0 0
0 0 0 3 0 0 0 0 5 0 0 0 0 0 0 0 0 0 0 0
0 0 0 3 0 0 7 7 5 7 7 7 7 0 0 0 0 0 0 0
0 0 0 3 0 0 0 0 5 0 0 0 0 0 0 0 0 0 0 0
0 0 0 3 0 0 0 0 5 0 0 0 0 0 0 0 0 0 0 0
0 0 0 3 0 0 0 0 5 0 0 0 0 0 0 0 0 0 0 0
0 0 0 3 0 0 0 0 5 0 0 0 0 0 0 0 0 0 0 0
0 0 0 3 0 0 0 0 0 0 0 0 0 0 0 0 0 0 0 0
2 2 0 2 2 2 2 2 0 2 2 2 2 2 2 2 0 0 0 0
0 0 0 0 0 0 0 0 0 0 0 0 0 0 0 0 0 0 0 0"
14b1eeaa.json,"0 0 0 0 0 0 0 0 0 0
1 1 1 1 1 0 0 0 0 0
0 0 0 0 0 0 0 0 0 0
0 0 0 0 0 0 0 0 0 0
4 4 4 4 4 0 0 0 0 0
0 0 0 0 0 0 0 0 0 0
0 0 0 0 2 0 0 0 0 0
0 0 0 0 2 0 0 0 0 0
0 0 0 0 2 0 0 0 0 0
0 0 0 0 0 0 0 0 0 0"
14f5ea73.json,"1 0 3 3 0 1
1 3 3 3 3 1
0 2 0 0 2 0
0 2 0 0 2 0
1 3 3 3 3 1
1 0 3 3 0 1"
161b175b.json,"8 8 8 4 4 4 4 4 4 4 4 4 8 8 8
8 8 8 4 6 6 6 6 6 6 6 4 8 8 8
8 8 8 4 6 3 3 3 3 3 6 4 8 8 8
8 8 8 4 6 6 6 6 6 6 6 4 8 8 8
8 8 8 4 4 4 4 4 4 4 4 4 8 8 8
4 4 4 4 4 4 8 8 8 8 8 8 8 8 8
4 6 6 6 6 4 8 8 8 8 8 8 8 8 8
4 6 3 3 6 4 8 8 8 8 4 4 4 4 4
4 6 3 3 6 4 8 8 8 8 4 6 6 6 4
4 6 3 3 6 4 8 8 8 8 4 6 3 6 4
4 6 6 6 6 4 8 8 8 8 4 6 3 6 4
4 4 4 4 4 4 8 8 8 8 4 6 3 6 4
8 8 8 8 8 8 8 8 8 8 4 6 6 6 4
8 8 8 8 8 8 8 8 8 8 4 6 6 6 4
8 8 8 8 8 8 8 8 8 8 4 4 4 4 4"
167827d0.json,"0 0 8 0 0 0 0 0 0 0 8 0 0
0 8 0 0 0 0 0 0 0 0 0 8 0
0 8 8 8 8 0 0 8 8 8 8 0 0
0 0 0 8 0 0 0 0 0 8 0 0 0
0 0 0 0 0 0 0 0 0 0 0 0 0
0 0 0 0 0 0 0 0 0 0 0 0 0
0 0 0 0 0 0 0 0 0 0 0 0 0
0 0 0 0 0 0 0 0 0 0 0 0 0
0 0 0 0 0 0 0 0 0 0 0 0 0
0 0 0 0 8 0 0 0 8 0 0 0 0
8 0 8 8 8 0 0 8 8 8 8 0 8
0 8 0 0 0 0 0 0 0 0 0 8 0
0 0 8 0 0 0 0 0 0 0 8 0 0"
167b7003.json,"0 0 0 0 0 0 0 0 0 0 0 0 0 0 0 0 0
0 0 0 0 0 3 3 3 0 0 0 0 0 0 0 0 0
2 0 2 0 2 3 2 3 2 0 2 0 2 0 2 0 2
0 0 0 0 0 3 3 3 0 0 0 0 0 0 0 0 0
0 0 0 0 0 0 0 0 0 0 0 0 0 0 0 0 0
0 0 0 0 0 0 0 0 0 0 0 0 0 0 0 0 0
0 0 0 0 0 0 0 0 0 0 0 0 0 0 0 0 0"
16ffb85c.json,8
1713862d.json,"8 8 8
3 3 3
4 4 4"
175922ee.json,"0 0 0 0 0 0 0 0 0 0 0 0 0 0 0 6 4 7 8 0
0 0 0 0 0 0 0 0 0 0 0 0 0 0 6 4 7 8 0 0
0 0 0 0 0 0 0 0 0 0 0 0 0 6 4 7 8 0 0 0
0 0 0 0 0 0 0 0 0 0 0 0 6 4 7 8 0 0 0 0
0 0 0 0 0 0 0 0 0 0 0 6 4 7 8 0 0 0 0 0
0 0 0 0 0 0 0 0 0 0 6 4 7 8 0 0 0 0 0 0
0 0 0 0 0 0 0 0 0 6 4 7 8 0 0 0 0 0 0 0
0 0 0 0 0 0 0 0 6 4 7 8 0 0 0 0 0 0 0 0
0 0 0 0 0 0 0 6 4 7 8 0 0 0 0 0 0 0 0 0
0 0 0 0 0 0 6 4 7 8 0 0 0 0 0 0 0 0 0 0
0 0 0 0 0 6 4 7 8 0 0 0 0 0 0 0 0 0 0 0
0 0 0 0 6 4 7 8 0 0 0 0 0 0 0 0 0 0 0 0
0 0 0 6 4 7 8 0 0 0 0 0 0 0 0 0 0 0 0 0
0 0 6 4 7 8 0 0 0 0 0 0 0 0 0 0 0 0 0 0
0 6 4 7 8 0 0 0 0 0 0 0 0 0 0 0 0 0 0 0
6 4 7 8 0 0 0 0 0 0 0 0 0 0 0 0 0 0 0 0
4 7 8 0 0 0 0 0 0 0 0 0 0 0 0 0 0 0 0 0
7 8 0 0 0 0 0 0 0 0 0 0 0 0 0 0 0 0 0 0
8 0 0 0 0 0 0 0 0 0 0 0 0 0 0 0 0 0 0 0
0 0 0 0 0 0 0 0 0 0 0 0 0 0 0 0 0 0 0 0"
17e1cf6c.json,"0 0 0 0 0 0 0 0 0 0 0 0 0 0 1 0 0 0
0 0 0 0 0 0 0 0 0 0 0 0 0 0 1 0 0 0
0 0 0 0 0 0 0 0 0 0 0 0 0 0 1 0 0 0
0 0 3 3 3 3 3 3 3 3 3 3 3 3 1 0 0 0
0 0 3 3 3 3 3 3 3 3 3 3 3 3 1 0 0 0
0 0 3 3 3 3 3 3 3 3 3 3 3 3 1 0 0 0
0 0 3 3 3 3 3 3 3 3 3 3 3 3 1 0 0 0
0 0 3 3 3 3 3 3 3 3 3 3 3 3 1 0 0 0
0 0 3 3 3 3 3 3 3 3 3 3 3 3 1 0 0 0
1 1 1 1 1 1 1 1 1 1 1 1 1 1 1 1 1 1
0 0 3 3 3 3 3 3 3 3 3 3 3 3 1 0 0 0
0 0 3 3 3 3 3 3 3 3 3 3 3 3 1 0 0 0
0 0 3 3 3 3 3 3 3 3 3 3 3 3 1 0 0 0
0 0 3 3 3 3 3 3 3 3 3 3 3 3 1 0 0 0
0 0 3 3 3 3 3 3 3 3 3 3 3 3 1 0 0 0
0 0 0 0 0 0 0 0 0 0 0 0 0 0 1 0 0 0
0 0 0 0 0 0 0 0 0 0 0 0 0 0 1 0 0 0
0 0 0 0 0 0 0 0 0 0 0 0 0 0 1 0 0 0
0 0 0 0 0 0 0 0 0 0 0 0 0 0 1 0 0 0"
18fbd1a7.json,"3 0 0 0 0 0 0 3
0 0 0 3 3 0 0 0
3 3 0 0 0 0 3 3
3 3 0 0 0 0 3 3
0 0 0 3 3 0 0 0
3 0 0 0 0 0 0 3"
19122b72.json,"0 0 0 0 0 0 0 0 0 0
0 3 0 0 0 0 0 3 0 0
0 0 0 0 0 0 2 0 0 0
0 0 0 0 0 2 2 0 0 0
0 0 0 0 2 2 2 0 0 0
0 0 2 2 2 2 2 0 0 0
0 0 0 0 0 0 2 0 0 0
0 3 0 0 0 0 0 3 0 0
0 0 0 0 0 0 0 0 0 0"
19a0ec95.json,Unable to provide a final grid as the reasoning text was truncated and the input grid was not provided.
19d24172.json,"3 8 8 0 0 0 0 8 8 3
3 8 8 0 0 0 0 8 8 3
3 8 8 0 0 0 0 8 8 3
3 8 8 0 0 0 0 8 8 3
3 8 8 0 0 0 0 8 8 3
3 8 8 0 0 0 0 8 8 3"
19e645d3.json,"9 9 9
5 5 5
6 6 6"
19f7a34f.json,"2 2 2 2 2 8 8 8 8 8
2 0 2 0 0 0 0 8 0 8
2 0 2 0 0 0 0 8 0 8
2 0 2 0 0 0 0 8 0 8
2 0 2 0 0 0 0 8 0 8
2 0 2 0 0 0 0 8 0 8
2 0 2 0 0 0 0 8 0 8
2 0 2 0 0 0 0 8 0 8
2 0 2 0 0 0 0 8 0 8
2 2 2 2 2 8 8 8 8 8"
1a110b1e.json,"0 0 0 0 0 0 0 0 0 0
0 0 0 0 0 0 0 0 0 0
0 0 5 5 5 5 5 0 0 0
0 0 5 8 8 8 5 0 0 0
0 0 5 8 8 8 8 8 8 8
0 0 5 8 8 8 5 0 0 0
0 0 5 8 8 8 5 0 0 0
0 0 5 5 5 5 5 0 0 0
0 0 0 0 0 0 0 0 0 0
0 0 0 0 0 0 0 0 0 0"
1a6058cc.json,"0 3 0 0 0
3 3 0 3 0
3 0 0 3 3
0 0 0 0 3
0 0 0 3 0
3 0 3 0 3"
1ab98981.json,"0 2 0 4 4
2 2 2 4 4
0 0 2 0 0
1 1 2 2 2
1 1 0 2 0"
1b124939.json,"2
3
5"
1b8bf9e1.json,"1 0 4
0 0 0
8 8 8"
1bce238c.json,"0 0 0 0 0 0 0 0 0 0
0 0 9 8 0 0 0 0 3 3
0 0 4 3 0 0 0 0 3 8
0 0 3 3 0 7 1 0 3 3
0 0 3 3 0 1 2 0 3 3
0 0 0 0 0 3 3 0 0 0
0 0 0 0 0 3 3 0 0 0
0 0 0 0 0 3 3 0 0 0
0 0 0 0 0 0 0 0 0 0
0 0 0 0 0 0 0 0 0 0"
1bd28b02.json,"0 0 0 0 0
0 0 0 8 0
0 0 8 8 8
0 0 0 0 0
0 0 0 0 0"
1c542d91.json,"0 0 0 1 0 0 0 0 0 0 0 0
0 0 0 0 0 0 0 0 0 0 0 0
0 0 0 0 0 0 0 0 0 0 0 0
0 0 0 0 0 0 0 0 0 0 0 0
0 0 0 3 0 0 0 0 0 0 0 0
0 0 3 3 3 0 0 0 0 0 0 0
0 0 0 3 0 0 0 0 0 0 0 0
0 0 0 0 0 0 0 0 0 0 0 0
0 0 0 0 0 0 0 0 0 0 0 0
0 0 0 0 0 0 0 0 0 0 0 0
0 0 0 1 0 0 0 0 0 0 0 0
0 0 0 0 0 0 0 0 0 0 0 0"
1c557f31.json,"0 0 0 0 0 0 0 0 8 8 8 0
0 0 0 0 0 0 0 8 3 3 3 8
0 0 0 0 0 0 0 8 3 8 3 8
0 0 0 0 0 0 0 8 3 3 3 8
8 8 8 8 8 8 8 8 8 8 8 0
8 8 8 8 8 8 8 8 0 0 0 0
8 8 3 3 3 3 8 8 0 0 0 0
8 8 3 8 8 3 8 8 0 0 0 0
8 8 3 8 8 3 8 8 0 0 0 0
8 8 3 3 3 3 8 8 0 0 0 0
8 8 8 8 8 8 8 8 0 0 0 0
8 8 8 8 8 8 8 8 0 0 0 0"
1c6836b4.json,"3 0 0 0 0
3 0 0 0 0
3 2 0 0 0
3 2 1 0 0
3 2 1 4 0
3 2 1 4 8"
1d2c24f6.json,"3 0 0 3
3 3 3 3
3 0 0 3
3 0 0 3
3 3 3 3
3 0 0 3
3 0 0 3
3 3 3 3
3 0 0 3"
1d468abf.json,"9 9 9 9 9 2 2 2 2 2 4 4 4 4 4 7 7 7 7 7 7 7 7 7 7
9 0 0 0 0 2 0 0 0 0 4 0 0 0 0 7 0 0 0 0 7 0 0 0 0
9 0 0 0 0 2 0 0 0 0 4 0 0 0 0 7 0 0 0 0 7 0 0 0 0
9 0 0 0 0 2 0 0 0 0 4 0 0 0 0 7 0 0 0 0 7 0 0 0 0
9 0 0 0 0 2 0 0 0 0 4 0 0 0 0 7 0 0 0 0 7 0 0 0 0
2 0 0 0 0 0 0 0 0 0 0 0 0 0 0 0 0 0 0 0 0 0 0 0 0
2 0 0 0 0 0 0 0 0 0 0 0 0 0 0 0 0 0 0 0 0 0 0 0 0
2 0 0 0 0 0 0 0 0 0 0 0 0 0 0 0 0 0 0 0 0 0 0 0 0
2 0 0 0 0 0 0 0 0 0 0 0 0 0 0 0 0 0 0 0 0 0 0 0 0
2 0 0 0 0 0 0 0 0 0 0 0 0 0 0 0 0 0 0 0 0 0 0 0 0
4 0 0 0 0 0 0 0 0 0 0 0 0 0 0 0 0 0 0 0 0 0 0 0 0
4 0 0 0 0 0 0 0 0 0 0 0 0 0 0 0 0 0 0 0 0 0 0 0 0
4 0 0 0 0 0 0 0 0 0 0 0 0 0 0 0 0 0 0 0 0 0 0 0 0
4 0 0 0 0 0 0 0 0 0 0 0 0 0 0 0 0 0 0 0 0 0 0 0 0
4 0 0 0 0 0 0 0 0 0 0 0 0 0 0 0 0 0 0 0 0 0 0 0 0
7 0 0 0 0 0 0 0 0 0 8 8 8 8 8 8 8 8 8 8 0 0 0 0 0
7 0 0 0 0 0 0 0 0 0 8 8 8 8 8 8 8 8 8 8 0 0 0 0 0
7 0 0 0 0 0 0 0 0 0 8 8 8 8 8 8 8 8 8 8 0 0 0 0 0
7 0 0 0 0 0 0 0 0 0 8 8 8 8 8 8 8 8 8 8 0 0 0 0 0
7 0 0 0 0 0 0 0 0 0 8 8 8 8 8 8 8 8 8 8 0 0 0 0 0
7 0 0 0 0 0 0 0 0 0 8 8 8 8 8 8 8 8 8 8 0 0 0 0 0
7 0 0 0 0 0 0 0 0 0 8 8 8 8 8 8 8 8 8 8 0 0 0 0 0
7 0 0 0 0 0 0 0 0 0 8 8 8 8 8 8 8 8 8 8 0 0 0 0 0
7 0 0 0 0 0 0 0 0 0 8 8 8 8 8 8 8 8 8 8 0 0 0 0 0
7 0 0 0 0 0 0 0 0 0 8 8 8 8 8 8 8 8 8 8 0 0 0 0 0"
070b84d5.json,"9 9 9 9 9 9 9 9 9 9 9 9 9 9 9
9 9 9 9 9 9 9 9 9 9 9 9 9 9 9
9 9 9 9 9 9 9 9 9 9 9 9 9 9 9
9 9 9 9 9 9 9 9 9 9 9 9 9 9 9
9 9 9 9 9 9 9 9 9 9 9 9 9 9 9
9 9 9 9 9 9 9 9 9 9 9 9 9 9 9
9 9 9 9 9 9 9 9 9 9 9 9 9 9 9
9 9 9 9 9 9 9 9 9 9 9 9 9 9 9
9 9 9 9 9 9 9 9 9 9 9 9 9 9 9
9 9 9 9 9 9 9 9 9 9 9 9 9 9 9
9 9 9 9 9 9 9 9 9 9 9 9 9 9 9
9 9 9 9 9 9 9 9 9 9 9 9 9 9 9
9 9 9 9 9 9 9 9 9 9 9 9 9 9 9
9 9 9 9 9 9 9 9 9 9 9 9 9 9 9
2 2 2 2 2 2 2 2 2 2 2 2 2 2 2"
1de12dc9.json,"8 0 0 1
0 7 3 0
0 7 3 0
8 0 0 3"
1e78da08.json,"0 0 3 0 0 0 0 0 3 0 0 0
0 3 0 0 0 0 0 3 0 0 0 0
3 0 3 3 3 0 3 0 3 3 3 0
0 0 0 0 3 0 0 0 0 0 3 0
0 0 0 0 0 0 0 0 0 0 0 0
0 0 0 0 0 0 0 0 0 0 0 0
0 0 3 0 0 0 0 0 3 0 0 0
0 3 0 0 0 0 0 3 0 0 0 0
3 0 3 3 3 0 3 0 3 3 3 0
0 0 0 0 3 0 0 0 0 0 3 0
0 0 0 0 0 0 0 0 0 0 0 0
0 0 0 0 0 0 0 0 0 0 0 0"
1fe73ca5.json,"2 9
9 6"
2026e2f0.json,"8 0 0 0 0 0 0 0 0 0
0 8 0 0 8 0 0 0 0 0
0 0 8 0 8 8 0 0 0 0
0 0 0 8 0 0 0 0 0 0
0 0 0 0 8 0 8 0 0 0
0 0 8 8 0 8 0 8 0 0
0 0 0 8 0 0 8 8 8 0
0 0 0 0 0 8 8 0 0 8
0 0 0 0 0 0 8 0 0 0
0 0 0 0 0 0 0 8 0 0"
203bbaba.json,"0 0 0 0 0 0 0 0 0 0
0 0 0 0 0 0 1 1 1 0
0 1 1 1 0 0 1 4 4 0
0 1 4 4 0 0 1 1 4 0
0 1 1 4 0 0 0 0 0 0
0 0 0 0 0 0 0 0 0 0
0 0 0 0 0 1 1 1 0 0
1 1 1 0 0 1 4 4 0 0
1 4 4 0 0 1 1 4 0 0
1 1 4 0 0 0 0 0 0 0"
206096ef.json,"2 2 2 0
2 0 2 2
0 2 0 2
0 2 2 0"
20b14116.json,"0 0 0 0 0 0 0 0 0
0 0 0 0 0 3 0 0 0
0 0 0 0 5 3 2 0 0
0 0 0 0 0 2 0 0 0
0 0 0 0 0 0 0 0 0
0 0 0 0 0 3 0 0 0
0 0 0 0 5 3 2 0 0
0 0 0 0 0 2 0 0 0
0 0 0 0 0 0 0 0 0"
20f94a8e.json,"0 0 0 0
0 0 3 0
3 0 3 0"
2244d184.json,"0 0 0 0 0 0 0 0 0 0 0 0 0 0 0 0 0 0 0 0
0 0 0 0 0 0 0 0 0 0 0 0 0 0 0 0 0 0 0 0
0 0 0 0 0 0 0 0 0 0 0 0 0 0 0 0 0 0 0 0
0 0 0 0 0 0 0 0 0 0 0 0 0 0 0 4 0 0 0 0
0 0 0 0 0 0 0 0 0 0 0 0 0 0 0 4 0 0 0 0
0 0 0 0 6 0 0 0 0 0 0 7 0 0 0 4 0 0 0 0
0 0 0 0 6 0 0 0 0 0 0 7 0 0 0 4 0 0 0 0
0 0 0 0 6 0 0 0 0 0 0 7 0 0 0 4 0 0 0 0
0 0 0 0 6 0 0 0 0 0 0 7 0 0 0 4 0 0 0 0
0 0 0 0 6 0 0 0 0 0 0 7 0 0 0 4 0 0 0 0
0 0 0 0 6 0 0 0 0 0 0 7 0 0 0 4 0 0 0 0
0 0 0 0 0 0 0 0 0 0 0 7 0 0 0 4 0 0 0 0
0 0 0 0 0 0 0 0 0 0 0 0 0 0 0 4 0 0 0 0
0 0 0 0 0 0 0 0 0 0 0 0 0 0 0 4 0 0 0 0
0 0 0 0 0 0 0 0 0 0 0 0 0 0 0 4 0 0 0 0
0 0 0 0 0 0 0 0 0 0 0 0 0 0 0 4 0 0 0 0
0 0 0 0 0 0 0 0 0 0 8 8 8 8 8 4 8 8 0 0
0 0 0 0 0 0 0 0 0 0 0 0 0 0 0 4 0 0 0 0
0 0 0 0 0 0 0 0 0 0 0 0 0 0 0 4 0 0 0 0
0 0 0 0 0 0 0 0 0 0 0 0 0 0 0 0 0 0 0 0"
2253b352.json,"0 0 0 0 0 0 0 0 0 0 0 0
0 0 0 0 0 0 0 0 3 0 3 0
0 0 0 0 0 0 0 0 3 0 3 0
0 0 0 0 0 0 0 0 3 0 3 0
0 3 0 0 0 0 0 0 3 0 3 0
0 3 0 0 0 0 0 0 0 0 0 0
0 3 0 0 0 0 0 0 0 0 0 0
0 3 0 0 0 0 0 1 1 0 1 1
0 3 0 0 0 0 0 1 0 0 0 1
0 3 0 0 0 0 0 1 0 0 0 1
0 3 0 0 0 0 0 1 0 0 0 1
0 3 3 3 3 0 0 1 1 1 1 1"
22eb7af8.json,"8 8 8 2 1 1 1 1 2 8 8 8 8
8 8 8 2 1 1 1 1 2 8 8 8 8
8 8 8 2 1 1 1 1 2 8 8 8 8
2 2 2 2 0 0 0 0 2 0 0 0 0
1 1 1 2 8 8 8 8 2 1 1 1 1
2 2 2 2 2 2 2 2 2 2 2 2 2
8 8 8 2 1 1 1 1 1 2 8 8 8
8 8 8 2 1 1 1 1 1 2 8 8 8
8 8 8 2 1 1 1 1 1 2 8 8 8
8 8 8 2 1 1 1 1 1 2 8 8 8
8 8 8 2 1 1 1 1 1 2 8 8 8
8 8 8 2 1 1 1 1 1 2 8 8 8
2 2 2 2 0 0 0 0 0 2 0 0 0
0 0 0 2 0 0 0 0 0 2 0 0 0
0 0 0 2 0 0 0 0 0 2 0 0 0
0 0 0 2 0 0 0 0 0 2 0 0 0"
2361d3ab.json,"8 8 5 0 2 8
2 2 0 0 2 8
0 0 0 0 0 5
5 0 0 0 0 0
8 2 0 0 2 2
8 2 0 5 8 8"
23af396b.json,"5 5 5 5 5 5
5 0 0 0 0 5
5 0 0 0 0 5
5 0 0 0 0 5
5 0 0 0 0 5
5 0 0 0 0 5
5 5 5 5 5 5"
24318e65.json,"1 1 1 1 1 1
1 9 9 9 9 1
1 9 0 0 9 1
1 9 0 0 9 1
1 9 9 9 9 1
1 1 1 1 1 1"
246d2e79.json,"5 5 5 5 2 5 2 2 5 3
2 2 5 5 5 5 2 5 5 5
5 5 1 5 5 5 5 5 5 3
5 5 1 5 5 5 5 5 3 5
2 5 5 2 5 5 2 5 3 3
2 5 5 5 5 5 2 5 5 5
5 1 1 5 5 5 5 5 5 5
5 5 1 5 5 5 5 5 3 5
5 5 5 3 5 5 2 5 3 5
2 5 5 5 5 5 2 2 5 5"
2498386c.json,"0 0 0 0 0 0 0 0 0 0 0 0 0 0 0
0 0 0 0 0 4 0 4 0 0 0 0 0 0 0
0 0 0 0 0 4 0 4 0 0 0 0 0 0 0
0 0 0 0 4 4 4 0 0 0 0 0 0 0 0
0 0 0 0 0 4 0 0 0 0 0 0 0 0 0
0 0 0 4 0 4 4 0 0 0 0 0 0 0 0
0 0 0 0 0 7 0 7 0 0 0 0 0 0 0
0 0 0 0 0 0 7 0 0 0 0 0 0 0 0
0 0 0 0 0 7 0 7 0 0 0 0 0 0 0
0 0 0 4 0 4 4 0 0 0 0 0 0 0 0
0 0 0 0 0 4 0 0 0 0 0 0 0 0 0
0 0 0 0 4 4 4 0 0 0 0 0 0 0 0
0 0 0 0 0 4 0 4 0 0 0 0 0 0 0
0 0 0 0 0 4 0 4 0 0 0 0 0 0 0
0 0 0 0 0 0 0 0 0 0 0 0 0 0 0"
249f603a.json,"0 0 0 0 0 0 0 0 0 0
5 0 5 0 5 0 0 0 5 2
0 0 0 0 0 0 0 0 0 0
5 0 5 0 5 0 0 0 5 2
0 0 0 0 0 0 0 0 0 0
5 0 5 0 5 0 0 0 5 2
0 0 0 0 0 0 0 0 0 0
0 0 0 0 0 0 0 0 0 0
5 0 5 0 5 0 0 0 5 2
2 0 2 0 2 0 0 0 2 0"
24a82b6b.json,"0 0 0 0 8 8 8 8 0 0 0 0
0 0 0 0 8 8 8 8 0 0 0 0
0 0 0 0 8 8 8 8 0 0 0 0
0 0 0 0 8 8 8 8 0 0 0 0
6 6 6 6 0 0 0 0 0 0 0 0
6 6 6 6 0 0 0 0 0 0 0 0
6 6 6 6 0 0 0 0 0 0 0 0
6 6 6 6 0 0 0 0 0 0 0 0
0 0 0 0 0 0 0 0 1 1 1 1
0 0 0 0 0 0 0 0 1 1 1 1
0 0 0 0 0 0 0 0 1 1 1 1
0 0 0 0 0 0 0 0 1 1 1 1"
2508d65c.json,"0 3 0 3 0 2 0 2 6 0 6 0
0 0 3 0 0 0 2 0 0 6 0 0
0 3 0 3 0 2 0 2 6 0 6 0
0 0 3 0 0 0 2 0 0 6 0 0
0 3 0 3 0 2 0 2 6 0 6 0
0 0 3 0 0 0 2 0 0 6 0 0"
252537f7.json,"4 4 4
5 5 5
3 3 3"
253e633a.json,1 1 1 0 0
25de6aee.json,"0 0 0 0 0 0 0 0 0 0
0 0 0 9 0 0 9 9 9 0
0 0 9 9 9 0 0 0 0 0
0 0 0 1 0 1 0 0 7 7
0 0 0 1 1 1 0 0 7 0
0 0 0 0 0 0 0 0 7 0
9 9 9 9 0 0 0 0 0 0
0 6 6 9 0 0 0 0 4 0
0 6 0 9 0 0 0 0 4 0
9 6 0 9 0 0 0 4 4 0"
261d659f.json,"5 0
0 5"
26a26b4f.json,"0 2 2 0
2 2 2 2
2 0 0 2
2 2 2 2"
26ab566d.json,"0 0 0 0 0 0 0 0 0 0
0 0 2 2 2 2 2 2 0 0
0 0 2 2 2 2 2 2 0 0
0 0 2 2 2 2 2 2 0 0
0 0 2 2 2 2 2 2 0 0
0 0 0 0 0 0 0 0 0 0
0 0 0 0 0 0 0 0 0 0
0 0 0 0 0 0 0 0 0 0
0 2 0 0 0 0 0 0 0 0
0 0 0 0 0 0 0 0 0 0"
26d930bd.json,"0 0 0 0 0 0 0 0 0 0
0 0 0 0 0 0 2 0 0 0
0 0 0 0 0 0 2 0 0 0
0 0 0 0 0 0 2 0 0 0
0 0 0 0 0 0 0 0 0 0
0 0 0 0 1 1 1 1 1 1
0 0 0 0 0 0 0 0 0 0
0 0 0 0 0 0 0 0 0 0
4 4 4 4 4 0 0 0 0 0
0 0 0 0 0 0 0 0 0 0"
2728f090.json,"0 0 0 1 0
1 0 0 0 0
1 0 0 0 0
1 0 0 0 0
0 0 0 1 0
1 0 0 0 0
0 0 0 1 0
1 0 0 0 0
1 0 0 0 0
1 0 0 0 0
0 0 0 1 0"
27e23128.json,"0 0 0 0 0 0 0 0 0 0 0 0 0
0 0 0 0 0 0 0 0 0 0 0 0 0
0 0 0 0 0 0 0 0 0 0 0 0 0
0 0 4 4 4 4 4 4 4 4 8 0 0
0 0 4 0 0 0 0 0 0 0 0 0 0
0 0 4 0 0 0 0 0 0 0 0 0 0
0 0 4 0 0 0 0 0 0 0 0 0 0
0 0 4 0 0 0 0 0 0 0 0 0 0
0 0 4 0 0 0 0 0 0 0 0 0 0
0 2 0 0 0 0 0 0 0 0 0 0 0
0 0 0 0 0 0 0 0 0 0 0 0 0
0 0 0 0 0 0 0 0 0 0 0 0 0"
27e9a0fa.json,Insufficient data provided to determine the final grid values.
2822a591.json,"0 0 0 0 0 0 0 0 0 0
0 0 0 0 0 0 0 0 0 0
0 7 0 0 8 0 0 0 7 0
0 0 0 0 0 0 0 0 0 0
0 0 0 0 0 0 0 0 0 8
0 0 0 0 0 0 0 0 0 0
7 7 7 7 7 7 2 2 8 8
0 0 0 0 0 0 2 2 0 0
0 0 0 0 0 0 8 0 0 0
0 7 0 0 0 0 8 0 0 0"
287c0020.json,"0 0 0 0 0 1 1 0 0 0
0 0 0 0 0 1 1 0 0 0
0 0 0 0 0 0 1 0 0 0
0 0 0 0 0 4 4 0 0 0
0 0 0 0 0 4 4 0 0 0
0 0 0 0 0 0 4 0 0 0
0 0 0 0 0 0 0 0 0 0
0 0 0 0 0 2 2 0 0 0
0 0 0 0 0 2 2 0 0 0
0 0 0 0 0 0 2 0 0 0"
28f3dcec.json,"0 4 0 6 0 6 0 4 0 6 0 6 0 4 0 6 0
6 4 6 6 4 6 6 4 6 6 4 6 6 4 6 6 4
6 0 6 0 4 0 6 0 6 0 4 0 6 0 6 0 4"
28f427e3.json,"1 1 1
1 1 1
1 1 1
1 1 1
1 1 1"
294510e0.json,"0 0 0 8 0 0 0 0 8 0
0 8 8 4 0 0 0 8 8 4
0 0 4 4 0 0 0 0 4 4
0 0 8 0 0 0 0 0 8 0
0 0 0 0 0 0 0 0 0 0
0 0 0 0 0 0 0 0 8 0
0 0 0 0 0 0 0 8 8 4
0 0 0 0 0 0 0 0 4 4
0 0 0 0 0 0 0 0 8 0
0 0 0 0 0 0 0 0 0 0"
295649a1.json,"0 0 0 0 0 0 0 0 0 0
0 0 0 0 0 0 0 1 0 0
0 0 0 0 1 0 0 2 0 0
0 0 0 0 2 0 0 1 0 0
0 0 1 0 1 0 0 2 0 0
0 0 2 0 0 0 0 1 0 0
0 0 1 0 0 1 0 2 0 1
0 0 0 0 0 2 0 1 0 2
0 0 0 0 0 1 0 0 0 1
0 0 0 0 0 0 0 0 0 0"
29836e31.json,"0 0 0 0 0 0 0 0 0 0 0 0 0 0 0 0 0 0 0 0 0
0 0 0 0 0 0 0 0 0 0 0 0 0 0 0 0 0 0 0 0 0
0 0 0 0 0 0 0 0 0 0 0 0 0 0 0 0 0 0 0 0 0
0 0 0 0 0 0 0 0 0 0 0 0 0 0 0 0 0 0 0 0 0
0 0 0 0 0 0 0 0 0 0 0 0 0 0 0 0 0 0 0 0 0
0 0 0 0 0 0 0 0 0 0 0 0 0 0 0 0 0 0 0 0 0
0 0 0 0 0 0 0 0 0 0 0 0 0 0 0 0 0 0 0 0 0
0 0 0 0 0 0 0 0 0 0 0 0 0 0 0 0 0 0 0 0 0
0 0 0 0 0 0 0 0 0 0 0 0 0 0 0 0 0 0 0 0 0
0 0 0 0 0 0 0 0 0 0 0 0 0 0 0 0 0 0 0 0 0
0 0 0 0 0 0 0 0 0 0 0 0 0 0 0 0 0 0 0 0 0
0 0 0 0 0 0 0 0 0 0 0 0 0 0 0 0 0 0 0 0 0
0 0 0 0 0 0 0 0 0 0 0 0 0 0 0 0 0 0 0 0 0
0 0 0 0 0 0 0 0 0 0 0 0 0 0 0 0 0 0 0 0 0
0 0 0 0 0 0 0 0 0 0 0 0 0 0 0 0 0 0 0 0 0
0 0 0 0 0 0 0 0 0 0 0 0 0 0 0 0 0 0 0 0 0
0 0 0 0 0 0 0 0 0 0 0 0 0 0 0 0 0 0 0 0 0
0 0 0 0 0 0 0 0 0 0 0 0 0 0 0 0 0 0 0 0 0
0 0 0 0 0 0 0 0 0 0 0 0 0 0 0 0 0 0 0 0 0
0 0 0 0 0 0 0 0 0 0 0 0 0 0 0 0 0 2 0 0 2 0
0 0 0 0 0 0 0 0 0 0 0 0 0 0 0 2 0 0 2 0 0"
2cca9e33.json,"6 6
6 6"
1daebed7.json,"8 0 0 0 8 0 0 8 0 8 8 8 0 0 8 0 0
8 0 8 8 8 0 0 0 0 0 8 0 8 8 2 8 8
0 0 0 0 8 0 0 8 0 0 8 8 8 2 4 2 8
0 0 0 8 8 0 0 8 0 0 8 8 8 2 4 2 8
0 0 8 8 0 8 8 8 8 0 0 8 0 2 4 2 0
0 8 0 8 0 0 8 0 0 8 0 0 0 2 4 2 8
0 0 0 8 8 0 0 8 8 8 8 0 0 2 4 2 0
0 0 8 8 0 8 8 8 8 0 0 0 8 8 0 0 0
8 8 8 8 8 2 4 2 8 0 0 8 0 0 0 8 0
8 0 8 0 8 2 4 2 8 8 8 8 8 0 0 8 0
0 0 0 0 0 2 4 2 8 8 2 8 8 0 0 8 0
0 0 0 0 8 2 4 2 0 0 2 4 2 0 8 8 0
8 8 2 0 0 8 8 8 0 8 0 8 8 8 8 0 0
8 2 8 0 0 0 0 0 0 0 8 0 0 8 8 0 0
8 2 8 0 0 8 0 8 8 8 0 0 8 8 8 8 0
0 2 4 0 8 8 0 8 0 0 8 8 8 8 8 0 0
0 2 4 0 8 8 0 0 0 8 8 8 0 8 8 8 0
0 8 0 0 0 8 0 8 0 8 0 0 8 8 0 0 8"
0bc6ef6a.json,"8 0 0
3 0 0
8 0 8"
2daba3eb.json,"2 8 8 0 0 0 8 0
0 1 2 1 1 8 0 2
8 0 0 8 8 8 2 8
1 8 2 8 8 2 0 8
1 2 0 1 0 8 0 1
1 8 1 1 8 8 0 2
0 1 1 8 0 8 0 0
1 2 8 1 2 8 8 0
0 8 1 8 0 8 8 2"
2e5464af.json,"0 0 0 0 0 0 0 0 0 0 0 0 0 0 0 0 0
0 0 0 0 0 0 0 0 0 0 0 0 0 0 0 0 0
0 0 0 0 0 0 0 0 0 0 0 0 0 0 0 0 0
0 0 0 0 0 0 0 0 0 0 0 2 2 2 2 2 0
0 0 0 0 0 0 0 3 3 3 3 2 2 2 2 2 0
0 0 0 0 0 0 0 3 3 3 3 2 2 2 2 2 0
0 0 0 0 0 0 0 3 3 3 3 2 2 2 2 2 0
0 0 0 0 0 0 0 0 0 0 0 2 2 2 2 2 0
0 0 0 0 0 0 0 0 0 0 0 2 2 2 2 2 0
0 0 0 0 0 0 0 0 0 0 0 2 2 2 2 2 0
0 0 0 0 0 0 0 0 0 0 0 2 2 2 2 2 0
0 0 0 0 0 0 0 0 0 0 0 0 0 0 0 0 0"
2e6ad090.json,"8 8 8 8 8
4 4 4 4 4
3 3 3 3 3
2 2 2 2 2
1 1 1 1 1
8 8 8 8 8
4 4 4 4 4
3 3 3 3 3
2 2 2 2 2
1 1 1 1 1
5 5 5 5 5
8 4 3 2 1"
2eb8b8a6.json,"0 0 0 0 0 8 8 8 2 2
0 0 0 0 0 0 0 0 0 0
0 0 0 0 0 0 0 0 8 2
0 0 0 0 0 0 0 0 0 0
0 8 8 8 8 8 2 2 2 2
0 0 0 0 0 0 0 0 0 0
8 8 8 8 8 2 2 2 2 2
0 0 0 0 0 0 0 0 0 0
0 0 0 0 0 0 0 0 0 0"
2f4dc5e6.json,"1 1 1 1 1 1
8 1 1 1 1 8
8 8 8 8 8 8"
2f7716d6.json,"0 0 0 3 3 0 0
0 0 0 3 0 0 4
0 0 0 3 3 0 0
0 0 0 0 6 6 0
0 0 0 0 6 0 4
0 0 0 0 6 6 0
0 0 0 0 0 0 0
0 0 0 0 0 1 1
0 0 0 0 0 1 4
0 0 0 0 0 1 1
0 0 0 0 0 0 0"
2fd8c455.json,"0 0 0 0 0 8 8
0 0 0 0 0 1 8
0 0 8 1 0 0 0
0 0 8 8 0 0 0
0 0 0 0 0 0 0
8 8 0 0 1 8 0
8 1 0 0 8 8 0"
30c55c1b.json,"1 0 0 0 0
0 1 6 0 0
0 6 5 5 0
0 6 0 4 4
1 0 0 0 0
0 1 6 0 0
0 6 5 5 0
0 6 0 4 4"
3379ece0.json,"6 6 0 0 6 6
0 6 0 0 6 0
0 0 6 6 0 0"
337e7767.json,7
33ceb969.json,"0 0 0 0 0 0 0 0 0 0
0 0 0 0 0 0 0 0 0 0
0 0 0 0 0 0 0 0 0 0
7 0 7 0 7 0 7 0 0 0
0 7 0 7 0 7 0 7 0 0
0 0 0 0 0 0 0 0 0 0
0 0 0 0 0 0 0 0 0 0
0 0 0 0 0 0 0 0 0 0
0 0 0 0 0 0 0 0 0 0
0 0 0 0 0 0 0 0 0 0"
3447151b.json,"8 2 3 4 1 6 7 9
8 2 3 4 1 6 7 0
8 2 3 4 1 6 7 0
8 2 3 4 1 0 0 0
8 2 3 4 0 0 0 0
8 2 3 0 0 0 0 0
8 2 0 0 0 0 0 0
8 0 0 0 0 0 0 0"
34d6e31c.json,"2 2 2 2 2 2 2 2 2 2 2 2
2 2 2 2 2 2 2 2 2 2 2 2
2 2 2 2 2 2 2 2 2 2 2 2
2 2 2 2 2 2 2 8 2 2 2 2
2 2 2 2 2 2 2 2 8 2 2 2
2 2 2 2 2 2 2 2 2 2 2 2
2 2 2 8 2 2 2 2 2 2 2 2
2 8 2 2 2 2 2 2 2 2 2 2
2 2 2 8 2 2 2 2 2 2 2 2
2 2 2 2 2 2 2 2 2 2 2 2
2 2 2 2 2 2 2 2 2 2 2 2
2 2 2 2 2 2 2 2 2 2 2 2"
34e8e22f.json,"8 8 8 8 0 0 0 0 0 0 0 0
8 8 8 8 0 0 0 0 0 0 0 0
8 8 8 8 0 0 0 0 0 0 0 0
8 8 8 8 0 0 0 0 0 0 0 0
8 8 8 8 3 3 3 3 1 1 1 1
8 8 8 8 3 3 3 3 1 1 1 1
8 8 8 8 3 3 3 3 1 1 1 1
8 8 8 8 3 3 3 3 1 1 1 1
0 0 0 0 9 9 9 9 0 0 0 0
0 0 0 0 9 9 9 9 0 0 0 0
0 0 0 0 9 9 9 9 0 0 0 0
0 0 0 0 9 9 9 9 0 0 0 0"
3513e494.json,"0 0 0 0 0
0 0 0 0 0
0 0 0 0 0
5 0 5 0 0
1 5 1 5 5"
353d12cf.json,"7 7 8 1 9 8 2 6 6 2 8 9 1 8 7 7
7 1 1 8 8 8 6 6 6 6 8 8 8 1 1 7
8 1 6 9 2 6 6 1 1 6 6 2 9 6 1 8
1 8 9 1 6 6 1 1 1 1 6 6 1 9 8 1
9 8 2 6 8 7 6 6 6 6 7 8 6 2 8 9
8 8 6 6 7 7 6 5 5 6 7 7 6 6 8 8
2 6 6 1 6 6 5 5 5 5 6 6 1 6 6 2
6 6 4 4 4 5 5 7 7 5 5 6 1 1 6 6
6 6 4 4 4 5 5 7 7 5 5 6 1 1 6 6
2 6 6 1 6 6 5 5 5 5 6 6 1 6 6 2
8 8 6 6 7 7 6 5 5 6 7 7 6 6 8 8
9 8 2 6 8 7 6 6 6 6 7 8 6 2 8 9
1 8 9 1 6 6 1 1 1 1 6 6 1 9 8 1
8 1 6 9 2 6 6 1 1 6 6 2 9 6 1 8
7 1 1 8 8 8 6 6 6 6 8 8 8 1 1 7
7 7 8 1 9 8 2 6 6 2 8 9 1 8 7 7"
357490e7.json,
360a2589.json,"3 0 3 3 0 0
0 3 0 3 3 0
3 0 0 0 0 0
0 0 0 0 3 3
3 0 0 3 3 0"
36a13b85.json,"2 2 2 2 0 0 0 0 0 0 0 0
2 2 2 2 0 0 0 0 0 0 0 0
2 2 2 2 0 0 0 0 0 0 0 0
2 2 2 2 0 0 0 0 0 0 0 0
0 0 0 0 0 0 0 3 0 0 0 0
0 0 0 0 0 0 3 0 3 0 0 0
0 0 0 0 0 3 0 0 3 0 0 0
0 0 0 0 3 0 0 0 0 8 0 0
0 0 0 3 0 0 0 0 0 0 8 0
0 0 3 0 0 0 0 0 0 0 0 0
0 3 0 0 0 0 0 0 0 0 0 0
3 0 0 0 0 0 0 0 0 0 0 0"
36f50878.json,"6 6 6 8 6 6 6 6 6 6 6 8 6 6 6
6 6 6 8 6 6 6 6 6 6 6 8 6 6 6
6 6 6 8 6 6 6 6 6 6 6 8 6 6 6
6 6 6 8 6 6 6 6 6 6 6 8 6 6 6
6 1 1 1 1 1 6 6 6 6 6 8 6 6 6
6 1 6 8 6 1 6 6 6 6 6 8 6 6 6
8 1 8 8 8 1 8 8 8 8 8 8 8 8 8
6 1 6 8 6 1 6 6 6 1 1 1 1 1 6
6 1 1 1 1 1 6 6 6 1 6 8 6 1 6
8 8 8 8 8 8 8 8 8 1 8 8 8 1 8
6 6 6 8 6 6 6 6 6 1 6 8 6 1 6
6 6 6 8 6 6 6 6 6 1 1 1 1 1 6
6 6 6 8 6 6 6 6 6 6 6 8 6 6 6
6 6 6 8 6 6 6 6 6 6 6 8 6 6 6
6 6 6 8 6 6 6 6 6 6 6 8 6 6 6"
37102933.json,6
3737ff52.json,"0 0 0 0 0 4 0 0 0 4
0 0 0 0 0 0 2 2 2 0
0 0 0 0 0 0 2 2 2 0
0 0 0 0 0 0 2 2 2 0
0 0 0 0 0 4 0 0 0 4
0 0 0 0 0 0 0 0 0 0
0 4 0 0 4 0 0 0 0 0
0 0 2 2 0 0 0 0 0 0
0 0 2 2 0 0 0 0 0 0
0 4 0 0 4 0 0 0 0 0"
38b45b9a.json,"1 0 1
1 0 0
0 1 1"
392c8a24.json,0
39bdcd90.json,"5 5 5 5 2
9 9 6 6 4
9 9 9 6 6
9 9 6 9 6
9 9 9 9 9"
3aa057db.json,"0 0 0 0 0 0 0 0 0 0 1 0 0 0 0 0
0 0 0 0 0 0 0 0 0 0 1 0 0 0 0 0
0 0 0 0 0 0 0 0 0 0 1 0 0 0 0 0
0 0 0 0 0 0 0 0 0 0 1 0 0 0 0 0
0 0 0 0 0 0 0 0 0 0 1 0 0 0 0 0
0 0 0 0 0 0 0 0 0 0 1 0 0 0 0 0
0 0 0 0 0 0 0 0 0 0 1 0 0 0 0 0
0 0 0 0 0 0 0 0 0 0 1 0 0 0 0 0
0 0 0 0 0 0 0 0 0 0 1 0 0 0 0 0
0 0 0 0 0 0 0 0 0 0 1 0 0 0 0 0
0 0 0 0 0 0 0 0 0 0 1 0 0 0 0 0
0 0 0 0 0 0 0 0 0 0 1 0 0 0 0 0
0 0 0 0 0 0 0 0 0 0 1 0 0 0 0 0
0 0 0 0 0 0 0 0 0 0 1 0 0 0 0 0
0 0 0 0 0 0 0 0 0 0 1 0 0 0 0 0
1 1 1 1 1 1 1 1 1 1 1 1 1 1 1 1
0 0 0 0 0 0 0 0 0 0 1 0 0 0 0 0
0 0 0 0 0 0 0 0 0 0 1 0 0 0 0 0
0 0 0 0 0 0 0 0 0 0 1 0 0 0 0 0"
3ab1e159.json,"0 0 0 0 0 0 0 0 0 0 0 0 0 0 0 0 0 0
0 0 0 0 0 0 0 0 0 0 0 0 0 0 0 0 0 0
1 1 3 1 1 3 1 1 3 1 1 3 1 1 3 1 1 3
1 1 3 1 1 3 1 1 3 1 1 3 1 1 3 1 1 3
0 0 0 0 0 0 0 0 0 0 0 0 0 0 0 0 0 0"
3ab36004.json,"0 8 8 8 8 8 8 8 8 8 8 8 8 8 8 8 0
2 0 0 0 0 0 0 0 0 0 0 0 0 0 0 0 1
2 0 0 0 0 1 0 0 0 0 0 0 0 8 0 0 1
2 0 0 0 0 0 0 0 0 0 0 0 0 0 0 0 1
2 0 4 0 0 0 0 0 4 0 0 0 0 0 0 0 1
2 0 0 0 0 0 0 0 0 0 0 0 0 0 0 0 1
2 0 0 0 0 0 0 0 0 0 0 0 2 0 0 0 1
2 0 0 0 0 0 0 0 0 0 0 0 0 0 0 0 1
2 0 0 8 0 0 0 0 0 0 1 0 0 0 0 0 1
2 0 0 0 0 0 0 0 0 0 0 0 0 0 0 0 1
2 0 0 0 0 0 0 0 0 0 0 0 0 2 0 0 1
2 0 0 0 1 0 0 0 0 8 0 0 0 0 0 0 1
2 0 0 0 0 0 0 0 0 0 0 0 0 0 0 0 1
0 4 4 4 4 4 4 4 4 4 4 4 4 4 4 4 0"
3ab8310f.json,"0 0 0 0 0 0 0 7 7 7 7 7 7 7 7 7 7 0 0 0
0 0 0 0 0 0 0 7 1 1 1 1 1 1 1 7 0 0 0 0
0 0 0 0 0 0 0 7 1 1 1 1 1 1 1 7 0 0 0 0
7 7 7 7 7 0 0 7 1 1 1 1 1 1 1 7 0 0 0 0
7 2 2 2 7 0 0 7 1 1 1 1 1 1 1 7 0 0 0 0
7 2 2 2 7 0 0 7 1 1 1 1 1 1 1 7 0 0 0 0
7 2 2 2 7 0 0 7 1 1 1 1 1 1 1 7 0 0 0 0
7 7 7 7 7 0 0 7 1 1 1 1 1 1 1 7 0 0 0 0
0 0 0 0 0 0 0 7 1 1 1 1 1 1 1 7 0 0 0 0
0 0 0 0 0 0 0 7 7 7 7 7 7 7 7 7 0 0 0 0
0 0 0 0 0 0 0 0 0 0 0 0 0 0 0 0 0 0 0 0
0 0 0 0 0 0 0 0 0 0 0 0 0 0 0 0 0 0 0 0
0 0 7 7 7 7 7 7 7 0 7 7 7 7 7 7 7 0 0 0
0 0 7 1 1 1 1 1 7 0 7 2 2 2 2 2 7 0 0 0
0 0 7 1 1 1 1 1 7 0 7 2 2 2 2 2 7 0 0 0
0 0 7 1 1 1 1 1 7 0 7 2 2 2 2 2 7 0 0 0
0 0 7 1 1 1 1 1 7 0 7 2 2 2 2 2 7 0 0 0
0 0 7 1 1 1 1 1 7 0 7 2 2 2 2 2 7 0 0 0
0 0 7 7 7 7 7 7 7 0 7 7 7 7 7 7 7 0 0 0
0 0 0 0 0 0 0 0 0 0 0 0 0 0 0 0 0 0 0 0"
3b1ba621.json,"8 8 8 8 8 8
8 8 8 8 8 8
8 8 3 3 8 8
8 8 3 3 8 8
8 8 8 8 8 8
8 8 8 8 8 8"
3bc467c8.json,"8 8 8 8 8 8 8 8 8 8 8 8 8 8
3 3 8 2 3 3 3 2 3 3 8 8 8 8
3 8 8 2 8 8 8 2 8 8 8 8 8 8
3 3 8 2 8 8 8 2 8 8 8 3 3 8
3 2 2 2 2 2 2 2 2 2 2 2 8 8
3 2 2 2 2 2 2 2 2 2 2 2 8 8
3 8 8 2 8 8 8 2 8 8 8 8 8 8
3 8 8 2 8 8 8 2 8 8 8 8 8 8
3 8 8 2 8 8 8 2 8 8 8 8 8 8
3 8 8 2 8 8 8 2 8 8 8 8 8 8
3 8 8 2 8 8 8 2 8 8 8 8 8 8
3 3 8 2 8 8 8 2 8 8 8 8 8 8
3 3 3 2 3 3 3 2 3 3 3 8 8 8
3 3 3 3 3 3 3 3 3 3 3 3 3 3"
3c06d5f3.json,"0 0 0 0 0 0 0 0 0
8 8 8 8 8 8 0 0 0
2 2 2 8 8 8 0 0 0
2 2 8 8 8 8 0 0 0
2 2 2 2 8 8 0 0 0
2 8 2 2 2 8 0 0 0
2 8 8 8 8 8 0 0 0
2 2 2 2 8 8 0 0 0
0 0 0 0 0 0 0 0 0
0 0 0 0 0 0 0 0 0
0 0 0 0 0 0 0 0 0"
3c2d97d4.json,"5 1 5 0 0 0 0 0 0
1 0 1 0 0 0 5 1 5
5 1 5 0 0 0 1 0 1
0 0 5 1 5 0 5 1 5
0 0 1 0 1 0 0 0 0
0 0 5 1 5 0 0 0 0
0 0 0 0 5 1 5 0 0
0 0 0 0 1 0 1 0 0
0 0 0 0 5 1 5 0 0"
3c444483.json,"1 8 1
1 1 1
8 1 8"
3cd8f567.json,"5 5 8
1 5 5
5 5 1
5 1 5
1 8 8"
3e0a85fb.json,"3
2
1
8"
3e595af6.json,"7 7 7 4 4 0
7 0 7 4 4 4
7 0 7 4 0 0
0 4 4 1 0 1
0 4 4 0 1 1
4 0 4 1 0 1"
3eb261da.json,"3 5 5 0 0 0 0 5 5 3
3 5 5 0 0 0 0 5 5 3
3 5 5 0 0 0 0 5 5 3
3 5 5 0 0 0 0 5 5 3
3 5 5 0 0 0 0 5 5 3
3 5 5 0 0 0 0 5 5 3"
3f4cff57.json,"4 5 3 3 5 4
2 5 2 2 5 2
4 5 3 3 5 4"
3f7b6909.json,"2 2 2 0
2 2 2 2
2 0 2 0
2 2 2 0"
3f92cc06.json,"7 7 4 7
7 7 7 7
7 8 7 7
4 7 7 8"
414329f0.json,"0 0 0 0 0 6 0 0 9 0
0 0 0 0 6 0 0 9 0 0
0 0 0 6 0 0 9 0 0 0
0 0 6 0 0 9 3 0 0 0
0 0 0 0 9 0 0 3 0 0
2 0 0 9 0 0 0 0 3 0
0 2 9 0 0 0 7 0 0 3
0 0 2 0 0 0 0 7 0 0
0 0 0 2 0 0 0 0 7 0
0 0 0 0 2 0 0 0 0 7"
42169da2.json,"2 2 0
0 5 0
9 0 4"
425720ff.json,"0 0 0 0 0 0 0 0 0 0
0 0 0 0 0 0 0 0 0 0
0 0 0 0 8 8 8 8 8 0
0 0 0 0 8 8 8 8 8 0
0 0 0 0 8 8 8 8 8 0
0 0 0 0 0 0 0 0 0 0
0 8 8 8 0 0 0 0 0 0
0 8 8 8 0 0 0 0 0 0
0 0 0 0 0 0 0 0 0 0
0 0 0 0 0 0 0 0 0 0"
42987e01.json,"1 3 4
4 9 3
5 5 3"
42c8c185.json,"0 0 0 9 0 0 0 0 0 0
0 0 0 0 9 0 0 0 0 0
0 0 0 0 0 9 0 0 0 0
9 0 0 9 0 0 9 0 0 0
0 9 0 0 9 0 0 0 0 0
0 0 9 0 0 9 0 0 0 0
0 0 0 0 0 0 9 0 0 0
0 0 0 0 0 0 0 9 0 0
0 0 0 0 0 9 0 0 9 0
0 0 0 0 0 0 9 0 0 9"
43289d29.json,"2 6 3 1 7 8 5
2 6 3 1 7 8 5
2 6 3 1 7 8 5
2 6 3 1 7 8 5
2 6 3 1 7 8 5
2 6 3 1 7 8 5
2 6 3 1 7 8 5"
4332a5fa.json,"0 0 0 0 0 0 0 0 0 0
0 0 0 0 0 1 1 0 0 0
0 0 0 0 0 1 1 0 0 0
0 0 0 0 1 0 0 0 0 0
0 0 0 0 0 4 4 0 0 0
0 0 0 0 0 4 4 0 0 0
0 0 0 0 4 0 0 0 0 0
0 0 0 0 0 0 0 0 0 0
0 0 0 0 0 2 2 0 0 0
0 0 0 0 0 2 2 0 0 0"
436f0cd8.json,"0 0 0 0 0 4 0 0 0 0 0 0 0 0 0 0 0 0 0 0
0 0 0 0 0 2 0 0 0 0 0 0 0 0 0 0 0 0 0 0
0 0 0 0 0 8 0 0 0 0 0 0 0 0 0 0 0 0 0 0
0 0 0 0 0 1 0 0 0 0 0 0 0 0 0 0 0 0 0 0
0 0 0 0 0 4 0 0 0 0 0 0 0 0 0 0 0 0 0 0
0 0 0 0 0 2 0 0 0 0 0 0 0 0 0 0 0 0 0 0
0 0 0 0 0 8 0 0 0 0 0 0 0 0 0 0 0 0 0 0
0 0 0 0 0 1 0 0 0 0 0 0 0 0 0 0 0 0 0 0
0 0 0 0 0 4 0 0 0 0 0 0 0 0 0 0 0 0 0 0
0 0 0 0 0 2 0 0 0 0 0 0 0 0 0 0 0 0 0 0
0 0 0 0 0 8 0 0 0 0 0 0 0 0 0 0 0 0 0 0
0 0 0 0 0 1 0 0 0 0 0 0 0 0 0 0 0 0 0 0
0 0 0 0 0 4 0 0 0 0 0 0 0 0 0 0 0 0 0 0
4 8 2 1 4 8 2 1 4 8 2 1 4 8 2 1 4 8 2 1
0 0 0 0 0 8 0 0 0 0 0 0 0 0 0 0 0 0 0 0
0 0 0 0 0 1 0 0 0 0 0 0 0 0 0 0 0 0 0 0
0 0 0 0 0 4 0 0 0 0 0 0 0 0 0 0 0 0 0 0
0 0 0 0 0 2 0 0 0 0 0 0 0 0 0 0 0 0 0 0
0 0 0 0 0 8 0 0 0 0 0 0 0 0 0 0 0 0 0 0
0 0 0 0 0 1 0 0 0 0 0 0 0 0 0 0 0 0 0 0"
43a1be05.json,"0 0 5
0 0 0
0 0 5"
43c5450b.json,"0 0 0 9 0 0 0 9 0 0 0
0 0 0 9 0 0 0 9 0 0 0
0 0 0 9 0 0 0 9 0 0 0
9 9 9 9 9 9 9 9 9 9 9
0 0 0 9 0 0 0 9 0 0 0
0 0 0 9 0 0 0 9 0 0 0
0 0 0 9 0 0 0 9 0 0 0
9 9 9 9 9 9 9 9 9 9 9
0 2 0 9 0 0 0 9 0 0 0
0 8 0 9 0 0 0 9 0 0 0
1 0 7 9 0 0 0 9 0 0 0"
43ec8f4a.json,"2 2 0 6
2 0 6 6
4 4 3 3
0 4 0 3"
43fb486b.json,"0 0 0 0 0 0 0
0 0 0 0 0 0 0
0 0 0 8 0 0 0
0 0 0 6 0 0 0
0 0 0 3 0 0 0
0 0 0 0 0 0 0
0 0 0 0 0 0 0"
44129a15.json,"0 0 0 5 0 0 0 5 0 0 0
0 0 0 5 0 0 0 5 0 0 0
0 0 0 5 0 0 0 5 0 0 0
5 5 5 5 5 5 5 5 5 5 5
0 0 0 5 0 0 0 5 0 0 0
0 0 0 5 0 0 0 5 0 0 0
0 0 0 5 0 0 0 5 0 0 0
5 5 5 5 5 5 5 5 5 5 5
4 4 4 5 0 0 0 5 0 0 0
4 4 4 5 0 0 0 5 0 0 0
4 4 4 5 0 0 0 5 0 0 0"
447ad3c4.json,"0 0 0 0 2 2 2 2 2 2
0 0 0 0 2 5 5 5 5 2
0 0 0 0 2 5 5 5 5 2
0 0 0 0 2 5 5 5 5 2
0 2 2 2 2 2 2 5 5 2
0 2 5 5 5 5 2 5 5 2
0 2 5 5 5 5 2 5 5 2
0 2 5 5 5 5 2 2 2 2
0 2 5 5 5 5 2 0 0 0
0 2 2 2 2 2 2 0 0 0"
450c4bc5.json,"0 0 0 0 8 0 0 0 0
0 0 0 8 8 8 0 0 0
0 0 0 0 0 8 0 0 0
0 0 0 4 4 0 0 4 4
0 0 0 4 4 4 4 4 4
0 0 0 4 0 4 4 0 4"
454575c8.json,"8 1 5 2 1 2 8 1 5 2 1 2 8 1 5 2 1 2 8 1 5 2 1 2 8 1 5 2 1
1 3 2 1 9 8 1 3 2 1 9 8 1 3 2 1 9 8 1 3 2 1 9 8 1 3 2 1 9
2 2 1 2 2 1 2 2 1 2 2 1 2 2 1 2 2 1 2 2 1 2 2 1 2 2 1 2 2
2 1 9 5 1 3 2 1 9 5 1 3 2 1 9 5 1 3 2 1 9 5 1 3 2 1 9 5 1
1 2 8 1 5 5 1 2 8 1 5 5 1 2 8 1 5 5 1 2 8 1 5 5 1 2 8 1 5
9 2 1 9 2 1 9 2 1 9 2 1 9 2 1 9 2 1 9 2 1 9 2 1 9 2 1 9 2
8 1 5 2 1 2 8 1 5 2 1 2 8 1 5 2 1 2 8 1 5 2 1 2 8 1 5 2 1
1 3 2 1 9 8 1 3 2 1 9 8 1 3 2 1 9 8 1 3 2 1 9 8 1 3 2 1 9
2 2 1 2 2 1 2 2 1 2 2 1 2 2 1 2 2 1 2 2 1 2 2 1 2 2 1 2 2
2 1 9 5 1 3 2 1 9 5 1 3 2 1 9 5 1 3 2 1 9 5 1 3 2 1 9 5 1
1 2 8 1 5 5 1 2 8 1 5 5 1 2 8 1 5 5 1 2 8 1 5 5 1 2 8 1 5
9 2 1 9 2 1 9 2 1 9 2 1 9 2 1 9 2 1 9 2 1 9 2 1 9 2 1 9 2
8 1 5 2 1 2 8 1 5 2 1 2 8 1 5 2 1 2 8 1 5 2 1 2 8 1 5 2 1
1 3 2 1 9 8 1 3 2 1 9 8 1 3 2 1 9 8 1 3 2 1 9 8 1 3 2 1 9
2 2 1 2 2 1 2 2 1 2 2 1 2 2 1 2 2 1 2 2 1 2 2 1 2 2 1 2 2
2 1 9 5 1 3 2 1 9 5 1 3 2 1 9 5 1 3 2 1 9 5 1 3 2 1 9 5 1
1 2 8 1 5 5 1 2 8 1 5 5 1 2 8 1 5 5 1 2 8 1 5 5 1 2 8 1 5
9 2 1 9 2 1 9 2 1 9 2 1 9 2 1 9 2 1 9 2 1 9 2 1 9 2 1 9 2
8 1 5 2 1 2 8 1 5 2 1 2 8 1 5 2 1 2 8 1 5 2 1 2 8 1 5 2 1
1 3 2 1 9 8 1 3 2 1 9 8 1 3 2 1 9 8 1 3 2 1 9 8 1 3 2 1 9
2 2 1 2 2 1 2 2 1 2 2 1 2 2 1 2 2 1 2 2 1 2 2 1 2 2 1 2 2
2 1 9 5 1 3 2 1 9 5 1 3 2 1 9 5 1 3 2 1 9 5 1 3 2 1 9 5 1
1 2 8 1 5 5 1 2 8 1 5 5 1 2 8 1 5 5 1 2 8 1 5 5 1 2 8 1 5
9 2 1 9 2 1 9 2 1 9 2 1 9 2 1 9 2 1 9 2 1 9 2 1 9 2 1 9 2
8 1 5 2 1 2 8 1 5 2 1 2 8 1 5 2 1 2 8 1 5 2 1 2 8 1 5 2 1
1 3 2 1 9 8 1 3 2 1 9 8 1 3 2 1 9 8 1 3 2 1 9 8 1 3 2 1 9
2 2 1 2 2 1 2 2 1 2 2 1 2 2 1 2 2 1 2 2 1 2 2 1 2 2 1 2 2
2 1 9 5 1 3 2 1 9 5 1 3 2 1 9 5 1 3 2 1 9 5 1 3 2 1 9 5 1
1 2 8 1 5 5 1 2 8 1 5 5 1 2 8 1 5 5 1 2 8 1 5 5 1 2 8 1 5"
4549dd20.json,"0 0 8 8 0 0 3 3 3 3
0 0 8 8 0 0 3 3 3 3
7 7 7 7 7 7 2 2 0 0
7 7 7 7 7 7 2 2 0 0
0 0 6 6 6 6 2 2 0 0
0 0 6 6 6 6 2 2 0 0
0 0 0 0 6 6 0 0 5 5
0 0 0 0 6 6 0 0 5 5
0 0 0 0 0 0 0 0 1 1
0 0 0 0 0 0 0 0 1 1"
4551b948.json,"3 3 3
2 2 2
4 4 4"
4611d6cc.json,"1 9 9 9 9 9 9 9 1 9 9 9 9 9 9 9
1 9 9 9 9 9 9 1 1 1 9 9 9 9 9 9
9 9 9 9 9 9 9 9 1 9 9 9 9 9 9 9
9 9 9 9 1 9 9 9 9 9 9 9 9 9 9 9
9 9 9 9 1 9 9 9 9 9 9 9 1 9 9 9
9 9 9 1 1 1 9 9 9 9 9 1 1 1 9 9
9 9 9 9 1 9 9 9 9 9 9 9 1 9 9 9
9 9 9 9 1 9 9 9 9 9 9 9 9 9 9 9
9 9 9 9 9 9 9 9 9 9 9 9 9 9 9 9
9 9 9 9 9 9 9 9 9 9 9 9 9 9 9 9
9 9 9 9 9 9 9 9 9 9 9 9 9 9 9 9
9 1 1 1 1 1 1 1 9 9 9 9 9 1 9 9
9 9 9 9 9 8 8 8 9 9 9 9 1 9 9 9
9 9 9 9 9 8 9 8 9 1 9 1 1 1 9 9
9 9 9 9 9 8 8 8 9 9 9 9 1 9 9 9"
468052ce.json,"0 0 0 0 0 7 7 4
0 0 0 0 0 4 7 4
0 0 0 0 0 4 4 7
0 0 0 0 0 0 0 0
0 0 0 0 0 0 0 0
0 0 4 7 7 0 0 0
0 0 7 7 4 0 0 0
0 0 4 7 4 0 0 0
0 0 0 0 0 0 0 0"
47295f38.json,"8 0 0
8 0 0
8 8 0
8 0 0
8 0 0
8 0 8
8 0 0
8 0 0
8 8 0
8 0 0
8 0 0
8 0 8
8 0 0
8 0 0
8 8 0
8 0 0
8 0 0
8 0 8
8 0 0"
07883ae1.json,"1 0 0
0 0 0
0 1 0"
4783dd7a.json,"0 0 3 0 3
0 0 0 0 0
8 8 0 8 8
8 8 0 8 0
0 0 0 8 8"
4819acfb.json,"1 1 2
1 2 2
1 1 1"
4835d2c1.json,"1 0
2 1"
2d0f04fd.json,"0 0 0 0 9
0 0 0 9 0
0 0 9 0 0
0 9 0 0 0
9 0 0 0 0"
2d30b4fe.json,"3 3 3 3 3 3 3 3 3 3
3 3 3 3 3 3 3 3 3 3
3 3 3 3 3 3 3 3 3 3
3 3 3 3 1 1 1 3 3 3
3 3 3 3 1 1 3 3 3 3
3 3 3 3 1 1 1 3 3 3
3 3 3 3 3 3 3 3 3 3
3 3 3 3 3 3 3 3 3 3
3 3 3 3 3 3 3 3 3 3
3 3 3 3 3 3 3 3 3 3"
47979886.json,"0 0 0 7 0 0 0 7 0 0 0
0 0 0 7 0 0 0 7 0 0 0
0 0 0 7 0 0 0 7 0 0 0
7 7 7 7 7 7 7 7 7 7 7
0 0 0 7 0 0 0 7 0 0 0
0 0 0 7 0 0 0 7 0 0 0
0 0 0 7 0 0 0 7 0 0 0
7 7 7 7 7 7 7 7 7 7 7
0 0 0 7 0 0 0 7 0 8 0
0 0 0 7 0 0 0 7 0 5 0
0 0 0 7 0 0 0 7 4 0 9"
48a3f076.json,"0 2 0 0 0 0 0 2 0 0 2 0 4 2 2 4 2 0
0 0 0 2 0 0 0 0 0 0 0 0 2 4 4 2 2 0
0 0 0 0 0 0 0 2 0 0 0 0 2 4 4 2 2 0
2 0 0 0 0 0 0 2 0 0 0 0 0 0 0 0 0 2
0 0 0 2 0 2 0 0 0 0 0 0 0 0 2 2 2 0
0 0 0 0 0 0 2 2 2 4 2 2 0 0 2 2 2 0
0 2 2 0 0 0 4 2 2 2 2 2 0 0 0 0 0 2
0 0 0 0 2 0 0 0 0 0 2 2 0 0 0 0 0 2
2 2 2 2 2 0 0 0 2 0 0 0 0 2 0 0 0 0
2 0 0 0 0 2 0 0 2 0 2 2 0 2 2 2 0 2
0 0 0 0 0 0 0 0 0 2 2 4 2 2 0 0 0 0
0 0 0 0 0 2 0 0 0 0 4 2 0 0 0 0 0 0
2 2 2 2 0 0 0 2 0 2 2 0 2 0 0 2 2 2
2 4 2 2 4 2 2 0 4 2 0 0 2 2 2 2 2 2
2 4 2 4 2 4 2 0 0 0 0 0 0 0 0 0 0 0
4 4 2 2 4 2 2 0 0 0 0 0 0 0 0 0 0 0
2 0 0 0 0 2 4 0 0 0 0 0 2 0 2 2 2 2"
4957bb64.json,"0 0 0 0 0 0 0 8 0 0 0 0 0 0 0
0 0 0 4 4 4 4 4 4 4 4 4 0 0 0
0 0 0 4 0 0 0 0 0 0 0 4 0 0 0
0 0 0 4 0 0 0 0 0 0 0 4 0 0 0
0 0 0 4 0 0 0 0 0 0 0 4 0 0 0
0 0 8 4 0 0 4 4 4 4 0 4 8 0 0
0 0 0 4 0 0 4 0 0 4 0 4 0 0 0
0 0 0 4 0 0 4 4 4 4 0 4 0 0 0
0 0 0 4 0 0 0 0 0 0 0 4 0 0 0
0 0 0 4 0 0 0 0 0 0 0 4 0 0 0
0 0 0 4 4 4 4 4 4 4 4 4 0 0 0
0 0 0 0 0 0 0 0 0 0 0 0 0 0 0
0 0 0 0 0 0 0 0 0 8 0 0 0 0 0
0 0 0 0 0 0 0 0 0 0 0 0 0 0 0
0 0 0 0 0 0 0 0 0 0 0 0 0 0 0"
4b2c7d1c.json,"0 0 0 3 0 0 0 3 0 0 0
0 4 0 3 5 0 0 3 9 0 0
0 0 0 3 0 0 0 3 0 0 0
3 3 3 3 3 3 3 3 3 3 3
0 5 0 3 9 0 0 3 0 0 0
0 0 0 3 0 0 0 3 0 0 0
0 0 0 3 0 0 0 3 0 0 0"
4b42a65f.json,"3 3 3 3 0 0 0 0 0 0 0 0 0 0 0 0 0 0 0 0
3 3 3 3 0 0 0 0 0 0 0 0 0 0 0 0 0 0 0 0
3 3 3 3 0 0 0 0 0 0 0 0 0 0 0 0 0 0 0 0
3 3 3 3 0 0 0 0 0 0 0 0 0 0 0 0 0 0 0 0
0 0 0 0 3 3 3 3 0 0 0 0 0 0 0 0 0 0 0 0
0 0 0 0 3 3 3 3 0 0 0 0 0 0 0 0 0 0 0 0
0 0 0 0 3 3 3 3 0 0 0 0 0 0 0 0 0 0 0 0
0 0 0 0 3 3 3 3 0 0 0 0 0 0 0 0 0 0 0 0
0 0 0 0 0 0 0 0 4 4 4 4 0 0 0 0 0 0 0 0
0 0 0 0 0 0 0 0 4 4 4 4 0 0 0 0 0 0 0 0
0 0 0 0 0 0 0 0 4 4 4 4 0 0 0 0 0 0 0 0
0 0 0 0 0 0 0 0 4 4 4 4 0 0 0 0 0 0 0 0
0 0 0 0 0 0 0 0 0 0 0 0 1 1 1 1 0 0 0 0
0 0 0 0 0 0 0 0 0 0 0 0 1 1 1 1 0 0 0 0
0 0 0 0 0 0 0 0 0 0 0 0 1 1 1 1 0 0 0 0
0 0 0 0 0 0 0 0 0 0 0 0 1 1 1 1 0 0 0 0
0 0 0 0 0 0 0 0 0 0 0 0 0 0 0 0 2 2 2 2
0 0 0 0 0 0 0 0 0 0 0 0 0 0 0 0 2 2 2 2
0 0 0 0 0 0 0 0 0 0 0 0 0 0 0 0 2 2 2 2
0 0 0 0 0 0 0 0 0 0 0 0 0 0 0 0 2 2 2 2"
4cd3d8b4.json,"0 0 0 0 0 0 0 0 0 0
0 0 2 0 0 0 0 0 0 0
0 0 5 5 0 0 0 0 0 0
0 0 5 5 2 0 0 0 0 0
0 0 2 0 2 0 0 0 0 0
0 0 0 0 0 0 0 0 0 0
0 0 0 0 0 0 0 0 0 0
0 0 0 0 0 0 0 0 0 0
0 0 0 0 0 0 0 0 0 0
0 0 0 0 0 0 0 0 0 0"
4d4d2a48.json,"6 8 1
8 6 6
6 8 1
6 8 1
8 6 6
6 8 1"
4d4d83ff.json,"0 2 8 8 1 2 0 0 2
8 0 2 0 0 0 0 8 8
0 8 8 2 8 8 8 8 8
0 1 8 8 0 8 0 2 0
0 1 8 8 1 1 8 1 8
8 2 0 2 0 1 1 8 1
8 1 0 8 2 8 1 2 8
2 0 8 1 1 1 0 1 0"
4d557797.json,"5 5 5 0 0 0 0 0 0
5 5 5 0 0 0 0 0 0
5 5 5 0 0 0 0 0 0
5 5 5 0 0 0 5 5 5
5 5 5 0 0 0 5 5 5
5 5 5 0 0 0 5 5 5
0 0 0 0 0 0 5 5 5
0 0 0 0 0 0 5 5 5
0 0 0 0 0 0 5 5 5"
4f76bc1d.json,"0 0 0 0 0 0 5 5 5
0 0 0 0 0 0 5 1 5
0 0 0 0 0 0 5 5 5
5 5 5 0 5 5 5 0 0
5 1 5 0 5 1 5 0 0
5 5 5 0 5 5 5 0 0
0 0 5 5 5 0 5 5 5
0 0 5 1 5 0 5 1 5
0 0 5 5 5 0 5 5 5"
50894f5b.json,"7 0 0 0 0 2 1 8 0 0
1 8 0 0 0 0 6 0 0 2
6 0 0 7 0 0 0 0 0 0
0 0 2 1 8 0 0 0 0 7
8 0 0 6 0 0 0 0 2 1
0 0 0 0 0 0 0 0 0 6
0 0 7 0 0 0 7 0 0 0
0 2 1 8 0 2 1 8 0 0
7 0 6 0 0 0 6 0 0 0
1 8 0 0 0 0 7 0 0 2"
4b905ed3.json,"0 2 0 8 0 0 0 8 8
0 3 0 0 0 0 0 0 0
0 0 0 0 0 2 0 0 8
2 0 0 0 8 0 0 0 0
0 0 0 0 0 0 0 3 0
0 2 3 0 0 0 0 2 0
8 0 0 0 2 0 0 0 0"
4ccb2f60.json,"4 4 4 4 4 4 4 4 0 0 0 0
4 4 4 4 4 4 4 4 0 0 0 0
4 4 4 4 4 4 4 4 0 0 0 0
4 4 4 4 4 4 4 4 0 0 0 0
0 0 0 0 8 8 8 8 7 7 7 7
0 0 0 0 8 8 8 8 7 7 7 7
0 0 0 0 8 8 8 8 7 7 7 7
0 0 0 0 8 8 8 8 7 7 7 7
0 0 0 0 3 3 3 3 0 0 0 0
0 0 0 0 3 3 3 3 0 0 0 0
0 0 0 0 3 3 3 3 0 0 0 0
0 0 0 0 3 3 3 3 0 0 0 0"
50bc401f.json,"0 0 0 0 5 2 2 2 2 0
0 2 2 2 5 0 0 0 0 0
0 0 0 0 5 0 0 1 1 1
1 1 0 0 5 0 0 0 0 0
0 0 0 0 5 0 0 0 0 0
0 0 0 0 5 2 2 2 0 0
1 1 1 0 5 0 0 0 0 0
0 0 0 0 5 0 0 0 0 0
0 2 2 2 5 0 0 0 0 1
0 0 0 0 5 0 0 0 0 0"
496f84ba.json,"0 0 0 7 0 0 0 0 0
0 0 0 0 0 0 0 0 0
0 0 0 0 0 0 0 0 0
7 0 0 0 0 0 0 0 0
0 0 0 0 0 0 0 0 0
0 0 0 0 0 0 0 0 0
0 0 0 7 0 0 0 0 0
0 0 0 0 0 0 0 0 0
0 0 0 0 0 0 0 0 0"
50df0f2b.json,"0 4 4 8 0
4 4 4 8 8
3 3 1 2 2
0 3 1 2 0"
50f74b85.json,"0 0 0 0 0 0 8 0 0 0 0
0 0 0 0 0 0 8 0 0 0 0
0 0 0 0 0 0 8 0 0 0 0
0 0 0 0 0 0 8 0 0 0 0
0 0 0 0 0 0 8 0 0 0 0
0 0 0 0 0 0 8 0 0 0 0
0 0 0 0 0 0 8 0 0 0 0
0 0 0 0 0 0 8 0 0 0 0
0 0 0 0 0 0 8 0 0 0 0
0 0 0 0 0 0 8 0 0 0 0
0 0 0 0 0 0 8 0 0 0 0
0 0 0 0 0 0 4 0 0 0 0
0 0 0 0 0 4 4 4 0 0 0
0 0 0 0 4 4 4 4 4 0 0
0 0 0 4 4 4 8 4 4 4 0
0 0 0 0 0 0 0 0 0 0 0"
51f9ddcb.json,"6 0 0 0 0 0 0 0 6 0
0 6 0 0 0 0 0 6 0 6
0 0 6 0 0 0 6 0 0 0
0 0 0 6 0 6 0 0 0 0
0 0 0 0 6 0 0 0 0 0"
51239737.json,"6 6 6 6 6 6 6 6 0 0
6 6 6 6 6 6 6 6 0 0
6 6 6 6 6 6 6 6 0 0
1 1 1 1 1 1 0 0 0 0
1 1 1 1 1 1 0 0 0 0
1 1 1 1 1 1 0 0 0 0
8 8 0 0 0 0 0 0 0 0
8 8 0 0 0 0 0 0 0 0
8 8 0 0 0 0 0 0 0 0
0 0 0 0 0 0 0 0 0 0"
52aa7778.json,"8 4 3 2 1 8 4 3 2 1 5 8
8 4 3 2 1 8 4 3 2 1 5 4
8 4 3 2 1 8 4 3 2 1 5 3
8 4 3 2 1 8 4 3 2 1 5 2
8 4 3 2 1 8 4 3 2 1 5 1"
5287a11e.json,"0 0 2 2 2 2 2 2 2 0
2 0 2 2 5 2 2 0 0 2
0 0 2 5 5 2 2 2 0 0
2 2 0 5 5 5 5 2 0 0
2 5 5 5 5 2 2 2 5 5
2 2 2 5 5 5 5 5 2 2
2 2 2 5 5 5 2 2 5 5
0 0 2 2 2 5 2 2 0 2
0 0 0 2 5 2 5 0 0 0
0 0 2 5 5 2 5 2 2 2"
53fba4bb.json,"0 0 2 0 0 0 3 3 3 3 0 0 0 2 0 0 2
0 0 0 0 0 0 3 2 2 3 0 0 0 0 0 0 0
0 0 0 2 0 0 3 3 3 3 0 0 0 2 0 0 0
0 0 0 0 0 0 0 0 0 0 0 2 0 0 0 0 0
0 0 0 2 0 2 0 0 0 0 0 0 0 0 0 0 0
0 0 0 3 3 3 3 0 0 0 0 3 3 3 0 0 0
0 0 0 3 2 2 3 0 0 0 3 2 0 3 0 0 0
2 0 3 3 3 0 3 0 0 0 3 2 0 3 0 0 0
0 2 3 2 3 0 2 0 0 0 0 3 3 3 0 0 0
0 0 3 2 3 0 0 2 0 0 0 0 0 0 0 0 0
0 0 3 3 3 0 0 0 0 0 0 0 0 0 0 0 0
0 0 0 0 2 0 0 0 3 3 3 0 0 0 0 0 2
0 0 2 0 0 0 0 0 3 2 3 0 0 0 0 0 0
0 0 0 0 2 0 0 0 3 2 3 0 0 0 0 0 0
0 0 0 2 0 0 0 0 3 3 3 0 0 0 0 0 0
0 0 0 0 0 0 2 0 0 0 0 0 0 0 0 0 0"
52aa5c38.json,"0 0 0 0 0 0 0 0 0 0 0
9 9 9 9 9 9 9 9 9 9 9
0 0 0 0 0 0 0 0 0 0 0
0 0 0 0 0 0 0 0 0 0 0
0 0 0 0 0 0 0 0 0 0 0
1 1 1 1 1 1 1 1 1 1 1
0 0 0 0 0 0 0 0 0 0 0
0 0 0 0 0 0 0 0 0 0 0
0 0 0 0 0 0 0 0 0 0 0
0 0 0 0 0 0 0 0 0 0 0
9 9 9 9 9 9 9 9 9 9 9
0 0 0 0 0 0 0 0 0 0 0
0 0 0 0 0 0 0 0 0 0 0
0 0 0 0 0 0 0 0 0 0 0
0 0 0 0 0 0 0 0 0 0 0
1 1 1 1 1 1 1 1 1 1 1
0 0 0 0 0 0 0 0 0 0 0
0 0 0 0 0 0 0 0 0 0 0
0 0 0 0 0 0 0 0 0 0 0
0 0 0 0 0 0 0 0 0 0 0
9 9 9 9 9 9 9 9 9 9 9
0 0 0 0 0 0 0 0 0 0 0
0 0 0 0 0 0 0 0 0 0 0
0 0 0 0 0 0 0 0 0 0 0
0 0 0 0 0 0 0 0 0 0 0
1 1 1 1 1 1 1 1 1 1 1
0 0 0 0 0 0 0 0 0 0 0"
53707ace.json,2
54b14bdf.json,"0 0 8 0 0 0 0 2 0
8 8 8 8 8 8 8 7 8
0 0 8 0 0 0 0 2 0
0 0 8 0 0 0 0 2 0
2 2 7 2 2 2 2 2 2
0 0 8 0 0 0 0 2 0
0 0 8 0 0 0 0 2 0
0 0 8 0 0 0 0 2 0
0 0 8 0 0 0 0 2 0"
55a4bba3.json,"1 1 1 1 1 1 1 1 1 1 1 1 1 1 1 1 1 1
1 2 3 4 5 6 7 8 9 1 2 3 4 5 6 7 8 9
1 3 5 7 9 2 4 6 8 1 3 5 7 9 2 4 6 8
1 4 7 1 4 7 1 4 7 1 4 7 1 4 7 1 4 7
1 5 9 4 8 3 7 2 6 1 5 9 4 8 3 7 2 6
1 6 2 7 3 8 4 9 5 1 6 2 7 3 8 4 9 5
1 7 4 1 7 4 1 7 4 1 7 4 1 7 4 1 7 4
1 8 6 4 2 9 7 5 3 1 8 6 4 2 9 7 5 3
1 9 8 7 6 5 4 3 2 1 9 8 7 6 5 4 3 2
1 1 1 1 1 1 1 1 1 1 1 1 1 1 1 1 1 1
1 2 3 4 5 6 7 8 9 1 2 3 4 5 6 7 8 9
1 3 5 7 9 2 4 6 8 1 3 5 7 9 2 4 6 8
1 4 7 1 4 7 1 4 7 1 4 7 1 4 7 1 4 7
1 5 9 4 8 3 7 2 6 1 5 9 4 8 3 7 2 6
1 6 2 7 3 8 4 9 5 1 6 2 7 3 8 4 9 5
1 7 4 1 7 4 1 7 4 1 7 4 1 7 4 1 7 4
1 8 6 4 2 9 7 5 3 1 8 6 4 2 9 7 5 3
1 9 8 7 6 5 4 3 2 1 9 8 7 6 5 4 3 2"
55a932f7.json,"1 1 1 1 1 1 1 1 1
1 1 1 1 1 2 1 1 1
1 1 2 1 1 1 1 1 2
1 1 1 1 1 1 1 1 1
1 1 1 1 1 2 1 1 1
1 2 1 1 1 1 1 1 2
1 1 1 2 1 1 1 1 1
1 2 1 1 1 1 2 1 1
1 1 1 2 1 1 1 1 1
1 1 1 1 1 1 1 1 1"
55ef957c.json,"0 0 0 0 0 0 0
0 0 2 0 0 0 0
0 0 2 2 0 2 0
0 2 2 2 2 2 0
0 2 2 0 2 2 0
0 2 2 0 0 0 0
0 0 0 0 0 0 0"
5716a0e0.json,"5 0 0 0 0 0 0 0 0 0
1 1 1 1 1 1 1 1 1 1
0 0 0 0 0 0 0 0 0 5
1 1 1 1 1 1 1 1 1 1
5 0 0 0 0 0 0 0 0 0
1 1 1 1 1 1 1 1 1 1
0 0 0 0 0 0 0 0 0 5
1 1 1 1 1 1 1 1 1 1
0 0 0 0 0 0 0 0 0 0
0 0 0 0 0 0 0 0 0 0"
5602c564.json,"0 0 0 0 0 3 0 0 0 0
0 0 0 0 0 0 3 0 0 0
0 0 0 0 0 3 0 0 0 0
0 0 0 0 0 0 3 0 0 0
0 0 0 0 0 3 0 0 0 0
0 0 0 0 0 0 3 0 0 0
0 0 0 0 0 3 0 0 0 0
0 0 0 0 0 0 3 0 0 0
0 0 0 0 0 0 0 0 0 0
0 0 0 0 0 0 0 0 0 0"
596e9703.json,4 4 4 4 4
58459432.json,"0 0 0 7 0 0 0 0 0 0 0 7 0 0 0 0 0
0 0 0 0 7 0 0 0 0 0 7 0 0 0 0 0 0
0 0 0 0 0 7 0 0 0 7 0 0 0 0 0 0 0
0 0 0 0 0 0 7 0 7 0 0 0 0 0 0 0 0
0 0 0 0 0 0 0 7 0 0 0 0 0 0 0 0 0
0 0 0 0 0 0 7 0 7 0 0 0 0 0 0 0 0
0 0 0 0 0 7 0 0 0 7 0 0 0 0 0 0 0
0 0 0 0 7 0 0 0 0 0 7 0 0 0 0 0 0
0 0 0 7 0 0 0 0 0 0 0 7 0 0 0 0 0
0 0 7 0 0 0 0 0 0 0 0 0 7 0 0 0 0
0 0 0 0 0 0 0 0 0 0 0 0 0 7 0 0 0
7 0 0 0 0 0 0 0 0 0 0 0 0 0 7 0 0
0 0 0 0 0 0 0 0 0 0 0 0 0 0 0 7 0
0 0 0 0 0 0 0 0 0 0 0 0 0 0 0 0 7
0 0 0 0 0 0 0 0 0 0 0 0 0 0 0 0 0
0 0 0 0 0 0 0 0 0 0 0 0 0 0 0 0 0
0 0 0 0 0 0 0 0 0 0 0 0 0 0 0 0 0"
5882c89d.json,"5 2 9 7
0 0 0 6
0 0 0 2
5 7 8 1"
5998e33b.json,"0 0 0 0 0 0 0 3 0 0 0 0 0 0 0 0
0 0 0 0 0 0 0 0 3 0 0 0 0 0 0 0
3 0 0 0 0 0 0 2 2 2 2 0 3 0 0 0
0 0 3 0 0 2 0 2 3 3 2 0 0 3 0 0
0 0 0 0 0 2 3 2 2 2 2 3 0 0 0 0
0 0 0 0 3 2 3 2 0 0 0 0 0 0 0 0
0 0 0 0 0 2 0 2 3 0 0 0 0 0 0 3
2 0 3 0 0 0 0 0 0 3 0 0 0 0 0 0
2 0 3 0 0 0 0 0 0 0 0 0 0 0 0 0
2 0 0 0 0 0 0 0 0 0 0 0 0 0 0 0
0 0 0 0 0 0 0 0 0 0 0 0 0 0 0 0
0 0 0 3 0 2 2 2 2 0 0 0 0 0 0 0
0 0 0 0 0 2 3 3 2 0 0 0 0 0 0 0
3 0 3 0 0 2 2 2 2 0 0 0 0 0 0 0
0 0 0 0 0 0 0 0 0 0 0 0 0 0 0 0
0 0 0 0 0 0 0 0 0 0 0 3 0 0 0 0
3 0 0 0 0 0 0 0 0 0 0 0 0 0 0 0"
59d5fbe8.json,"3 9 9 5
7 8 5 5
5 6 8 7
5 2 4 4"
59cffbbb.json,"4 9 4 9
0 9 0 9
9 6 9 9
9 0 4 5"
5b190aaf.json,"0 0 0 0
1 0 0 0
1 0 0 0
1 1 1 6
6 6 0 0
1 1 1 0
1 0 0 0
1 6 0 0
6 0 0 0
0 0 0 0"
5b2c13b6.json,"8 2 8
1 3 1
4 2 8"
5cb045e6.json,"6 6 6 6 6 6 6 6 6
6 2 2 2 2 2 2 2 6
6 2 8 8 8 8 8 2 6
6 2 8 5 5 5 8 2 6
6 2 8 5 6 5 8 2 6
6 2 8 5 5 5 8 2 6
6 2 8 8 8 8 8 2 6
6 2 2 2 2 2 2 2 6
6 6 6 6 6 6 6 6 6"
5cbdf232.json,"4 0 4 0 0 0 0 0 0
0 2 0 0 0 0 0 6 0
4 0 4 0 0 0 0 0 0
0 0 0 8 0 0 0 0 0
0 0 0 0 0 4 0 4 0
0 0 7 0 0 0 2 0 0
0 7 1 7 0 4 0 4 0
0 0 7 0 0 0 0 0 0
0 0 0 0 0 0 0 0 0"
5ce79aaa.json,"4 4 4 4 4 4 4 4 4 4 4 4 4 4
4 1 1 1 1 1 1 1 1 1 1 1 1 4
4 1 8 8 8 8 8 8 8 8 8 8 1 4
4 1 8 6 6 6 6 6 6 6 6 8 1 4
4 1 8 6 2 2 2 2 2 2 6 8 1 4
4 1 8 6 2 6 6 6 6 2 6 8 1 4
4 1 8 6 2 6 5 6 2 6 8 1 4
4 1 8 6 2 6 6 6 6 2 6 8 1 4
4 1 8 6 2 2 2 2 2 2 6 8 1 4
4 1 8 6 6 6 6 6 6 6 6 8 1 4
4 1 8 8 8 8 8 8 8 8 8 8 1 4
4 1 1 1 1 1 1 1 1 1 1 1 1 4
4 4 4 4 4 4 4 4 4 4 4 4 4 4"
5d6431b4.json,"0 0 0 0 0 0 0 0 0 0 0 0 0 0 0 0 0
0 0 0 0 0 0 0 2 2 2 0 0 0 0 0 0 0
0 3 0 3 0 3 0 2 3 2 0 3 0 3 0 3 0
0 0 0 0 0 0 0 2 2 2 0 0 0 0 0 0 0
0 0 0 0 0 0 0 0 0 0 0 0 0 0 0 0 0
0 0 0 0 0 0 0 0 0 0 0 0 0 0 0 0 0
0 0 0 0 0 0 0 0 0 0 0 0 0 0 0 0 0"
5d819887.json,6
5da93083.json,"0 0 8
0 0 0
0 0 0"
5eb7c7be.json,"0 0 0
0 0 0
1 1 0"
5f0f1ffc.json,"9 7 3 5 6 2 8 4 9 7 3 5 6 2 8 4
4 9 7 3 5 6 2 8 4 9 7 3 5 6 2 8
8 4 9 7 3 5 6 2 8 4 9 7 3 5 6 2
2 8 4 9 7 3 5 6 2 8 4 9 7 3 5 6
6 2 8 4 9 7 3 5 6 2 8 4 9 7 3 5
5 6 2 8 4 9 7 3 5 6 2 8 4 9 7 3
3 5 6 2 8 4 9 7 3 5 6 2 8 4 9 7
7 3 5 6 2 8 4 9 7 3 5 6 2 8 4 9
9 7 3 5 6 2 8 4 9 7 3 5 6 2 8 4
4 9 7 3 5 6 2 8 4 9 7 3 5 6 2 8
8 4 9 7 3 5 6 2 8 4 9 7 3 5 6 2
2 8 4 9 7 3 5 6 2 8 4 9 7 3 5 6
6 2 8 4 9 7 3 5 6 2 8 4 9 7 3 5
5 6 2 8 4 9 7 3 5 6 2 8 4 9 7 3
3 5 6 2 8 4 9 7 3 5 6 2 8 4 9 7
7 3 5 6 2 8 4 9 7 3 5 6 2 8 4 9"
5f1abc75.json,"1 0 1
0 1 0
0 0 0"
610ef338.json,"9 1 9 9 1 9
4 9 4 4 9 4
1 4 1 1 4 1
1 4 1 1 4 1
4 9 4 4 9 4
9 1 9 9 1 9"
6111a11a.json,"0 0 5
0 4 0
0 3 0"
618c12d0.json,"4 4 4
0 4 0
4 4 4"
620f917b.json,"0 0 4 4 0 0 2 0 2 0
0 0 0 4 0 0 2 0 2 0
0 0 0 4 0 0 2 2 2 0
0 0 0 0 0 0 2 2 2 2
0 7 0 0 0 0 0 0 0 0
0 7 0 0 1 1 1 0 0 0
7 7 0 0 1 0 0 0 0 0
0 0 0 0 0 0 0 9 9 9
0 3 3 3 0 0 0 0 9 0
0 0 0 0 0 0 0 0 0 0"
623264a3.json,"0 5 0 0 0 0 0 0 2
0 5 0 0 0 0 0 0 0
0 5 0 0 0 0 0 0 0
0 5 0 0 0 0 0 0 0
0 5 0 0 0 0 0 0 0
0 5 0 0 0 0 0 0 0
0 5 0 0 0 0 0 0 0
0 5 0 0 0 0 0 0 0
0 0 0 0 0 0 0 0 0"
62437113.json,"8 0 8
8 8 0
8 0 8"
62aae345.json,"0 0 0 0 0 0 0 0 0 0
0 0 0 0 0 0 0 0 0 0
0 0 0 0 0 0 2 2 2 0
0 2 2 2 2 9 2 2 2 0
0 2 2 2 2 9 2 2 2 0
0 0 0 0 0 0 2 2 2 0
2 2 2 2 0 0 0 0 0 0
2 2 2 2 0 0 0 0 0 0
2 2 2 2 9 9 9 2 2 2
0 0 0 0 0 0 0 2 2 2"
6378cb17.json,"4 0 6 0 6 0 4 0 6 0 6 0 4 0 6 0 6
4 6 6 4 6 6 4 6 6 4 6 6 4 6 6 4 6
0 6 0 4 0 6 0 6 0 4 0 6 0 6 0 4 0"
6429a6f5.json,"0 0 0
0 6 0
0 0 0"
646857e2.json,Unable to provide a final grid as the reasoning text was truncated.
64e4a671.json,"8 8 8 8 8 0 0 0
8 0 0 0 0 0 0 0
7 7 7 7 7 7 0 0
7 0 0 0 0 0 0 0
6 6 6 0 0 0 0 0
6 0 0 0 0 0 0 0
6 0 0 0 0 0 0 0"
6528d002.json,"0 0 0
0 0 0
0 1 1"
66bc11ba.json,"8 7 7 7
8 7 7 4
7 7 7 7
7 4 8 7"
671396d1.json,"2 2 2 2 2 2 2
2 0 0 0 0 0 2
2 0 0 0 0 0 2
2 0 0 0 0 0 2
2 0 0 0 0 0 2
2 2 2 2 2 2 2"
6731dce0.json,"8 4 8 8
8 7 8 6
1 3 7 6
8 8 4 5"
6757b18a.json,"0 4 0
4 4 4
4 0 0"
68bfa25f.json,"0 0 0
0 0 0
0 0 0
3 0 8
0 0 0"
68d853be.json,"0 0 0 0 0 0 0 0 0 0
5 5 5 5 0 0 0 0 4 4
5 5 5 5 0 0 0 0 4 4
0 0 0 0 0 0 0 0 4 4
0 0 6 6 6 6 6 0 4 4
0 0 6 6 6 6 6 0 4 4
0 0 6 6 6 6 6 0 4 4
0 0 6 6 6 6 6 0 4 4
0 0 0 0 0 0 0 0 0 0
5 0 0 0 6 0 0 0 4 0"
6a126027.json,"0 0 0 0 1 0 0 0 0 0
0 0 0 0 0 1 0 0 0 0
0 0 0 0 0 0 1 0 0 0
0 0 0 0 0 0 0 1 1 0
0 0 0 0 0 0 0 1 1 0
0 0 0 0 0 0 0 0 0 0
0 2 2 0 0 0 0 0 0 0
0 2 2 0 0 0 0 0 0 0
0 0 0 0 2 0 0 0 0 0
0 0 0 0 0 2 0 0 0 0"
6a221c1c.json,"5 0 0 0 0 0 0 0 0 4
0 0 0 0 0 0 0 0 0 0
6 6 6 6 6 6 6 6 6 6
0 0 0 0 0 0 0 0 0 0
4 0 0 0 0 0 0 0 0 3
0 0 0 0 0 0 0 0 0 0
2 2 2 2 2 2 2 2 2 2
0 0 0 0 0 0 0 0 0 0
3 0 0 0 0 0 0 0 0 5
0 0 0 0 0 0 0 0 0 0"
6a64a65b.json,"2 0 0 0 1
2 0 1 0 0
0 0 0 2 2
0 1 0 0 2"
6adb5c34.json,"1 1 1 1 1 1
1 1 1 1 1 1
1 1 1 1 1 1
1 1 1 1 1 1
1 1 2 1 1 1
1 1 1 1 1 1"
6b92eadf.json,"0 0 0 0 0 8 8 8 0 0 0 0 0 8 8 8 0 0 0
0 0 0 0 8 8 8 0 0 0 0 0 8 8 8 8 0 0 0
0 0 0 0 8 2 8 2 2 2 2 2 8 2 8 8 0 0 0
0 0 0 0 0 8 8 8 0 0 0 0 0 8 8 8 0 0 0
0 0 0 0 0 8 0 0 0 0 0 0 0 8 0 0 0 0 0
0 0 0 0 0 8 0 0 0 0 0 0 0 8 0 0 0 0 0
0 0 0 0 0 8 0 0 0 0 0 0 0 8 0 0 0 0 0
0 0 0 0 8 8 8 0 0 0 0 0 8 8 8 0 0 0 0
0 0 0 0 8 2 8 2 2 2 2 2 8 2 8 8 0 0 0
0 0 0 0 0 8 8 8 0 0 0 0 0 8 8 8 0 0 0
0 0 0 0 0 8 0 0 0 0 0 0 0 8 0 0 0 0 0
0 0 0 0 0 8 0 0 0 0 0 0 0 8 0 0 0 0 0
0 0 0 0 8 8 8 0 0 0 0 0 8 8 8 0 0 0 0
0 0 0 0 8 2 8 2 2 2 2 2 8 2 8 8 0 0 0
0 0 0 0 8 2 8 2 2 2 2 2 8 2 8 8 0 0 0
0 0 0 0 0 8 8 8 0 0 0 0 0 8 8 8 0 0 0
0 0 0 0 0 0 0 0 0 0 0 0 0 0 0 0 0 0 0"
6bd7508a.json,"8 8 8 8 8 5 3 3 3 3 3
0 0 0 0 0 0 0 0 0 0 0
0 0 0 0 0 0 0 0 0 0 0
4 4 4 4 4 5 6 6 6 6 6
0 0 0 0 0 0 0 0 0 0 0"
6c0bf582.json,"6 6 6
0 0 3
7 7 7"
6d09d843.json,"0 0 0 0 0 0 0 0 0 0
0 0 0 0 0 0 0 0 0 0
0 0 0 0 0 0 0 0 0 0
0 0 0 5 0 0 5 0 0 0
0 0 0 2 2 0 0 0 0 0
0 0 0 2 2 0 0 0 0 0
0 0 0 0 0 5 0 0 0 0
0 0 0 0 0 0 0 0 0 0
0 0 0 0 0 0 0 0 0 0
0 0 0 0 0 0 0 0 0 0"
6e1b6edc.json,"0 0 0 0 0 0 0 8 1 1 1 1 1 1 8 0 0 0 0
0 0 0 0 0 0 0 0 0 0 1 0 0 0 0 0 0 0 0
0 0 0 0 0 0 0 0 0 0 1 0 0 0 0 0 0 0 0
0 0 0 0 0 0 0 0 0 0 1 0 0 0 0 0 0 0 0
0 0 0 0 0 0 0 0 0 8 1 0 0 0 0 0 0 0 0
0 8 0 0 0 0 0 0 0 1 1 0 0 0 0 0 0 0 0
0 1 0 0 0 0 8 0 0 1 1 0 0 0 0 0 0 0 0
0 1 0 0 0 0 1 0 0 1 1 0 0 0 0 0 0 0 0
0 1 0 0 0 0 1 0 0 1 8 0 0 0 0 0 0 0 0
0 1 0 0 0 0 1 0 0 1 0 0 0 0 0 0 0 0 0
0 1 0 0 0 0 1 0 0 1 0 0 0 0 0 0 0 0 0
0 1 0 0 0 0 1 0 0 1 0 0 0 0 0 0 0 0 0
0 1 0 0 0 0 1 0 0 8 0 0 0 0 0 0 0 0 0
0 1 0 0 0 0 1 0 0 0 0 0 0 0 0 0 0 0 0
0 1 0 0 0 0 8 1 1 1 1 1 1 1 8 0 0 0 0
0 1 0 0 0 0 0 0 0 0 0 0 0 0 0 0 0 0 0
0 1 0 0 0 0 0 0 0 0 0 0 0 0 0 0 0 0 0
0 1 0 0 0 0 0 0 0 0 0 0 0 0 0 0 0 0 0
0 8 0 0 0 0 0 0 0 0 0 0 0 0 0 0 0 0 0"
6e38740c.json,"0 0 0
0 0 0
0 0 0
8 0 6
0 0 0"
6e8934d0.json,"9 3 9 9 3 9
9 3 9 9 3 9
3 3 3 3 3 3
3 3 3 3 3 3"
6ea4cd21.json,"0 0 0 0 0 0 0 0 0
0 1 1 1 1 1 1 1 1
0 0 0 0 0 0 0 0 0
0 0 0 0 0 0 0 0 0
0 0 0 0 0 0 0 0 0
0 0 0 0 0 0 0 0 0
0 0 0 0 0 0 0 0 0
0 0 0 0 0 0 0 0 2
0 0 0 0 0 0 0 0 0"
6f08c9ae.json,"8 0 0 0 0
0 8 0 0 0
0 0 8 0 0
0 0 0 8 0
0 0 0 0 8"
6f09d511.json,"2 2 0
0 2 0
0 2 2
2 2 0
0 2 0
0 2 2"
6f3e3ed3.json,"0 0 0 0 0 0 0 0 0 0 0 5 5
0 0 0 0 0 0 0 0 0 5 5 5 0
0 0 0 0 0 0 0 0 0 5 0 0 0
0 0 0 0 0 0 0 5 5 5 0 0 0
0 0 0 0 0 0 0 5 0 0 0 0 0
0 0 0 5 5 8 5 5 0 0 0 0 0
0 0 0 5 0 0 0 0 0 0 0 0 0
0 5 5 5 0 0 0 0 0 0 0 0 0
0 5 0 0 0 0 0 0 0 0 0 0 0
5 5 0 0 0 0 0 0 0 0 0 0 0
0 0 0 0 0 0 0 0 0 0 0 0 0
0 0 0 0 0 0 0 0 0 0 0 0 0
0 0 0 0 0 0 0 0 0 0 0 0 0"
6f578ada.json,"0 0 0 0 0 0 0 0 0 0 0 0
2 2 2 2 2 0 0 0 0 0 0 0
2 0 0 0 2 0 0 0 0 0 0 0
2 0 0 2 2 0 0 0 0 0 0 0
2 2 2 2 2 0 2 2 2 2 0 0
2 0 0 0 2 0 2 0 0 2 0 0
2 0 0 0 2 0 2 0 0 2 0 0
2 2 2 2 2 0 2 0 0 2 0 0
2 0 0 0 2 0 2 0 0 2 0 0
2 0 0 0 2 0 2 2 2 2 0 0
2 0 0 0 2 0 0 0 0 0 0 0
2 2 2 2 2 0 0 0 0 0 0 0"
6fa3b4b6.json,2
6fb6ad96.json,"8 8 8 8 8 8 8 8 8 8 8 8 8 8
8 3 3 3 3 3 3 3 3 3 3 3 3 8
8 3 3 3 3 3 3 3 3 3 3 3 3 8
8 3 3 3 3 3 3 3 3 3 3 3 3 8
8 3 3 3 3 3 3 3 3 3 3 3 3 8
8 3 3 3 3 3 3 3 3 3 3 3 3 8
8 3 3 3 3 3 3 3 3 3 3 3 3 8
8 3 3 3 3 3 3 3 3 3 3 3 3 8
8 3 3 3 3 3 3 3 3 3 3 3 3 8
8 3 3 3 3 3 3 3 3 3 3 3 3 8
8 3 3 3 3 3 3 3 3 3 3 3 3 8
8 3 3 3 3 3 3 3 3 3 3 3 3 8
8 3 3 3 3 3 3 3 3 3 3 3 3 8
2 2 2 2 2 2 2 2 2 2 2 2 2 8"
70ed98cf.json,"2 2 2 2 2 2 2 2 2 2 1 0 0 0 0 0
2 2 2 2 2 2 2 2 2 2 1 0 0 0 0 0
2 2 2 2 2 2 2 2 2 2 1 0 0 0 0 0
2 2 2 2 2 2 2 2 2 2 1 0 0 0 0 0
2 2 2 2 2 2 2 2 2 2 1 1 1 1 1 1
2 2 2 2 2 2 2 2 2 2 1 0 0 0 0 0
2 2 2 2 2 2 2 2 2 2 1 0 0 0 0 0
2 2 2 2 2 2 2 2 2 2 1 0 0 0 0 0
2 2 2 2 2 2 2 2 2 2 1 0 0 0 0 0
2 2 2 2 2 2 2 2 2 2 1 1 1 1 1 1
0 0 0 1 0 0 0 0 0 0 1 0 1 0 0 0
8 8 8 1 0 0 0 0 0 0 1 0 1 0 0 0
8 8 8 1 0 0 0 0 0 0 1 0 1 0 0 0"
7123c267.json,"2 2 0
2 2 2
0 2 0"
7200842a.json,"3 9 2
3 9 9
9 9 9
5 5 5
9 3 3
9 9 9
9 9 2
5 5 5
9 9 9
9 9 3
2 9 3"
725e9bae.json,"5 0 0 3 0 0 5 0 0 0 5 0 5 0 0 3 0
0 3 0 0 0 3 0 0 5 0 0 3 0 0 5 0 5
0 0 5 0 5 0 0 3 0 3 0 0 0 3 0 0 0"
72c08744.json,"0 0 0 0 0 0 0 0 0 0
0 0 0 0 0 0 0 0 0 0
0 0 0 0 0 0 0 0 0 0
0 2 0 0 0 0 1 0 0 0
2 2 2 0 0 1 1 1 0 0
0 2 0 0 0 0 1 0 0 0
0 0 0 0 0 0 0 0 0 0
0 0 0 0 0 0 0 0 0 0
0 0 0 0 0 0 1 0 0 0
0 0 0 0 0 1 1 1 0 0"
72d00480.json,"0 0 0 0 0 0 0 2 4 2
0 0 0 0 0 0 0 4 5 4
0 0 0 0 0 0 0 4 5 4
0 0 0 0 0 0 0 4 5 4
0 0 0 0 0 0 0 4 5 4
2 4 4 4 4 2 0 2 4 2
4 5 5 5 5 4 0 0 0 0
4 5 5 5 5 4 0 0 0 0
2 4 4 4 4 2 0 0 0 0
0 0 0 0 0 0 0 0 0 0"
738427a5.json,"0 0 0 2
0 0 0 0
0 2 0 2
2 0 0 0"
73f0adca.json,"4 4 6 7 8 6 9 3 3 9 6 8 7 6 4 4
4 7 7 6 6 6 3 3 3 3 6 6 6 7 7 4
6 7 3 8 9 3 3 7 7 3 3 9 8 3 7 6
7 6 8 7 3 3 7 7 7 7 3 3 7 8 6 7
8 6 9 3 6 4 3 3 3 3 4 6 3 9 6 8
6 6 3 3 4 4 3 2 2 3 4 4 3 3 6 6
9 3 3 7 3 3 2 2 2 2 3 3 7 3 3 9
3 3 7 7 3 2 2 4 4 2 2 3 7 7 3 3
3 3 7 7 3 2 2 4 4 2 2 3 7 7 3 3
9 3 3 7 3 3 2 2 2 2 3 3 7 3 3 9
6 6 3 3 4 4 3 2 2 3 4 4 3 3 6 6
8 6 9 3 6 4 3 3 3 3 4 6 3 9 6 8
7 6 8 7 3 3 7 7 7 7 3 3 7 8 6 7
6 7 3 8 9 3 3 7 7 3 3 9 8 3 7 6
4 7 7 6 6 6 3 3 3 3 6 6 6 7 7 4
4 4 6 7 8 6 9 3 3 9 6 8 7 6 4 4"
73f9fab4.json,"0 0 2 2 2 2 2 0 0
0 0 2 0 0 0 2 0 0
0 0 2 0 0 0 2 0 0
0 0 2 2 2 2 2 2 2
0 0 0 0 2 1 1 1 2
0 0 0 0 2 1 2 1 2
2 2 2 2 2 1 1 1 2
0 0 2 2 2 2 2 2 2
0 0 0 0 0 0 0 0 0"
74000e81.json,"0 0 0 0 0 8 8 8 8
0 0 0 0 7 7 7 7 7
0 0 0 8 8 8 8 8 8
0 0 7 7 7 7 7 7 7
0 0 0 8 8 8 8 8 8
0 0 0 0 7 7 7 7 7
0 0 0 0 0 8 8 8 8
0 0 0 0 0 0 7 7 7
0 0 0 0 0 0 0 8 8"
744f4866.json,"0 0 0 0 0 0 0 0 0 0
0 0 0 0 0 0 0 0 0 0
0 0 0 0 0 0 6 6 6
0 6 6 6 0 0 6 4 4
0 6 4 4 0 0 4 4 4
0 4 4 4 0 0 0 0 0
0 0 0 0 0 0 0 0 0 0
0 0 0 0 0 6 6 6 0 0
6 6 6 0 0 6 4 4 0 0
6 4 4 0 0 4 4 4 0 0"
745c442f.json,"3 3 3 3 3 3 3 3 3 3 3
0 2 0 0 0 0 2 0 0 0 0
0 2 0 0 0 0 2 0 0 0 0
3 3 3 3 3 3 3 3 3 3 3
0 2 0 0 0 0 2 0 0 0 0
0 2 0 0 0 0 2 0 0 0 0
0 2 0 0 0 0 2 0 0 0 0
1 1 1 1 1 1 1 1 1 1 1
0 2 0 0 0 0 2 0 0 0 0
1 1 1 1 1 1 1 1 1 1 1
0 2 0 0 0 0 2 0 0 0 0
0 2 0 0 0 0 2 0 0 0 0"
746a280a.json,"7 7 7 7 7 7 0 0 0
0 0 7 0 0 7 0 0 0
7 7 0 7 7 0 0 0 0
0 0 0 0 0 0 7 7 7
0 0 0 0 0 0 0 0 7
0 0 0 0 0 0 7 7 0
7 7 7 7 7 7 7 7 7
0 0 7 0 0 7 0 0 7
7 7 0 7 7 0 7 7 0"
5a23a269.json,"0 0 0 0 0 0 0 0 0 0
0 0 0 0 0 0 0 0 0 0
0 0 0 0 0 0 0 0 0 0
0 0 0 0 0 0 0 0 0 0
0 0 0 0 3 9 0 0 0 0
0 0 0 0 4 8 0 0 0 0
0 0 0 0 0 0 0 0 0 0
0 0 0 0 0 0 0 0 0 0
0 0 0 0 0 0 0 0 0 0
0 0 0 0 0 0 0 0 0 0"
7496e082.json,"0 0 0 2 0 0 0
0 0 0 2 0 0 0
0 0 0 0 0 0 0
0 0 0 8 0 0 0
0 0 0 0 0 0 0
0 0 0 6 0 0 0
0 0 0 0 0 0 0"
5806aec0.json,"0 6 6 6 6
0 6 0 0 6
0 6 0 6 6
6 0 6 6 0
6 6 0 6 6"
5a6725cf.json,Unable to provide full grid as the reasoning text was truncated.
74be81a2.json,"0 0 0 8 0 0 0 0 0 0 0 0 0
0 0 0 8 8 8 0 0 0 0 0 0 0
0 0 0 0 0 8 0 0 0 0 0 0 0
0 0 0 0 0 8 8 8 0 0 0 0 0
0 0 0 0 0 0 0 8 0 0 0 0 0
0 0 0 0 0 0 0 5 0 0 0 0 0
0 0 0 0 0 0 0 8 0 0 0 0 0
0 0 0 0 0 0 0 8 8 8 0 0 0
0 0 0 0 0 0 0 0 0 8 0 0 0
0 0 0 0 0 0 0 0 0 8 8 8 0
0 0 0 0 0 0 0 0 0 0 0 8 0
0 0 0 0 0 0 0 0 0 0 0 8 8
0 0 0 0 0 0 0 0 0 0 0 0 8"
74f0b0d3.json,"0 2 0 0 0 0 0 0 0 2
0 0 0 0 0 0 0 0 2 0
5 5 5 5 5 0 0 0 0 0
5 5 4 5 5 0 0 5 5 5
5 5 4 5 5 0 0 5 0 5
5 5 4 5 5 2 0 5 7 5
5 5 5 5 5 0 7 5 7 5
0 0 0 0 0 2 0 5 7 5
0 0 0 0 0 0 0 5 5 5
2 0 0 0 2 0 0 5 5 5"
749d0d7f.json,"0 0 3
0 0 3
0 0 3"
77362c7d.json,"0 0 0
0 0 0
5 0 0"
776cedd9.json,"3 0 3
3 0 3
3 3 3
3 3 3"
785acb06.json,"0 2 0 0 0 0 0 0 2 2
2 2 2 0 0 0 0 0 2 2
0 2 0 0 0 0 2 0 0 0
0 0 0 0 0 0 2 0 0 0
0 0 0 0 0 0 0 0 0 0
0 0 0 0 0 0 0 0 0 0
0 0 0 1 0 0 0 0 1 0
0 0 1 1 1 0 0 1 1 1
0 0 0 1 0 0 0 0 1 0
0 0 0 0 0 0 0 0 0 0"
78a60fed.json,"3 3 0
3 3 0
3 3 3"
78e5d511.json,"0 0 0 0 0 0 0 2 2 2
0 0 0 0 0 0 0 2 5 2
0 0 0 0 0 0 0 2 5 2
2 2 2 2 2 2 0 2 5 2
2 5 5 5 5 2 0 2 5 2
2 5 5 5 5 2 0 2 2 2
2 5 5 5 5 2 0 0 0 0
2 5 5 5 5 2 0 0 0 0
2 5 5 5 5 2 0 0 0 0
2 2 2 2 2 2 0 0 0 0"
79348504.json,"5 0 0 0 0
5 0 0 0 0
1 5 0 0 0
5 0 0 0 0
1 5 0 0 0"
761cd1a7.json,"1 8 8 8 8
8 1 8 8 8
8 8 1 8 8
8 8 8 1 8
8 8 8 8 1
8 8 8 1 8
8 8 1 8 8
8 1 8 8 8
1 8 8 8 8
8 1 8 8 8"
7511ed71.json,"0 0 0 0 0 8 8 8
0 0 0 0 0 8 8 8
0 0 0 0 0 0 0 0
0 0 0 0 0 0 0 0
0 0 6 6 6 6 6 0
0 0 6 6 6 6 6 0
0 0 6 6 6 6 6 0
0 0 6 6 6 6 6 0
0 0 0 0 0 0 0 0"
7643b6ff.json,"7 7 7 7 0 0 7 7 7 7
1 1 1 1 1 1 1 1 1 1
4 3 3 0 0 0 0 3 3 4
4 3 0 0 0 0 0 0 3 4"
79d88f94.json,"8 0 0 0 0 0 0 0 2 2 2 2
0 8 0 0 0 0 0 0 2 2 2 2
0 0 8 0 0 0 0 0 2 2 2 2
0 0 0 8 0 0 0 0 2 2 2 2
0 0 0 0 8 0 0 0 2 2 2 2
0 0 0 0 0 8 0 0 2 2 2 2
0 0 0 0 0 0 8 0 2 2 2 2
0 0 0 0 0 0 8 0 2 2 2 2
0 0 0 0 0 0 0 8 2 2 2 2
0 0 0 0 8 0 0 0 2 2 2 2
0 0 0 0 3 0 0 0 2 2 2 2
0 0 0 3 0 0 0 0 2 2 2 2"
79adb1a8.json,"1 1 1 1 1 1 1 1
1 1 1 8 8 8 1 1
1 1 1 1 1 1 1 1
1 1 1 1 1 8 8 8
1 1 1 1 1 1 1 1
1 8 8 1 1 1 1 1
1 1 1 8 1 1 1 1"
795ca9be.json,"0 0 0 0 0 0 0 0 0 0
0 0 0 0 0 8 0 0 0 0
0 0 0 0 0 8 0 8 8 0
0 0 0 0 0 8 0 8 8 0
0 0 0 0 0 0 0 0 0 0
1 0 0 0 0 0 0 0 0 0
1 0 1 0 0 0 1 0 1 0
1 1 0 1 0 0 1 0 1 0
1 0 0 1 0 0 1 1 0 0
0 0 0 0 0 0 1 0 0 1"
7af260e1.json,"2 4 4 5
6 6 5 4
2 6 4 5"
7a3cc123.json,"3 0 0 0 0 0 0 3
8 0 8 8 7 0 0 7
8 0 0 8 7 0 0 7
8 8 8 8 7 7 7 7
8 0 0 8 7 7 0 7
3 0 0 0 0 0 0 3"
7ba21d5d.json,"4 4 7
4 6 6
6 6 4"
7b134963.json,"0 6 6 6 6 6 6 6 6 6 0
6 0 6 6 6 6 6 6 6 0 6
6 6 0 6 6 6 6 6 0 6 6
6 6 6 0 6 6 6 0 6 6 6
6 6 6 6 0 6 0 6 6 6 6
6 6 6 6 6 0 6 6 6 6 6
6 6 6 6 0 6 0 6 6 6 6
6 6 6 0 6 6 6 0 6 6 6
6 6 0 6 6 6 6 6 0 6 6
6 0 6 6 6 6 6 6 6 0 6
0 6 6 6 6 6 6 6 6 6 0"
7bca2850.json,"0 0 0 0 0 0 0 0 0 0 0 0 0 0 0
0 2 0 0 1 0 0 0 0 0 2 0 0 1 0
0 0 5 5 0 0 0 0 0 0 0 5 5 0 0
0 0 5 5 0 0 0 0 0 0 0 5 5 0 0
0 4 0 0 3 0 0 0 0 0 4 0 0 3 0
0 0 0 0 0 0 2 0 0 1 0 0 0 0 0
0 0 0 0 0 0 0 5 5 0 0 0 0 0 0
2 0 0 1 0 0 0 5 5 0 0 0 0 0 0
0 5 5 0 0 0 4 0 0 3 0 0 0 0 0
0 5 5 0 0 0 0 0 0 0 0 0 0 0 0
4 0 0 3 0 0 0 0 0 2 0 0 1 0 0
0 0 0 2 0 0 1 0 0 0 5 5 0 0 0
0 0 0 0 5 5 0 0 0 0 5 5 0 0 0
0 0 0 4 0 0 3 0 0 4 0 0 3 0 0
0 0 0 0 0 0 0 0 0 0 0 0 0 0 0"
7c20b96c.json,"5 6 8 5 3 3 5 8 6 5 6 8 5 3 3 5 8 6 5 6 8
2 3 6 2 8 8 2 6 3 2 3 6 2 8 8 2 6 3 2 3 6
1 2 5 1 9 9 1 5 2 1 2 5 1 9 9 1 5 2 1 2 5
2 3 6 2 8 8 2 6 3 2 3 6 2 8 8 2 6 3 2 3 6
5 6 8 5 3 3 5 8 6 5 6 8 5 3 3 5 8 6 5 6 8
1 2 5 1 9 9 1 5 2 1 2 5 1 9 9 1 5 2 1 2 5
9 8 3 9 6 6 9 3 8 9 8 3 9 6 6 9 3 8 9 8 3
9 8 3 9 6 6 9 3 8 9 8 3 9 6 6 9 3 8 9 8 3
1 2 5 1 9 9 1 5 2 1 2 5 1 9 9 1 5 2 1 2 5
5 6 8 5 3 3 5 8 6 5 6 8 5 3 3 5 8 6 5 6 8
2 3 6 2 8 8 2 6 3 2 3 6 2 8 8 2 6 3 2 3 6
1 2 5 1 9 9 1 5 2 1 2 5 1 9 9 1 5 2 1 2 5
2 3 6 2 8 8 2 6 3 2 3 6 2 8 8 2 6 3 2 3 6
5 6 8 5 3 3 5 8 6 5 6 8 5 3 3 5 8 6 5 6 8
1 2 5 1 9 9 1 5 2 1 2 5 1 9 9 1 5 2 1 2 5
9 8 3 9 6 6 9 3 8 9 8 3 9 6 6 9 3 8 9 8 3
9 8 3 9 6 6 9 3 8 9 8 3 9 6 6 9 3 8 9 8 3
1 2 5 1 9 9 1 5 2 1 2 5 1 9 9 1 5 2 1 2 5
5 6 8 5 3 3 5 8 6 5 6 8 5 3 3 5 8 6 5 6 8
2 3 6 2 8 8 2 6 3 2 3 6 2 8 8 2 6 3 2 3 6
1 2 5 1 9 9 1 5 2 1 2 5 1 9 9 1 5 2 1 2 5"
7cb6a0a6.json,"0 0 0 0 0 0 0 0 0 0 0 0 0 0 0 0
0 0 0 0 0 0 0 0 0 0 0 0 0 0 0 0
0 0 0 0 0 0 0 0 0 0 0 0 0 0 0 0
0 0 0 0 0 0 0 0 0 0 0 0 0 0 0 0
0 0 0 0 0 2 2 2 2 2 2 0 0 0 0 0
0 0 0 0 0 2 2 2 2 2 2 0 0 0 0 0
0 0 0 0 0 0 0 0 0 0 0 0 0 0 0 0
0 0 0 0 0 0 0 0 0 0 0 0 0 0 0 0
0 0 0 0 0 0 0 0 0 0 0 0 0 0 0 0
0 0 0 0 0 0 0 0 0 0 0 0 0 0 0 0
0 0 0 0 0 0 0 0 0 0 0 0 0 0 0 0
0 0 0 0 0 0 0 0 0 0 0 0 0 0 0 0
0 0 0 0 0 0 0 0 0 0 0 0 0 0 0 0
0 0 0 0 0 0 0 0 0 0 0 0 0 0 0 0
0 0 0 0 0 0 0 0 0 0 0 0 0 0 0 0
0 0 0 0 0 0 0 0 0 0 0 0 0 0 0 0"
7d139eea.json,"8 8 8 8 8 8 8 8 8 9 9 9 9 9 9
8 8 8 8 8 8 8 8 8 9 8 8 8 9 8
8 8 8 8 8 8 8 8 8 9 8 8 8 9 8
8 8 8 8 8 8 8 8 8 9 9 9 9 9 8
8 8 8 8 8 8 8 8 8 8 8 8 8 8 8
8 8 8 8 8 8 8 8 8 8 8 8 8 9 9
8 8 8 8 8 8 8 9 8 8 8 8 8 9 9
8 8 8 8 8 8 8 9 8 8 8 8 8 8 9
8 8 8 8 8 8 8 9 8 8 8 1 1 1 9
8 8 8 8 8 8 8 9 8 8 8 1 8 8 9
8 8 8 8 8 8 8 9 8 8 8 1 8 8 9
8 8 8 8 8 8 8 9 8 8 8 1 8 8 8
8 8 8 8 8 8 8 9 8 8 8 1 8 8 8
8 8 8 8 8 8 8 9 9 9 9 9 8 8 8
8 8 8 8 8 8 8 8 8 8 8 1 8 8 8
8 8 8 8 8 8 8 8 8 8 8 8 8 8 8"
7bf290ab.json,"1 1 0 1 1 0 1 1
1 1 0 1 1 0 1 1
0 0 0 0 0 0 0 0
1 1 0 1 1 0 1 1
1 1 0 1 1 0 1 1
0 0 0 0 0 0 0 0
1 1 0 1 1 0 1 1
1 1 0 1 1 0 1 1"
7d5ffa16.json,"5 0 0
4 8 0
4 4 12"
7d8a4b36.json,"2 2 2 2 2 2 2 2 0 0 0 0
2 2 2 2 2 2 2 0 0 0 0 0
2 2 2 2 2 2 0 0 0 0 0 0
2 2 2 2 2 0 0 0 0 0 0 0
2 2 2 2 0 0 0 0 0 0 0 0
2 2 2 0 0 0 0 0 0 0 0 0"
7d92c666.json,"0 0 4 4 0 0 0 0 0 0 0
0 0 4 4 0 0 0 0 0 0 0
5 5 4 4 5 5 5 5 5 5 5
5 5 4 4 5 5 5 5 5 5 5
0 0 4 4 0 0 0 0 0 0 0
0 0 4 4 0 0 0 0 0 0 0"
7dd5d1fd.json,"0 0 0 0 0 0 0 0 0 0 0 0 0 0 0
0 0 0 0 0 0 0 0 0 0 0 0 0 0 0
0 0 0 0 0 0 0 0 0 0 0 0 0 0 0
0 0 0 2 2 2 2 5 2 2 2 2 0 0 0
0 0 0 2 0 0 2 5 2 5 5 2 0 0 0
0 0 0 2 0 0 2 5 2 5 5 2 0 0 0
0 0 0 2 0 0 2 5 2 5 5 2 0 0 0
0 0 0 2 2 2 2 5 2 5 5 2 0 0 0
0 0 0 0 0 0 0 0 0 0 0 0 0 0 0
0 0 0 0 0 0 0 0 0 0 0 0 0 0 0
0 0 0 0 0 0 0 0 0 0 0 0 0 0 0
0 0 0 0 0 0 0 0 0 0 0 0 0 0 0
0 0 0 0 0 0 0 0 0 0 0 0 0 0 0
0 0 0 0 0 0 0 0 0 0 0 0 0 0 0
0 0 0 0 0 0 0 0 0 0 0 0 0 0 0"
7e0e844e.json,"0 0 2
0 0 0
0 0 0"
801af929.json,"0 1 0 0 1 0 0 1 0 0 1 0 0 1 0 0 1
1 0 0 1 0 0 1 0 0 1 0 0 1 0 0 1 0
0 0 1 0 0 1 0 0 1 0 0 1 0 0 1 0 0
0 1 0 0 1 0 0 1 0 0 1 0 0 1 0 0 1
1 0 0 1 0 0 1 0 0 1 0 3 8 3 3 1 0
0 0 1 0 0 1 0 0 1 0 0 8 3 3 8 0 0
0 1 0 0 1 0 0 1 0 0 1 3 3 8 3 0 1
1 0 0 1 0 0 1 0 0 1 0 3 8 3 3 1 0
0 0 1 0 0 1 0 0 1 0 0 8 3 3 8 0 0
0 1 0 0 1 0 0 1 0 0 1 3 3 8 3 0 1
1 0 0 1 0 0 1 0 0 1 0 0 1 0 0 1 0
0 0 1 0 0 1 0 0 1 0 0 1 0 0 1 0 0
0 1 0 0 1 0 0 1 0 0 1 0 0 1 0 0 1
1 0 0 1 0 0 1 0 0 1 0 0 1 0 0 1 0
0 0 1 0 0 1 0 0 1 0 0 1 0 0 1 0 0
0 1 0 0 1 0 0 1 0 0 1 0 0 1 0 0 1
1 0 0 1 0 0 1 0 0 1 0 0 1 0 0 1 0"
80567ba7.json,"4 4 4 4 4 4 4 4 4 0 0 0
0 0 0 0 0 0 0 0 0 0 0 0
4 4 4 4 4 4 4 4 4 0 0 0
0 0 0 0 0 0 0 0 0 0 0 0
4 4 4 4 4 4 4 4 4 0 0 0
0 0 0 0 0 0 0 0 0 0 0 0
4 4 4 4 4 4 4 4 4 3 0 0
0 0 0 0 0 0 0 0 0 0 0 0
4 4 4 4 4 4 4 4 4 0 0 0
0 0 0 0 0 0 0 0 0 0 0 0
4 4 4 4 4 4 4 4 4 0 0 0
0 0 0 0 0 0 0 0 0 0 0 0"
806ba128.json,"4 4 4 4
0 2 2 4
1 1 4 0
4 0 4 1"
80bce01f.json,"1 1 3 3
1 0 0 3
6 0 0 8
6 6 8 8"
80fc066c.json,"0 0 0 0 0 0 5 1 5
5 0 0 0 0 0 0 5 1
1 0 0 0 0 0 0 1 0
5 0 0 0 5 1 5 5 1
0 0 0 0 1 0 1 0 0
0 5 1 5 5 1 5 0 0
0 1 0 1 0 0 0 0 0
0 5 1 5 0 0 5 1 5
0 0 0 0 0 0 1 0 1"
81228da9.json,"0 0 6 6 0 0 6 6 0 0
0 0 6 6 0 0 6 6 0 0
6 6 0 0 6 6 0 0 6 6
6 6 0 0 6 6 0 0 6 6
0 0 6 6 0 0 6 6 0 0
0 0 6 6 0 0 6 6 0 0"
81cb0440.json,"8 8 3 8 8 8 3 8
3 8 8 8 3 8 8 8
0 0 0 0 0 0 0 0
8 8 8 3 8 8 8 3
8 8 3 8 8 8 3 8
3 8 8 8 3 8 8 8
0 0 0 0 0 0 0 0
8 8 8 3 8 8 8 3"
81f79b62.json,"0 0 4 0 0 4 0 0 4 0 0 4 0 0 4 0 0 4 0 0 4 0 0 4 0 0
0 0 4 0 0 4 0 0 4 0 0 4 0 0 4 0 0 4 0 0 4 0 0 4 0 0
4 4 4 4 4 4 4 4 4 4 4 4 4 4 4 4 4 4 4 4 4 4 4 4 4 4
0 0 4 2 2 4 2 2 4 2 2 4 2 2 4 2 2 4 2 2 4 2 2 4 0 0
0 0 4 2 2 4 2 2 4 2 2 4 2 2 4 2 2 4 2 2 4 2 2 4 0 0
4 4 4 4 4 4 4 4 4 4 4 4 4 4 4 4 4 4 4 4 4 4 4 4 4 4
0 0 4 2 2 4 0 0 4 0 0 4 0 0 4 0 0 4 0 0 4 0 0 4 0 0
0 0 4 2 2 4 0 0 4 0 0 4 0 0 4 0 0 4 0 0 4 0 0 4 0 0
4 4 4 4 4 4 4 4 4 4 4 4 4 4 4 4 4 4 4 4 4 4 4 4 4 4
0 0 4 2 2 4 8 8 4 8 8 4 8 8 4 8 8 4 0 0 4 0 0 4 0 0
0 0 4 2 2 4 8 8 4 8 8 4 8 8 4 8 8 4 0 0 4 0 0 4 0 0
4 4 4 4 4 4 4 4 4 4 4 4 4 4 4 4 4 4 4 4 4 4 4 4 4 4
0 0 4 2 2 4 0 0 4 0 0 4 0 0 4 0 0 4 0 0 4 0 0 4 0 0
0 0 4 2 2 4 0 0 4 0 0 4 0 0 4 0 0 4 0 0 4 0 0 4 0 0
4 4 4 4 4 4 4 4 4 4 4 4 4 4 4 4 4 4 4 4 4 4 4 4 4 4
0 0 4 0 0 4 0 0 4 0 0 4 0 0 4 0 0 4 0 0 4 0 0 4 0 0
0 0 4 0 0 4 0 0 4 0 0 4 0 0 4 0 0 4 0 0 4 0 0 4 0 0
4 4 4 4 4 4 4 4 4 4 4 4 4 4 4 4 4 4 4 4 4 4 4 4 4 4
0 0 4 0 0 4 0 0 4 0 0 4 0 0 4 3 3 4 0 0 4 0 0 4 0 0
0 0 4 0 0 4 0 0 4 0 0 4 0 0 4 3 3 4 0 0 4 0 0 4 0 0
4 4 4 4 4 4 4 4 4 4 4 4 4 4 4 4 4 4 4 4 4 4 4 4 4 4
0 0 4 0 0 4 0 0 4 0 0 4 0 0 4 0 0 4 0 0 4 0 0 4 0 0
0 0 4 0 0 4 0 0 4 0 0 4 0 0 4 0 0 4 0 0 4 0 0 4 0 0
4 4 4 4 4 4 4 4 4 4 4 4 4 4 4 4 4 4 4 4 4 4 4 4 4 4
0 0 4 0 0 4 0 0 4 0 0 4 0 0 4 0 0 4 0 0 4 0 0 4 0 0
0 0 4 0 0 4 0 0 4 0 0 4 0 0 4 0 0 4 0 0 4 0 0 4 0 0"
8203823d.json,"0 0 0 0 0 0 0 0 0 0
0 0 0 0 0 0 0 0 0 0
0 0 0 7 7 7 0 0 0 0
0 0 0 7 8 7 0 0 0 0
0 0 0 7 7 7 0 0 0 0
0 0 0 0 0 0 0 0 0 0
0 0 0 0 0 0 0 0 0 0
0 0 0 0 0 0 0 0 0 0
0 0 0 0 0 0 0 0 0 0
0 0 0 0 0 0 0 0 0 0"
82e01156.json,"0 6 0
0 0 6
0 0 6"
82e1b50f.json,"0 0 0 0 0 0 0 0 0 0 0 0 0 0 0 0 0 0 0
0 0 0 0 0 0 0 0 0 0 0 0 0 0 0 0 0 0 0
0 0 0 0 0 5 5 0 0 0 0 0 0 1 1 0 0 0 0
0 0 0 0 0 5 0 0 0 0 0 0 0 1 0 0 0 0 0
0 0 5 5 5 5 0 0 0 0 1 1 1 1 0 0 0 0 0
0 0 0 0 0 5 0 0 0 0 0 0 0 1 0 0 0 0 0
0 0 0 0 0 5 5 0 0 0 0 0 0 1 1 0 0 0 0
0 0 0 0 0 0 0 0 0 0 0 0 0 0 0 0 0 0 0
0 0 0 0 0 0 0 0 0 0 0 0 0 0 0 0 0 0 0"
83155cc8.json,"6 0 6
0 6 0
6 6 6"
83206fc8.json,"0 0 0 0 0 0 6 0 0 0
0 0 0 0 0 0 6 0 0 6
0 0 6 0 0 0 6 0 0 0
0 0 0 0 0 0 6 0 0 1
0 0 1 0 0 0 6 0 0 0
0 0 0 0 0 0 6 0 0 0
0 0 0 0 0 0 3 3 0 1
0 0 0 0 0 0 3 3 0 1
0 0 6 0 0 0 0 0 0 1
0 0 0 0 1 0 1 1 1 1"
8371dfdf.json,"3 3 3 3 3 3 3 3
3 0 0 3 0 3 0 3
3 0 0 0 0 0 0 3
3 0 0 0 0 0 0 3
3 0 0 0 0 0 0 3
3 0 0 0 0 0 0 3
3 0 3 0 0 0 0 3
3 3 3 3 3 3 3 3"
837a943f.json,"0 0 0 0 0 0 0 0 0 0
0 0 0 0 0 0 0 0 0 0
0 8 8 8 0 0 0 0 0 0
0 8 8 8 0 0 0 0 0 0
0 0 0 0 0 0 0 0 0 0
0 0 0 0 8 8 8 8 8 0
0 0 0 0 8 8 8 8 8 0
0 0 0 0 8 8 8 8 8 0
0 0 0 0 0 0 0 0 0 0
0 0 0 0 0 0 0 0 0 0"
83aaa48e.json,2
83ad1de2.json,"0 0 0 0 8 0 0 0 0 0
0 0 0 0 0 0 0 0 0 0
0 0 0 0 0 0 0 0 0 0
0 0 0 0 0 0 0 0 0 9
0 0 0 0 0 0 0 0 0 3
1 0 0 0 1 8 2 2 9 0
0 0 0 0 2 2 2 6 0 6
0 0 0 0 7 2 8 2 0 0
0 0 0 0 0 0 0 0 0 0
0 0 0 0 7 0 8 0 0 0"
8497b3a5.json,"4 4 4 4 4 4 4 4 4 4
0 0 0 0 0 0 0 0 4 0
0 0 0 0 0 0 0 0 0 0
0 4 0 0 0 4 0 0 0 0
0 0 0 0 0 0 0 0 4 0
0 0 5 0 0 0 0 0 0 0
0 0 0 0 5 0 5 0 0 0
0 5 0 0 0 0 0 0 0 0
0 0 0 0 0 0 0 0 0 5
5 5 5 5 5 5 5 5 5 5"
855fc433.json,"0 0 0 0 0 0 0 0 0 0 0 0 0 0 0
0 0 0 0 0 0 0 0 0 0 0 0 0 0 0
0 0 0 0 0 0 0 0 0 0 0 0 0 0 0
0 0 0 0 0 0 0 0 0 0 0 0 0 0 0
0 0 0 0 0 0 0 0 0 0 0 0 0 0 0
0 0 0 0 0 0 0 0 0 0 0 0 0 0 0
0 0 0 0 0 0 0 0 0 0 0 0 0 0 0
0 0 0 0 0 0 0 0 0 0 0 0 0 0 0
0 0 0 0 2 0 0 0 0 0 0 0 0 0 0
0 0 0 0 0 0 0 0 0 0 0 0 0 0 0
0 0 0 0 1 0 0 0 0 0 0 0 0 0 0
0 0 0 0 2 0 0 0 0 0 3 0 0 0 0
0 0 0 0 0 0 0 0 0 0 0 0 0 0 0
0 0 0 0 0 0 0 0 0 0 7 0 0 0 0
0 0 0 0 0 0 0 0 0 0 3 0 0 0 0"
85c02a99.json,"5 5 5
5 5 5
0 0 0"
85d120f0.json,"0 0 0 0 0 0 0 0 0
0 7 4 7 0 0 0 0 0
0 4 4 7 0 0 0 0 0
0 7 4 4 0 0 0 0 0
0 0 0 0 0 0 0 0 0
0 0 0 0 0 0 0 0 0
0 0 0 0 7 7 4 0 0
0 0 0 0 7 4 7 0 0
0 0 0 0 4 4 7 0 0"
85dc267f.json,"0 0 0 0 0 0 0 0 0
0 0 0 0 0 0 0 0 0
0 0 0 0 0 8 0 0 0
0 0 0 0 7 8 7 0 0
0 0 0 8 7 8 7 8 0
0 0 7 8 7 8 7 8 7
0 8 7 8 7 8 7 8 7
7 8 7 8 7 8 7 8 7
7 8 7 8 7 8 7 8 7"
861cec97.json,"3 9 7 0 0 0 0 0 0
8 3 9 0 0 0 0 0 0
7 8 3 0 0 0 0 0 0
0 0 0 3 9 7 0 0 0
0 0 0 8 3 9 0 0 0
0 0 0 7 8 3 0 0 0
0 0 0 0 0 0 3 9 7
0 0 0 0 0 0 8 3 9
0 0 0 0 0 0 7 8 3"
863953ba.json,Insufficient data provided to generate the final grid.
86f1983e.json,"0 0 0 0 0 0 0 0 0 0
8 0 0 0 0 0 0 0 0 8
0 8 0 0 0 0 0 0 8 0
0 0 8 0 0 0 0 8 0 0
0 0 0 8 0 8 0 0 0 0
0 0 0 0 8 8 0 0 0 0
0 0 0 0 8 8 0 0 0 0
0 0 0 8 0 0 8 0 0 0
0 0 8 0 0 0 0 0 0 0
0 8 0 0 0 0 0 0 0 0"
8732e693.json,"0 0 1 0
1 1 0 1
1 0 1 1
1 1 0 1"
87625d61.json,"0 6 6 6 6 6 6 6 6 6 0
6 0 6 6 6 6 6 6 6 0 6
6 6 0 6 6 6 6 6 0 6 6
6 6 6 0 6 6 6 0 6 6 6
6 6 6 6 0 6 0 6 6 6 6
6 6 6 6 6 0 6 6 6 6 6
6 6 6 6 0 6 0 6 6 6 6
6 6 6 0 6 6 6 0 6 6 6
6 6 0 6 6 6 6 6 0 6 6
6 0 6 6 6 6 6 6 6 0 6
0 6 6 6 6 6 6 6 6 6 0"
87aa832b.json,"6 7 2
7 6 7
7 1 1"
88b01b0c.json,"0 0 0 0 6 6 6 6 0 0 0 0
0 0 0 0 6 8 8 6 0 0 0 0
0 0 0 0 6 8 8 6 0 0 0 0
0 0 0 0 6 6 6 6 0 0 0 0
0 0 0 0 0 0 0 0 0 0 0 0
0 0 0 0 0 0 0 0 6 6 6 0
0 0 6 6 6 6 6 0 6 6 6 0
0 0 6 7 7 7 6 0 6 5 6 0
0 0 6 7 7 7 6 0 6 6 6 0
0 0 6 7 7 7 6 0 0 0 0 0
0 0 6 6 6 6 6 0 0 0 0 0
0 0 0 0 0 0 0 0 0 0 0 0"
88f24c74.json,Not provided in reasoning text
89ff7d50.json,"6 9 2 8 7
0 9 0 8 7
0 0 0 0 7
0 0 0 0 0
0 0 0 0 0"
8a1f913f.json,"8 5 5
5 5 1
1 5 5
5 1 5
8 8 1"
8aa2d690.json,"0 0 0 0 0 0 0 0 0 0 0 0 0 0 0 0 0 0 0 0 0
0 0 0 0 0 0 0 0 0 0 0 0 0 0 0 0 0 0 0 0 0
0 0 0 0 0 0 0 0 0 0 0 0 0 0 0 0 0 0 0 0 0
0 0 0 0 0 0 0 0 0 0 0 0 0 0 0 0 0 0 0 0 0
0 0 0 0 0 0 0 0 0 0 0 0 0 0 0 0 0 0 0 0 0
0 0 0 0 0 0 0 0 0 0 0 0 0 0 0 0 0 0 0 0 0
0 0 0 0 0 0 0 0 0 0 0 0 0 0 0 0 0 0 0 0 0
0 0 0 0 0 0 0 0 0 0 0 0 0 0 0 0 0 0 0 0 0
0 0 0 0 0 0 0 0 0 0 0 0 0 0 0 0 0 0 0 0 0
0 0 0 0 0 0 0 0 0 0 0 0 0 0 0 0 0 0 0 0 0
0 0 0 0 0 0 0 0 0 0 0 0 0 0 0 0 0 0 0 0 0
0 0 0 0 0 0 0 0 0 0 0 0 0 0 0 0 0 0 0 0 0
0 0 0 0 0 0 0 0 0 0 0 0 0 0 0 0 0 0 0 0 0
0 0 0 0 0 0 0 0 0 0 0 0 0 0 0 0 0 0 0 0 0
0 0 0 0 0 0 0 0 0 0 0 0 0 0 0 0 0 0 0 0 0
0 0 0 0 0 0 0 0 0 0 0 0 0 0 0 0 0 0 0 0 0
0 0 0 0 0 0 0 0 0 0 0 0 0 0 0 0 0 0 0 0 0
0 0 0 0 0 0 0 0 0 0 0 0 0 0 0 0 0 0 0 0 0
0 0 0 0 0 0 0 0 0 0 0 0 0 0 0 0 0 0 0 0 0
0 8 0 0 8 0 0 0 0 0 0 0 0 0 0 0 0 0 0 0 0
0 0 8 0 0 8 0 0 0 0 0 0 0 0 0 0 0 0 0 0 0"
8b23f996.json,"4 4 9 9
4 4 4 4
4 4 9 9
4 4 9 9
4 4 4 4
4 4 9 9"
8c41c4f0.json,"0 0 9 9 9 9 9 9 0 0
0 0 9 9 9 9 9 9 0 0
0 0 9 9 9 9 9 9 0 0
0 0 0 3 3 3 3 0 0 0
0 0 0 3 3 3 3 0 0 0
0 0 0 3 3 3 3 0 0 0
0 8 8 8 8 8 8 8 0 0
0 8 8 8 8 8 8 8 0 0
0 8 8 8 8 8 8 8 0 0
0 8 8 8 8 8 8 8 0 0"
8cd13128.json,"0 0 0 0 0 0 0 0 0 0
0 0 2 0 0 0 0 0 0 5
0 0 2 0 0 2 2 0 0 5
0 0 0 0 0 0 0 0 0 5
0 0 0 0 0 0 0 0 0 0
0 0 0 0 0 0 0 0 0 0
1 0 0 5 0 0 0 1 1 0
1 0 0 5 5 0 1 1 0 0
1 0 0 0 0 0 0 0 0 0
1 0 0 0 0 0 0 0 0 0"
8dd1de8a.json,"6 7 6 7
6 7 7 7
7 6 7 6
6 7 7 6"
8dfc4875.json,"8 8 1
1 8 8
8 8 1"
8dfea27b.json,"5 0 5 5 0 0 5 0 5 2
0 0 0 0 0 0 0 0 0 0
5 0 5 5 0 0 5 0 5 2
0 0 0 0 0 0 0 0 0 0
5 0 5 5 0 0 5 0 5 2
0 0 0 0 0 0 0 0 0 0
5 0 5 5 0 0 5 0 5 2
5 0 5 5 0 0 5 0 5 2
0 0 0 0 0 0 0 0 0 0
2 0 2 2 0 0 2 0 2 0"
8e0a75b5.json,"0 0 0 0 0 0 0 0 0 0 0 0
0 0 0 0 0 0 0 0 0 0 0 0
0 0 0 0 0 0 0 0 0 0 0 0
0 0 0 4 8 8 8 8 8 8 0 0
0 0 0 0 0 0 0 0 0 8 0 0
0 0 0 0 0 0 0 0 0 8 0 0
0 0 0 0 0 0 0 0 0 8 0 0
0 0 0 0 0 0 0 0 0 8 0 0
0 0 0 0 0 0 0 0 0 8 0 0
0 0 0 0 0 0 0 0 0 8 0 0
0 0 0 0 0 0 0 0 0 8 0 0
0 0 0 0 0 0 0 0 0 2 0 0
0 0 0 0 0 0 0 0 0 0 0 0"
8e2779cf.json,"0 0 0 0 0 0 8 3 3 8 0 0
8 0 0 0 0 0 0 0 0 0 0 0
0 0 0 0 0 0 0 0 0 0 0 0
0 0 0 0 0 0 0 0 0 0 0 0
0 0 0 0 0 0 0 0 0 0 0 0
0 0 0 0 8 0 0 0 0 0 0 0
0 0 0 0 3 0 0 0 0 0 0 0
0 0 0 0 3 0 0 0 8 0 0 0
0 0 0 0 3 0 0 0 0 0 0 0
8 0 0 0 3 0 0 0 0 0 0 0
0 0 0 0 3 0 0 0 0 0 0 0
0 0 0 0 8 0 0 0 0 0 0 0"
8e6a2920.json,"3 0 0
0 3 0
0 0 3"
8ebea53b.json,"0 0 2
0 0 0
0 0 2"
8eecbf0f.json,"1 0 0 1 0
0 0 0 0 0
0 0 1 0 1"
8efb0b47.json,"1 1 1 1 1 1
1 1 1 1 1 1
1 1 1 1 1 1
1 1 1 1 1 1
1 1 2 1 1 1
1 1 1 1 1 1"
8f2a7b87.json,8 1 4
8f335580.json,"1 0 0 3 0 0 0 0 0 0 0 0 0 0 0
0 5 5 0 0 0 0 0 0 1 5 5 3 0 0
0 5 5 0 0 0 0 0 0 0 5 5 0 0 0
2 0 0 1 0 0 3 0 0 0 0 0 0 0 0
0 0 0 0 5 5 0 0 0 2 0 0 4 0 0
0 0 0 0 5 5 0 0 0 0 0 0 0 0 0
0 0 0 2 0 0 4 0 0 0 0 0 0 0 0
0 0 0 0 0 0 0 0 0 1 0 0 3 0 0
0 0 0 0 0 0 0 0 0 0 5 5 0 0 0
0 0 0 0 0 0 0 0 0 0 5 5 0 0 0
1 0 0 3 0 0 0 0 0 2 0 0 4 0 0
0 5 5 0 0 1 0 0 3 0 0 0 0 0 0
0 5 5 0 0 0 5 5 0 0 0 0 0 0 0
2 0 0 4 0 0 5 5 0 0 0 0 0 0 0
0 0 0 0 0 2 0 0 4 0 0 0 0 0 0"
8f650c55.json,"0 0 0 0 0 8 2 8 0 0 0 0 0 8 2 8 0 0 0
0 0 0 0 0 8 2 8 0 0 0 0 0 8 2 8 0 0 0
0 2 0 0 0 8 2 8 0 0 0 0 0 8 2 8 0 0 0
0 0 0 0 0 8 8 8 0 0 0 0 0 8 8 8 0 0 0
0 0 0 0 0 0 2 0 0 0 0 0 0 0 2 0 0 0 0
0 0 0 0 0 0 2 0 0 0 0 0 0 0 2 0 0 0 0
0 0 0 0 0 8 8 8 0 0 0 0 0 8 8 8 0 0 0
0 0 0 0 0 8 2 8 0 0 0 0 0 8 2 8 0 0 0
0 0 0 0 0 8 2 8 2 2 2 2 2 8 2 8 0 0 0
0 0 0 0 0 8 8 8 0 0 0 0 0 8 8 8 0 0 0
0 0 0 0 0 0 2 0 0 0 0 0 0 0 2 0 0 0 0
0 0 0 0 0 0 2 0 0 0 0 0 0 0 2 0 0 0 0
0 0 0 0 0 8 8 8 0 0 0 0 0 8 8 8 0 0 0
0 0 0 0 0 8 2 8 2 2 2 2 2 8 2 8 2 0 0
0 0 0 0 0 8 2 8 2 2 2 2 2 8 2 8 2 0 0
0 0 0 0 0 8 8 8 0 0 0 0 0 8 8 8 0 0 0
0 0 0 0 0 0 2 0 0 0 0 0 0 0 2 0 0 0 0"
8fb58750.json,"0 0 0 0 0 0 0 0 0 0 0 0
0 0 7 0 3 0 7 0 0 0 0 0
0 0 0 7 3 7 0 0 0 0 0 0
0 0 3 3 7 3 3 0 0 0 0 0
0 0 0 7 3 7 0 0 0 0 0 0
0 0 7 0 3 0 7 0 0 0 0 0
0 0 0 0 7 0 3 0 7 0 0 0
0 0 0 0 0 7 3 7 0 0 0 0
0 0 0 0 3 3 7 3 3 0 0 0
0 0 0 0 0 7 3 7 0 0 0 0
0 0 0 0 7 0 3 0 7 0 0 0
0 0 0 0 0 0 0 0 0 0 0 0"
9031eb65.json,"0 2 2 2 2 2 2 2 2 2 2 2 2 0
8 0 0 0 0 0 2 0 0 0 2 0 0 4
8 0 0 0 0 0 0 0 0 0 0 0 4 4
8 8 0 0 0 0 0 0 0 0 0 0 0 4
8 0 0 0 0 0 0 0 0 0 0 0 0 4
8 0 0 0 0 0 0 0 0 0 0 0 0 4
8 0 0 0 0 0 0 0 0 0 0 0 0 4
8 0 0 0 0 0 0 0 0 0 0 0 0 4
8 0 0 0 0 0 0 0 0 0 0 0 4 4
8 8 0 0 0 0 0 0 0 0 0 0 0 4
8 0 0 0 0 0 0 0 0 0 0 0 0 4
8 0 0 0 0 0 0 0 0 0 0 0 0 4
8 0 0 0 0 0 0 0 0 0 0 0 0 4
8 8 0 0 0 0 0 0 0 0 0 0 0 4
8 0 0 0 0 0 0 0 0 0 0 0 0 4
8 0 0 1 0 0 0 0 1 0 0 1 0 4
0 1 1 1 1 1 1 1 1 1 1 1 1 0"
905dec67.json,"4 4 0 0 0 0 0 4 4 4 4 4
1 1 0 0 0 0 0 1 1 1 1 1
4 4 0 0 0 0 0 4 4 4 4 4
4 4 0 0 0 0 0 4 4 4 4 4
0 0 0 0 0 0 0 0 0 0 0 0
0 0 0 0 0 0 0 0 0 0 0 0
2 2 2 2 2 2 0 2 2 2 2 2
2 2 0 0 0 0 0 2 2 0 0 0
2 2 0 0 0 0 0 2 2 0 0 0
2 2 0 0 0 0 0 2 2 0 0 0
1 1 1 1 1 1 1 1 1 1 1 1
1 1 1 1 1 1 1 1 1 1 1 1"
90de7b3a.json,"3 3 3 3 3 3 3 0 0 0 0 0 0 0 1 1 1 1 1 1 1
3 3 3 3 3 3 3 0 0 0 0 0 0 0 1 1 1 1 1 1 1
3 3 3 3 3 3 3 0 0 0 0 0 0 0 1 1 1 1 1 1 1
3 3 3 3 3 3 3 0 0 0 0 0 0 0 1 1 1 1 1 1 1
3 3 3 3 3 3 3 0 0 0 0 0 0 0 1 1 1 1 1 1 1
3 3 3 3 3 3 3 0 0 0 0 0 0 0 1 1 1 1 1 1 1
3 3 3 3 3 3 3 0 0 0 0 0 0 0 1 1 1 1 1 1 1
0 0 0 0 0 0 0 4 4 4 4 4 4 4 0 0 0 0 0 0 0
0 0 0 0 0 0 0 4 4 4 4 4 4 4 0 0 0 0 0 0 0
0 0 0 0 0 0 0 4 4 4 4 4 4 4 0 0 0 0 0 0 0
0 0 0 0 0 0 0 4 4 4 4 4 4 4 0 0 0 0 0 0 0
0 0 0 0 0 0 0 4 4 4 4 4 4 4 0 0 0 0 0 0 0
0 0 0 0 0 0 0 4 4 4 4 4 4 4 0 0 0 0 0 0 0
0 0 0 0 0 0 0 4 4 4 4 4 4 4 0 0 0 0 0 0 0
0 0 0 0 0 0 0 3 3 3 3 3 3 3 0 0 0 0 0 0 0
0 0 0 0 0 0 0 3 3 3 3 3 3 3 0 0 0 0 0 0 0
0 0 0 0 0 0 0 3 3 3 3 3 3 3 0 0 0 0 0 0 0
0 0 0 0 0 0 0 3 3 3 3 3 3 3 0 0 0 0 0 0 0
0 0 0 0 0 0 0 3 3 3 3 3 3 3 0 0 0 0 0 0 0
0 0 0 0 0 0 0 3 3 3 3 3 3 3 0 0 0 0 0 0 0
0 0 0 0 0 0 0 3 3 3 3 3 3 3 0 0 0 0 0 0 0"
9150ddc7.json,"0 0 0 0 0 0 8 0 8
0 4 0 0 0 0 0 1 0
0 0 0 0 0 0 8 0 8
0 0 0 0 0 7 0 0 0
0 8 0 8 0 0 0 0 0
0 0 1 0 0 0 2 0 0
0 8 0 8 0 2 6 2 0
0 0 0 0 0 0 2 0 0
0 0 0 0 0 0 0 0 0"
916d5459.json,"0 0 0 0 0 0 0 8 8 8 0
0 0 0 6 6 6 0 8 0 8 0
3 3 3 6 0 6 0 0 0 0 0
3 0 3 0 0 0 0 0 0 0 0
0 0 0 0 0 0 0 0 0 0 0
0 0 0 0 0 0 0 0 0 0 0
0 5 0 0 5 0 0 0 5 0 0"
9251c1e6.json,"2 0 0
2 0 0
0 0 0"
92c1cd40.json,"2 2 2 2 2 0 0 0 0 0 8 8 8 8 8 8 8 8 8 8 0 0 0 0 0
2 2 2 2 2 0 0 0 0 0 8 8 8 8 8 8 8 8 8 8 0 0 0 0 0
2 2 2 2 2 0 0 0 0 0 8 8 8 8 8 8 8 8 8 8 0 0 0 0 0
2 2 2 2 2 0 0 0 0 0 8 8 8 8 8 8 8 8 8 8 0 0 0 0 0
2 2 2 2 2 0 0 0 0 0 8 8 8 8 8 8 8 8 8 8 0 0 0 0 0
2 2 2 2 2 0 0 0 0 0 8 8 8 8 8 8 8 8 8 8 0 0 0 0 0
2 2 2 2 2 0 0 0 0 0 8 8 8 8 8 8 8 8 8 8 0 0 0 0 0
2 2 2 2 2 0 0 0 0 0 8 8 8 8 8 8 8 8 8 8 0 0 0 0 0
2 2 2 2 2 0 0 0 0 0 8 8 8 8 8 8 8 8 8 8 0 0 0 0 0
2 2 2 2 2 0 0 0 0 0 8 8 8 8 8 8 8 8 8 8 0 0 0 0 0
3 3 3 3 3 0 0 0 0 1 0 0 0 0 0 0 0 0 0 0 1 0 0 0 0
3 3 3 3 3 0 0 0 1 0 0 0 0 0 0 0 0 0 0 0 0 1 0 0 0
3 3 3 3 3 0 0 1 0 0 0 0 0 0 0 0 0 0 0 0 0 0 1 0 0
3 3 3 3 3 0 1 0 0 0 0 0 0 0 0 0 0 0 0 0 0 0 0 1 0
3 3 3 3 3 1 0 0 0 0 0 0 0 0 0 0 0 0 0 0 0 0 0 0 1
4 4 4 4 4 0 0 0 0 0 0 0 0 0 0 0 0 0 0 0 0 0 0 0 0
4 4 4 4 4 0 0 0 0 0 0 0 0 0 0 0 0 0 0 0 0 0 0 0 0
4 4 4 4 4 0 0 0 0 0 0 0 0 0 0 0 0 0 0 0 0 0 0 0 0
4 4 4 4 4 0 0 0 0 0 0 0 0 0 0 0 0 0 0 0 0 0 0 0 0
4 4 4 4 4 0 0 0 0 0 0 0 0 0 0 0 0 0 0 0 0 0 0 0 0
7 7 7 7 7 4 4 4 4 4 3 3 3 3 3 2 2 2 2 2 2 2 2 2 2
7 7 7 7 7 4 4 4 4 4 3 3 3 3 3 2 2 2 2 2 2 2 2 2 2
7 7 7 7 7 4 4 4 4 4 3 3 3 3 3 2 2 2 2 2 2 2 2 2 2
7 7 7 7 7 4 4 4 4 4 3 3 3 3 3 2 2 2 2 2 2 2 2 2 2
7 7 7 7 7 4 4 4 4 4 3 3 3 3 3 2 2 2 2 2 2 2 2 2 2"
7d4348f0.json,"0 0 0 3 3 3 3 3 0
0 0 0 0 0 0 0 0 0
0 0 0 0 0 0 0 0 0
0 2 2 2 2 2 2 2 0
0 0 0 0 0 0 0 0 0
0 0 0 0 0 4 4 4 0
0 0 0 0 0 0 0 0 0
1 1 1 1 1 1 1 1 0
0 0 0 0 0 0 0 0 0"
7cd3dbb3.json,"0 0 0 0 1 2 0 0 0
0 0 0 2 0 1 0 0 0
0 0 0 1 1 2 0 0 0
0 0 0 0 0 0 0 1 2
0 0 0 0 0 0 2 0 1
0 0 0 0 0 0 1 1 2
0 1 2 0 1 2 0 0 0
2 0 1 2 0 1 0 0 0
1 1 2 1 1 2 0 0 0"
93433d20.json,"0 0 0
0 0 2
0 0 2"
7d5417d2.json,"0 0 0 0 0 0 0 0 0 0 0 0 0 0 0
0 0 0 0 2 2 2 2 2 2 2 0 0 0 0
0 0 0 0 2 2 2 2 2 2 2 0 0 0 0
0 0 0 0 2 2 2 2 2 2 2 0 0 0 0
0 0 0 0 2 2 2 2 2 2 2 0 0 0 0
0 0 0 0 0 0 0 0 0 0 0 0 0 0 0
0 0 0 0 0 0 0 0 0 0 0 0 0 0 0
0 0 0 0 0 4 4 4 4 4 4 0 0 0 0
0 0 0 0 0 4 4 4 4 4 4 0 0 0 0
0 0 0 0 0 4 4 4 4 4 4 0 0 0 0
0 0 0 0 0 0 1 1 1 0 0 0 0 0 0
0 0 0 0 0 0 1 1 1 0 0 0 0 0 0
0 0 0 0 0 0 1 1 1 0 0 0 0 0 0
0 0 0 0 0 0 1 1 1 0 0 0 0 0 0
0 0 0 0 0 0 1 1 1 0 0 0 0 0 0"
947ac75c.json,"5 2 5 5 2 2 5 5 5 2
5 1 5 5 5 5 1 5 5 5
5 5 1 1 5 5 1 1 5 5
5 5 5 5 1 5 5 5 1 5
2 5 5 5 5 5 5 5 5 5
5 5 5 5 5 5 5 5 5 5
2 2 5 5 1 1 5 5 2 2
2 5 5 5 5 5 5 5 5 2
5 5 5 1 1 5 5 2 2 5
2 5 1 5 1 5 5 5 5 5"
95912f88.json,"0 0 7 0
0 0 0 0
0 0 0 7
0 0 0 0"
96697b0f.json,"0 0 0 0 0 0 2 0 0
0 0 0 0 0 0 2 0 0
2 2 2 2 0 0 2 0 0
2 1 1 2 0 0 2 0 0
2 1 1 2 2 2 2 2 2
2 1 1 1 0 1 1 2 0
2 2 2 2 2 2 1 2 0
0 0 0 2 0 1 1 2 0
0 0 2 2 2 2 2 2 0"
97f77bab.json,"4 0 4
4 4 0
4 0 4"
98c81636.json,"0 0 0 0 0 0 0 0 0 0
0 4 4 4 4 4 4 0 0 0
0 4 2 2 2 2 4 0 0 0
0 4 2 2 2 2 4 4 4 4
0 4 2 2 2 2 4 4 1 4
0 4 2 2 2 2 4 4 1 4
0 4 4 4 4 4 4 4 1 4
0 0 0 0 0 0 0 4 1 4
0 0 0 0 0 0 0 4 4 4
0 0 0 0 0 0 0 0 0 0"
98fca014.json,"0 0 5 0 5 0 0 3 0 3 0 0 0 3 0 0 0
0 3 0 0 0 3 0 0 5 0 0 3 0 0 5 0 5
5 0 0 3 0 0 5 0 0 0 5 0 5 0 0 3 0"
99303440.json,"3
8
2
4
1"
99351afa.json,Insufficient data provided to determine the final grid.
9a0d8fff.json,"0 0 0 0 0 0 0 0 0 0
0 2 0 0 0 0 0 0 0 0
0 2 0 0 0 0 0 5 0 0
0 2 0 0 0 0 0 5 0 0
0 0 0 0 0 0 0 5 2 0
0 0 0 0 0 0 0 5 2 0
0 0 0 0 0 0 0 0 2 0
0 0 0 0 2 0 0 0 2 0
0 0 0 0 2 0 0 0 2 0
0 0 0 0 2 0 0 0 2 0"
9a43d99b.json,"3 3 0 0 0 0 0
0 0 0 0 0 0 0
0 0 0 3 0 0 0
0 0 3 3 3 3 3
0 0 0 0 0 0 0
0 0 0 0 0 0 0
0 0 0 0 0 3 0
0 0 0 0 3 0 0"
9ab0bed4.json,"0 0 0 6
0 0 0 6
6 0 0 6
6 6 6 6
6 0 0 0
6 6 0 0"
9b171ec4.json,"0 0 0 4 3 0 9 0 0 0
0 0 0 0 0 0 0 0 0 0
0 0 0 4 3 8 9 0 0 0
0 0 0 8 8 8 6 0 0 6
6 0 0 6 8 8 8 0 0 0
0 0 0 2 8 7 8 0 0 2
0 0 0 0 0 0 0 0 0 0
0 0 0 0 0 0 0 0 0 0
0 0 0 0 0 0 0 0 0 0
0 0 0 0 0 7 0 0 0 0"
9b88696a.json,"5 5 0 2 0
5 5 0 2 2
0 2 2 2 0
2 2 0 1 1
0 2 0 1 1"
9baaa3c6.json,"5 5 3
5 6 6
6 6 5"
9bcb63ba.json,"0 0 0 0 0 0 0 0 0 0
0 0 0 0 0 0 0 0 0 0
0 0 0 0 0 0 0 0 0 0
0 0 0 0 0 0 0 0 0 0
0 0 0 0 4 4 4 4 4 4
0 0 0 4 0 0 0 0 0 4
0 0 4 0 0 0 0 0 4 0
0 4 0 0 0 0 0 4 0 0
0 0 4 4 4 4 4 4 0 0
0 0 0 0 0 0 0 0 0 0"
9c21683e.json,"0 1 1 1 0 0 0 0 0
0 1 5 1 0 0 0 0 0
0 1 1 1 0 0 1 1 1
0 0 0 0 0 0 1 5 1
0 0 0 1 1 1 1 1 1
0 0 0 1 5 1 0 0 0
1 1 1 1 1 1 1 1 1
1 5 1 0 0 0 1 5 1
1 1 1 0 0 0 1 1 1"
9c3aaa88.json,"0 2 2 0 2 2 0 2 2 0 2 2 0 2
0 2 2 0 2 2 0 2 2 0 2 2 0 2
2 0 0 2 0 0 2 0 0 2 0 0 2 0
0 2 2 0 2 2 0 2 2 0 2 2 0 2
0 2 2 0 2 2 0 2 2 0 2 2 0 2
2 0 0 2 0 0 2 0 0 2 0 0 2 0
0 2 2 0 2 2 0 2 2 0 2 2 0 2
0 2 2 0 2 2 0 2 2 0 2 2 0 2
2 0 0 2 0 0 2 0 0 2 0 0 2 0
0 2 2 0 2 2 0 2 2 0 2 2 0 2
0 2 2 0 2 2 0 2 2 0 2 2 0 2
2 0 0 2 0 0 2 0 0 2 0 0 2 0
0 2 2 0 2 2 0 2 2 0 2 2 0 2"
9c5cfe5e.json,"3 1 7
2 1 3
4 8 2"
9c7cc7d3.json,"0 0 0 0 0 0 0 0 0 0 0 0 0 6 0 0 0
0 0 0 0 0 0 0 0 0 0 0 0 6 0 0 0 0
0 0 0 0 0 0 0 0 0 0 0 6 0 0 0 0 0
0 0 0 0 0 0 0 0 0 0 6 0 0 0 0 0 0
0 0 0 0 0 0 0 0 0 6 0 0 0 0 0 0 0
6 0 0 0 0 0 0 0 6 0 0 0 0 0 0 0 0
0 6 0 0 0 0 0 6 0 0 0 0 0 0 0 0 0
0 0 6 0 0 0 6 0 0 0 0 0 0 0 0 0 0
0 0 0 6 0 6 0 0 0 0 0 0 0 0 0 0 0
0 0 0 0 6 0 0 0 0 0 0 0 0 0 0 0 0
0 0 0 6 0 6 0 0 0 0 0 0 0 0 0 0 0
0 0 6 0 0 0 6 0 0 0 0 0 0 0 0 0 0
0 6 0 0 0 0 0 6 0 0 0 0 0 0 0 0 0
6 0 0 0 0 0 0 0 6 0 0 0 0 0 0 0 0
0 0 0 0 0 0 0 0 0 6 0 0 0 0 0 0 0
0 0 0 0 0 0 0 0 0 0 6 0 0 0 0 0 0
0 0 0 0 0 0 0 0 0 0 0 6 0 0 0 0 0"
9c97d40d.json,Unable to provide the full grid as the reasoning text was truncated before the final calculation.
9da00676.json,"0 0 0 0 3 3 3 3 3 3 0 3
0 0 0 0 7 7 7 7 7 7 0 7
0 0 0 0 3 3 3 3 3 3 0 3
3 3 3 0 3 3 3 3 3 3 0 3
6 6 6 0 6 6 6 6 6 6 0 6
6 6 6 0 6 6 6 6 6 6 0 6
6 6 6 6 6 6 0 0 0 0 0 6
0 0 0 6 6 6 0 0 0 0 0 6
0 0 0 7 7 7 0 0 0 0 0 7
0 0 0 7 7 7 0 7 7 7 0 7
0 0 0 7 7 7 0 7 7 7 0 7
0 0 0 7 7 7 0 7 7 7 0 7"
9e089267.json,"3 3 3 3 3 3 3 3 3 3 3 3 3 3
3 0 0 0 0 4 4 4 4 0 0 0 0 3
3 0 0 0 0 4 4 4 4 0 0 0 0 3
3 0 0 0 0 4 4 4 4 0 0 0 0 3
3 0 0 0 0 4 4 4 4 0 0 0 0 3
3 4 4 4 4 0 0 0 0 4 4 4 4 3
3 4 4 4 4 0 0 0 0 4 4 4 4 3
3 4 4 4 4 0 0 0 0 4 4 4 4 3
3 4 4 4 4 0 0 0 0 4 4 4 4 3
3 0 0 0 0 4 4 4 4 0 0 0 0 3
3 0 0 0 0 4 4 4 4 0 0 0 0 3
3 0 0 0 0 4 4 4 4 0 0 0 0 3
3 0 0 0 0 4 4 4 4 0 0 0 0 3
3 3 3 3 3 3 3 3 3 3 3 3 3 3"
9e2550a5.json,"2 0 0 0 0 0 0 0 0 0
0 0 0 0 0 1 1 1 0 5
0 0 0 0 0 1 2 1 0 0
0 1 1 1 0 1 1 1 0 0
0 1 2 1 0 0 0 0 0 0
0 1 1 1 0 0 0 0 0 0
0 0 0 0 0 0 0 1 1 1
0 0 0 0 0 0 0 1 2 1
0 0 0 0 5 0 0 1 1 1
0 0 0 0 0 0 0 0 0 0"
9ee02fe7.json,"9 9 9
9 9 9
9 9 9"
9f1707cf.json,"7 7 7 7 7 7 7 7 7 7
7 0 0 0 0 0 0 0 0 7
7 7 7 7 7 7 7 7 7 7
7 0 0 0 0 0 0 0 0 7
7 0 0 0 0 0 0 0 0 7
7 0 0 0 0 0 0 0 0 7
7 0 0 0 0 0 0 0 0 7
7 7 7 7 7 7 7 7 7 7
7 0 0 0 0 0 0 0 0 7
7 7 7 7 7 7 7 7 7 7"
9feab2dd.json,"3 4 4 4 4 4 4 4 4 4
3 2 0 0 0 0 0 0 0 0
3 0 2 0 0 0 0 0 0 0
3 0 0 2 0 0 0 0 0 0
3 0 0 0 2 0 0 0 0 0
3 0 0 0 0 2 0 0 0 0
3 0 0 0 0 0 2 0 0 0
3 0 0 0 0 0 0 2 0 0
3 0 0 0 0 0 0 0 2 0
3 0 0 0 0 0 0 0 0 2"
95c31cb8.json,"6 6 1
1 6 6
6 1 6"
95926a28.json,"(No input grid provided to parse, but the rule is extracted from the reasoning text.)"
a2f61697.json,"2 8 2
8 2 8
8 6 6
3 6 3"
a34973a3.json,"0 0 0 0 0 0 0 0 0 0
0 3 0 0 0 0 0 0 0 0
0 0 0 0 0 3 3 3 3 0
0 0 0 0 0 3 3 3 3 0
0 0 0 0 0 3 3 3 3 0
0 0 0 0 0 3 3 3 3 0
0 0 0 0 0 3 3 3 3 0
0 0 0 0 0 3 3 3 3 0
0 0 0 0 0 0 0 0 0 0
0 0 0 0 0 0 0 0 0 0"
a44ace24.json,"4 0 0 0 0 0 0 0 0 2
4 0 0 0 0 0 0 0 2 0
4 0 0 0 0 0 0 2 0 0
4 0 0 0 0 0 2 0 0 0
4 0 0 0 0 2 0 0 0 0
4 0 0 0 2 0 0 0 0 0
4 0 0 2 0 0 0 0 0 0
4 0 2 0 0 0 0 0 0 0
4 2 0 0 0 0 0 0 0 0
3 3 3 3 3 3 3 3 3 3"
a4dc053a.json,"2 6 2 6 2 6
6 2 6 2 6 2"
a53cf1b5.json,"1 0 2 0 0 6
1 0 8 8 6 0
0 0 0 6 0 0
3 3 6 0 0 0
0 6 0 0 0 0
6 0 0 0 0 0"
a57585d8.json,"0 0 0 0 0 0 0 0 0 0
0 0 0 0 0 0 0 0 0 0
4 4 4 4 4 4 4 4 4 4
5 0 0 0 0 0 0 0 0 0
4 4 4 4 4 4 4 4 4 4
0 0 0 0 0 0 0 0 0 5
4 4 4 4 4 4 4 4 4 4
5 0 0 0 0 0 0 0 0 0
4 4 4 4 4 4 4 4 4 4
0 0 0 0 0 0 0 0 0 5"
a72ca2ca.json,"0 0 0 0 0 8 8 8 0 0 0
0 0 0 0 0 8 0 8 0 0 0
0 0 0 0 0 8 8 8 0 0 0
0 0 0 0 0 8 0 8 0 0 0
0 0 0 0 0 8 8 8 0 0 0
0 0 0 0 0 0 0 0 0 0 0
0 0 0 0 0 0 0 0 4 4 4
0 0 0 0 0 0 0 0 4 0 4
0 0 0 0 0 0 0 0 4 4 4
0 0 0 0 0 0 0 0 4 0 4
0 0 0 0 0 0 0 0 4 4 4
0 0 0 0 8 8 8 0 4 0 4
0 0 0 0 8 0 8 0 4 4 4
0 0 0 0 8 8 8 0 4 0 4
0 0 0 0 8 0 8 0 4 4 4
0 0 0 0 8 8 8 0 4 0 4
0 0 0 0 8 0 8 0 4 4 4
0 0 0 0 8 8 8 0 4 0 4
0 0 0 0 0 0 0 0 4 4 4
0 0 0 0 0 0 0 0 0 0 0"
a72fa941.json,"0 0 0 0 0 0 0 0 0 0 0 0 0 0 0
0 0 0 0 0 0 0 3 0 0 0 0 0 0 0
0 0 0 0 0 0 0 3 0 0 0 0 0 0 0
0 0 0 0 0 3 3 0 0 0 0 0 0 0 0
0 0 0 0 0 0 3 0 0 0 0 0 0 0 0
0 0 0 0 3 0 3 3 0 0 0 0 0 0 0
0 0 0 0 0 7 0 3 0 0 0 0 0 0 0
0 0 0 0 0 3 0 7 0 0 0 0 0 0 0
0 0 0 0 0 0 3 0 0 0 0 0 0 0 0
0 0 0 0 0 3 3 0 0 0 0 0 0 0 0
0 0 0 0 0 0 3 0 0 0 0 0 0 0 0
0 0 0 0 0 3 0 0 0 0 0 0 0 0 0
0 0 0 0 0 0 0 0 0 0 0 0 0 0 0
0 0 0 0 0 0 0 0 0 0 0 0 0 0 0
0 0 0 0 0 0 0 0 0 0 0 0 0 0 0"
a76f8dbd.json,"0 0 4 4 0 0
0 0 4 4 0 0
4 4 0 0 4 4
4 4 0 0 4 4
0 0 4 4 0 0
0 0 4 4 0 0
4 4 0 0 4 4
4 4 0 0 4 4
0 0 4 4 0 0
0 0 4 4 0 0"
a899aca6.json,"2 2 1 2 2 1 0 0 0
1 0 2 1 0 2 0 0 0
0 2 1 0 2 1 0 0 0
0 0 0 0 0 0 2 2 1
0 0 0 0 0 0 1 0 2
0 0 0 0 0 0 0 2 1
0 0 0 2 2 1 0 0 0
0 0 0 1 0 2 0 0 0
0 0 0 0 2 1 0 0 0"
a8aeebd2.json,"0 0 0 1 0
0 0 1 0 0
0 1 0 0 0
1 0 0 0 0
0 1 0 0 0
0 0 1 0 0
0 0 0 1 0
0 0 0 0 1
0 0 0 1 0
0 0 1 0 0"
a92d3271.json,"9 5 5
5 5 1
5 1 7"
a93a7661.json,"0 0 4
0 3 0
0 2 0"
a962ef88.json,"8 8 8 6 8 8 8 8 8 8 8 6 8 8 8
8 8 8 6 8 8 8 8 8 8 8 6 8 8 8
8 8 8 6 8 8 8 8 8 8 8 6 8 8 8
8 1 1 1 1 1 8 8 8 8 8 6 8 8 8
8 1 8 6 8 1 8 8 8 8 8 6 8 8 8
6 1 6 6 6 1 6 6 6 6 6 6 6 6 6
8 1 8 6 8 1 8 8 8 8 8 6 8 8 8
8 1 1 1 1 1 8 8 1 1 1 1 1 8 8
8 8 8 6 8 8 8 8 1 8 6 8 1 8 8
6 6 6 6 6 6 6 6 6 1 6 6 6 1 6
8 8 8 6 8 8 8 8 1 8 6 8 1 8 8
8 8 8 6 8 8 8 8 1 1 1 1 1 8 8
8 8 8 6 8 8 8 8 8 8 8 6 8 8 8
8 8 8 6 8 8 8 8 8 8 8 6 8 8 8
8 8 8 6 8 8 8 8 8 8 8 6 8 8 8"
a9c6d258.json,"2 2 2 2 2 2 2 2 2 2 2 2 2 2
2 0 0 0 0 4 4 4 4 0 0 0 0 2
2 0 0 0 0 4 4 4 4 0 0 0 0 2
2 0 0 0 0 4 4 4 4 0 0 0 0 2
2 0 0 0 0 4 4 4 4 0 0 0 0 2
2 4 4 4 4 0 0 0 0 4 4 4 4 2
2 4 4 4 4 0 0 0 0 4 4 4 4 2
2 4 4 4 4 0 0 0 0 4 4 4 4 2
2 4 4 4 4 0 0 0 0 4 4 4 4 2
2 0 0 0 0 4 4 4 4 0 0 0 0 2
2 0 0 0 0 4 4 4 4 0 0 0 0 2
2 0 0 0 0 4 4 4 4 0 0 0 0 2
2 0 0 0 0 4 4 4 4 0 0 0 0 2
2 2 2 2 2 2 2 2 2 2 2 2 2 2"
aa267667.json,"2 6 2 6 2 6
6 2 6 2 6 2"
aad8a54a.json,"0 0 0 0 2 2 0 2 2
0 0 0 2 2 0 2 2 0
0 0 0 2 0 0 2 0 0
0 2 2 0 2 2 0 0 0
2 2 0 2 2 0 0 0 0
2 0 0 2 0 0 0 0 0
0 2 2 0 0 0 0 0 0
2 2 0 0 0 0 0 0 0
2 0 0 0 0 0 0 0 0"
abd000c4.json,"0 0 0 0 0 0 0 0 0 1 1 1
0 0 0 0 0 0 0 0 1 1 1 1
0 0 0 0 0 0 1 1 1 1 1 1
0 0 0 0 0 0 1 1 1 1 1 1
0 0 0 0 0 1 1 1 1 1 1 1
0 0 0 0 1 1 1 1 1 1 1 1"
abfebb13.json,"0 2 0 0 0 0
0 2 0 0 0 0
0 2 0 0 0 0
0 2 0 0 0 0
8 4 8 8 8 8
0 2 0 0 0 0"
ac0bc9d7.json,"1 4 1 1 4 1
4 9 4 4 9 4
9 1 9 9 1 9
9 1 9 9 1 9
4 9 4 4 9 4
1 4 1 1 4 1"
ac19f4a3.json,"0 0 0 0 0 0 0 0 0
0 0 0 0 0 0 0 0 0
0 0 0 0 0 0 0 0 0
3 0 0 0 0 0 0 0 3
0 3 0 0 0 0 3 0 0
0 0 3 0 0 0 3 0 0
0 0 0 3 3 3 0 0 0
0 0 0 3 3 3 0 0 0
3 3 3 3 3 3 3 3 3"
adf0d949.json,"0 0 0 0 4 0 0 0 0 9
0 0 0 4 0 0 0 0 9 0
0 0 4 0 0 0 0 9 0 0
0 4 7 0 0 0 9 0 0 3
4 0 0 7 0 0 0 0 3 0
0 0 0 0 7 0 0 3 0 0
0 0 6 0 0 7 3 0 0 0
0 0 0 6 0 0 7 0 0 0
0 0 0 0 6 0 0 7 0 0
0 0 0 0 0 6 0 0 7 0"
adfddba2.json,"0 0 0 0 0 0 5 5 5 5 5 5 0 0 0 0 0
0 0 0 0 0 0 5 5 5 5 5 5 0 0 0 0 0
0 0 0 0 0 0 0 0 0 0 0 0 0 0 0 0 0
0 0 0 0 0 0 0 0 0 0 0 0 0 0 0 0 0
0 5 5 5 5 5 5 5 5 0 0 0 0 0 0 0 0
0 5 5 5 5 5 5 5 5 0 0 0 5 5 5 5 0
0 5 5 5 5 5 5 5 5 0 0 0 5 5 5 5 0
0 5 5 5 5 5 5 5 5 0 0 0 5 5 5 5 0
0 5 5 5 5 5 5 5 5 0 0 0 5 5 5 5 0
0 5 5 5 5 5 5 5 5 0 0 0 5 5 5 5 0
0 0 0 0 0 0 0 0 0 0 0 0 5 5 5 5 0
0 0 0 0 0 0 0 0 0 0 0 0 5 5 5 5 0"
ae6d99c8.json,"0 0 0 0 0 0 0 0 0 0 0
2 2 2 2 2 8 8 8 8 8 0
0 0 0 0 0 0 0 0 0 0 0
2 2 2 2 8 8 8 8 8 0 0
0 0 0 0 0 0 0 0 0 0 0
2 8 0 0 0 0 0 0 0 0 0
0 0 0 0 0 0 0 0 0 0 0
2 2 8 8 8 0 0 0 0 0 0
0 0 0 0 0 0 0 0 0 0 0"
aecea5fe.json,"0 7 0 8
0 0 8 8
9 9 0 0
0 9 0 6"
b00155c5.json,"0 0 0 0 0 0 0 0 0 0 0
0 0 0 0 0 0 0 0 0 0 0
0 0 0 0 0 0 0 0 0 0 0
0 0 3 0 0 0 0 4 0 0 0
0 0 0 0 0 0 0 0 0 0 0
0 0 0 0 0 0 0 0 0 0 0
0 0 0 0 0 0 0 0 0 0 0
0 0 0 0 0 0 0 0 0 0 0
0 0 0 0 0 0 0 0 0 0 0
0 0 0 0 0 0 0 0 0 0 0
0 0 0 0 0 0 0 0 0 0 0"
b1a4d855.json,"0 0 0 0 0 0
0 0 4 0 0 0
3 0 9 4 0 0
0 3 0 9 4 0
0 0 3 0 9 4
0 0 0 3 0 9"
b21daa4a.json,"1 1 1
1 1 1
1 1 1"
b2d3f896.json,"0 2 2 2 8 2 2 2 8 0
0 0 0 2 8 2 0 8 0 0
0 0 0 2 0 2 0 0 0 0
0 0 0 8 0 0 0 0 0 0"
b30c9e11.json,"5 5 6 6 4
9 9 9 9 6
9 9 9 6 6
9 9 9 9 9
9 9 9 9 9"
b314be76.json,"0 0 0 0 0 9 0 0 0 0 0 9 0 4 4 4 0
0 9 9 9 0 9 0 9 4 9 0 9 0 4 0 4 0
0 9 0 9 0 9 0 4 0 4 0 9 0 4 4 4 0
0 9 9 9 0 9 0 9 4 9 0 9 0 4 0 4 0
0 0 0 0 0 9 0 0 0 0 0 9 0 0 0 0 0
9 9 9 9 9 9 9 9 9 9 9 9 9 9 9 9 9
0 0 0 0 0 9 0 0 0 0 0 9 0 0 0 0 0
4 0 0 0 0 9 0 0 0 9 0 9 0 0 4 0 0
4 0 0 0 0 9 0 0 0 9 0 9 0 0 4 0 0
4 0 0 0 0 9 0 0 0 0 0 9 0 0 4 0 0
0 0 0 0 0 9 0 0 0 0 0 9 0 0 0 0 0
9 9 9 9 9 9 9 9 9 9 9 9 9 9 9 9 9
0 0 0 0 0 9 0 0 0 0 0 9 0 4 4 4 0
0 4 4 4 0 9 0 4 0 4 0 9 0 4 0 4 0
0 4 0 4 0 9 0 4 4 4 0 9 0 4 4 4 0
0 4 4 4 0 9 0 4 0 4 0 9 0 4 0 4 0
0 0 0 0 0 9 0 0 0 0 0 9 0 0 0 0 0"
b31c907a.json,"0 0 0 0 0 0 3 3 3
0 0 0 0 0 0 3 3 3
0 0 0 0 0 0 3 3 3
7 7 7 0 0 0 7 7 7
7 7 7 0 0 0 7 7 7
7 7 7 0 0 0 7 7 7
0 0 0 3 3 3 0 0 0
0 0 0 3 3 3 0 0 0
0 0 0 3 3 3 0 0 0"
b348b942.json,"5 9 5
5 6 4
4 5 5
4 5 5
5 6 4
5 9 5"
b3a42f23.json,"0 2 0 0 1 0
2 2 2 1 1 1
0 2 0 0 1 0
0 4 0 0 6 0
4 4 4 6 6 6
0 4 0 0 6 0"
b3f0563c.json,"3 5 0 0 5 0 5 0 5 0
5 5 5 5 5 5 5 5 5 5
0 5 0 0 5 0 5 0 5 0
5 5 5 5 5 5 5 5 5 5
0 5 0 0 5 2 5 0 5 0
0 5 0 0 5 2 5 0 5 0
5 5 5 5 5 5 5 5 5 5
0 5 0 0 5 0 5 0 5 0
5 5 5 5 5 5 5 5 5 5
0 5 0 0 5 0 5 0 5 1"
b45b09ef.json,"12
1
2
4
8"
b4dbeaa5.json,"3 0 3 3 3 3 3 3 3 3 3 3 3 3 3
3 0 3 3 3 3 3 3 3 3 3 3 3 3 3
3 0 3 3 3 3 3 3 3 3 3 3 3 3 3
3 0 3 3 3 3 3 3 3 3 3 3 3 3 3
2 2 2 2 2 2 2 2 2 2 0 2 2 2 2
2 2 2 2 2 2 2 2 2 2 0 2 2 2 2
2 2 2 2 2 2 2 2 2 2 0 2 2 2 2
2 2 2 2 2 2 2 2 2 2 0 2 2 2 2
2 2 2 2 2 2 2 2 2 2 0 2 2 2 2
8 8 8 8 8 8 0 8 8 8 8 8 8 8 8
8 8 8 8 8 8 0 8 8 8 8 8 8 8 8
8 8 8 8 8 8 0 8 8 8 8 8 8 8 8
8 8 8 8 8 8 0 8 8 8 8 8 8 8 8
1 1 1 1 0 1 1 1 1 1 1 1 0 1 1
1 1 1 1 0 1 1 1 1 1 1 1 0 1 1
1 1 1 1 0 1 1 1 1 1 1 1 0 1 1
1 1 1 1 0 1 1 1 1 1 1 1 0 1 1"
b53cbb0c.json,"0 0 0 0 0 0 8 0 0 0
0 0 0 0 0 8 0 0 0 0
0 0 0 0 8 0 0 0 0 0
0 0 8 8 0 0 0 0 0 0
0 0 8 8 0 0 0 0 0 0
0 8 0 0 8 0 0 0 0 0
8 0 0 0 0 8 0 0 0 0
0 0 0 0 0 0 8 0 0 0
0 0 0 0 0 0 0 8 0 0
0 0 0 0 0 0 0 0 8 0"
b54f2df5.json,"0 0 0 0 0 0 0 0 0 0 0 0 0 0 0 4 4 4 4 4
0 0 0 0 0 0 0 0 0 0 0 0 0 0 0 4 0 4 0 4
0 0 0 0 0 0 0 0 0 0 0 0 0 0 0 4 4 4 4 4
0 0 0 0 0 0 0 0 0 0 0 0 0 0 0 0 0 0 0 0
0 5 5 5 5 5 5 5 5 5 5 5 5 5 0 0 0 0 0 0
0 5 0 5 0 5 0 5 0 5 0 5 0 5 0 0 0 0 0 0
0 5 5 5 5 5 5 5 5 5 5 5 5 5 0 0 0 0 0 0
0 0 0 0 0 0 0 0 0 0 0 0 0 0 0 0 0 0 0 0
0 0 5 5 5 5 5 5 5 0 0 0 0 0 0 0 0 0 0 0
0 0 5 0 5 0 5 0 5 0 0 0 0 0 0 0 0 0 0 0
0 0 5 5 5 5 5 5 5 0 0 0 0 0 0 0 0 0 0 0"
9607308b.json,"0 0 2 0 0 0 0 0 2
0 0 0 0 3 0 0 0 0
0 0 0 3 3 3 3 0 0
0 0 0 0 3 0 3 0 0
0 0 0 0 3 0 3 3 0
0 0 0 0 3 0 0 0 0
0 0 2 0 0 0 0 0 2
0 0 0 0 0 0 0 0 0"
b58a9cd4.json,"0 0 0 0 0 0 0 0 0
0 0 0 0 0 0 0 0 0
0 0 0 0 0 3 0 0 0
0 8 0 0 0 6 2 0 0
0 6 0 5 0 3 6 0 0
0 8 0 6 0 6 2 0 0
0 6 0 5 0 3 6 0 0
0 8 0 6 0 6 2 0 0"
b59b23b6.json,"0 0 8 0 0 0 0 7 0
8 8 8 8 8 8 8 2 8
0 0 8 0 0 0 0 7 0
0 0 8 0 0 0 0 7 0
7 7 2 7 7 7 7 7 7
0 0 8 0 0 0 0 7 0
0 0 8 0 0 0 0 7 0
0 0 8 0 0 0 0 7 0
0 0 8 0 0 0 0 7 0"
b5c44148.json,"0 0 0 0 0 0 0 0 0 0 0 0 0 0 0 0 0 0
0 0 0 0 0 0 0 0 0 0 0 0 0 0 0 0 0 0
1 2 1 1 2 1 1 2 1 1 2 1 1 2 1 1 2 1
1 2 1 1 2 1 1 2 1 1 2 1 1 2 1 1 2 1
0 0 0 0 0 0 0 0 0 0 0 0 0 0 0 0 0 0"
b5d3b7f3.json,"7 7 0 7 7 0 0 0 0
0 0 7 0 0 7 0 0 0
7 7 7 7 7 7 0 0 0
0 0 0 0 0 0 7 7 0
0 0 0 0 0 0 0 0 7
0 0 0 0 0 0 7 7 7
7 7 0 7 7 0 7 7 0
0 0 7 0 0 7 0 0 7
7 7 7 7 7 7 7 7 7"
b5e4d38e.json,"5 0 5 0 5 0 0 5 0 0
5 5 0 0 5 5 5 0 0 0
0 5 5 5 5 5 5 0 0 0
0 0 5 5 0 5 5 5 5 5
5 5 0 0 0 5 5 5 5 5
0 0 5 5 5 5 5 0 0 5
0 0 5 5 5 5 0 5 5 5
0 0 5 5 5 5 0 5 0 0
5 5 5 0 5 5 5 5 0 5
0 5 5 5 0 5 5 5 5 0"
b6dbb072.json,"0 0 0 0 0 0 0 0 0 0
0 4 4 0 0 0 0 0 0 4
0 0 0 0 0 0 0 0 0 0
0 0 0 0 0 0 0 0 0 4
0 0 0 0 0 4 4 4 0 0
0 4 0 0 4 0 0 0 0 0
0 0 4 0 0 0 0 0 0 0
0 0 0 4 4 0 0 0 0 0"
b6eeee87.json,"0 0 0 0 0 0 0 0 0 0
0 0 0 0 0 0 0 0 0 0
0 0 0 0 0 0 0 0 0 0
0 0 0 0 0 0 0 0 0 0
0 0 0 0 0 0 0 0 0 0
3 3 3 3 3 1 4 0 0 0
3 3 3 3 3 1 5 0 0 0
3 3 6 9 5 3 3 9 7 6
3 3 6 9 5 3 3 9 7 6
0 0 0 0 0 0 0 0 0 0"
b71fe563.json,"0 5
5 0"
b82f7b0b.json,Not provided in reasoning text
b84b5946.json,"0 0 0 0 0 0 0 0 0
0 0 0 0 0 0 0 0 3
0 0 0 0 0 0 0 3 3
0 0 0 0 0 0 3 3 3
0 0 0 0 0 3 3 3 3
0 0 0 0 1 1 1 1 1
0 0 0 2 2 2 2 2 2
0 0 2 2 2 2 2 2 2
0 2 2 2 2 2 2 2 2"
b8a4b8d8.json,"0 1 0 0 1 0
0 0 0 0 0 0
0 0 1 1 0 0"
b8c27188.json,"0 0 3 0 0 0 3 0 0 0 3 0 0 0 3 0 0
0 3 0 3 0 3 0 3 0 3 0 3 0 3 0 3 0
0 3 0 3 0 3 0 3 0 3 0 3 0 3 0 3 0
0 3 0 3 0 3 0 3 0 3 0 3 0 3 0 3 0
3 0 0 0 3 0 0 0 3 0 0 0 3 0 0 0 3
0 3 0 3 0 3 0 3 0 3 0 3 0 3 0 3 0
0 3 0 3 0 3 0 3 0 3 0 3 0 3 0 3 0
0 3 0 3 0 3 0 3 0 3 0 3 0 3 0 3 0
0 0 3 0 0 0 3 0 0 0 3 0 0 0 3 0 0
0 3 0 3 0 3 0 3 0 3 0 3 0 3 0 3 0
0 3 0 3 0 3 0 3 0 3 0 3 0 3 0 3 0
0 3 0 3 0 3 0 3 0 3 0 3 0 3 0 3 0
3 0 0 0 3 0 0 0 3 0 0 0 3 0 0 0 3
0 3 0 3 0 3 0 3 0 3 0 3 0 3 0 3 0
0 3 0 3 0 3 0 3 0 3 0 3 0 3 0 3 0
0 3 0 3 0 3 0 3 0 3 0 3 0 3 0 3 0
0 0 3 0 0 0 3 0 0 0 3 0 0 0 3 0 0"
b8eb89cf.json,"0 4 0
4 4 4
4 0 0"
b8fd03ba.json,"1 1 1 1 1 5 0 0 0 0 0
0 0 0 0 0 0 0 0 0 0 0
0 0 0 0 0 0 0 0 0 0 0
7 7 7 7 7 5 2 2 2 2 2
0 0 0 0 0 0 0 0 0 0 0"
b98a08b7.json,"19 21
8 0 6 0 10 0 13 1 18 2 10 3 1 4 11 5 19 6 14 7 19 8 10 9 9 10 7 12 11 14 6 14 14 16 19 18 17 18 19
1
0 0 7 0 8 0 9 0 11 0 12
6 1 6 2 6 3 6 4 6 5 6 6 6 7 6 8 6 9 6 10 6 11 6 12 6 13 6
10 1 10 3 10 4 10 5 10 6 10 7 10
11 5 11 6 11 7 11 8 11 9 11 10 11 11 11
14 7 14 8 14 9 14 10 14 11 14 12 14 13 14
19 6 19 8 19 9 19 10 19 11 19 12 19 13 19 14 19 15 19
18 18 18"
b9a8ee58.json,"1 4 1 0 0 0 0 0 0 0
4 2 4 0 0 0 0 0 0 0
4 2 4 0 0 0 0 0 0 0
4 2 4 0 0 0 0 0 0 0
4 2 4 0 0 0 0 0 0 0
1 4 1 0 1 4 4 4 4 1
0 0 0 0 4 2 2 2 2 4
0 0 0 0 4 2 2 2 2 4
0 0 0 0 1 4 4 4 4 1
0 0 0 0 0 0 0 0 0 0"
b9ee4e13.json,"0 0 2 2 2 2 2 2 0 0 0 0
0 0 2 5 5 5 5 2 0 0 0 0
0 0 2 5 5 5 5 2 0 0 0 0
0 0 2 2 2 2 2 2 0 0 0 0
0 0 0 0 0 0 0 0 0 0 0 0
0 0 0 0 0 0 0 0 0 0 0 0
2 2 2 2 2 0 0 2 2 2 2 2
2 5 5 5 2 0 0 2 2 2 0 2
2 5 5 5 2 0 0 2 2 2 0 2
2 5 5 5 2 0 0 2 0 2 2 2
2 2 2 2 2 0 0 2 2 2 2 2
0 0 0 0 0 0 0 0 0 0 0 0"
ba1ad016.json,"0 0 7
0 7 7
7 0 0
7 0 0
0 7 7
0 0 7"
bc06ae96.json,"5
5
5
5
5"
bce5293c.json,"9 4 3
9 3 3
9 4 3"
a1401052.json,"7 6 0 7 7 0 7 7
7 7 0 7 7 0 1 7
0 0 0 0 0 0 0 0
7 6 0 7 7 0 7 7
7 7 0 7 7 0 1 7
0 0 0 0 0 0 0 0
7 6 0 7 7 0 7 7
1 7 0 1 7 0 1 7"
b56fba3f.json,"0 0 0 0 0 0 0 0 0 0 0 0 0 0 0 0 0 0 0
0 5 5 5 5 5 0 0 0 0 2 2 2 2 0 0 0 0 0
0 5 0 0 0 5 0 0 0 0 2 0 0 2 0 0 0 0 0
0 5 5 5 5 5 0 0 0 0 2 2 2 2 0 0 0 0 0
0 0 0 0 0 0 0 0 0 0 0 0 0 0 0 0 0 0 0
0 0 7 7 7 7 7 0 0 0 0 0 0 0 0 0 0 0 0
0 0 7 0 0 0 7 0 0 8 8 8 8 8 8 8 8 0 0
0 0 7 0 0 0 7 0 0 8 0 0 0 0 0 0 8 0 0
0 0 7 0 0 0 7 0 0 8 0 0 0 0 0 0 8 0 0
0 0 7 0 0 0 7 0 0 8 0 0 0 0 0 0 8 0 0
0 0 7 0 0 0 7 0 0 8 0 0 0 0 0 0 8 0 0
0 0 7 7 7 7 7 0 0 8 8 8 8 8 8 8 8 0 0
0 0 0 0 0 0 0 0 0 0 0 0 0 0 0 0 0 0 0
0 0 0 0 4 4 4 4 4 0 0 0 0 0 0 0 0 0 0
0 0 0 0 4 0 0 0 4 0 0 0 0 0 0 0 0 0 0
0 0 0 0 4 4 4 4 4 0 0 0 0 0 0 0 0 0 0
0 0 0 0 0 0 0 0 0 0 0 0 0 0 0 0 0 0 0"
be53ab01.json,"5 0 0 0 0 0 0 0 0 7
5 0 5 0 0 0 7 0 0 7
5 0 0 0 5 0 0 0 0 7
5 0 0 0 0 0 0 0 0 7
5 0 0 5 0 0 0 0 0 7
5 0 0 0 0 0 7 0 0 7
5 0 0 5 0 0 0 0 0 7
5 0 0 0 0 0 0 0 0 7
5 0 0 0 0 7 0 0 7 7
5 5 0 0 0 0 0 0 0 7"
bd2a95aa.json,"8 0 4 0 8 0 2 0 5 0
8 0 4 0 8 0 2 0 5 0
4 0 2 0 1 0 6 0 8 0
8 0 4 0 8 0 2 0 5 0
8 0 4 0 8 0 2 0 5 0
4 0 2 0 1 0 6 0 8 0
8 0 4 0 8 0 2 0 5 0
8 0 4 0 8 0 2 0 5 0"
a0b2a88c.json,"4 2 4 4
1 4 4 4
4 4 4 0
4 0 4 0"
bebeb76b.json,"9 2
6 9"
bee8d67f.json,"3 3 3 4 4 4 3 3 3
0 0 0 3 3 3 0 0 0
0 0 4 0 0 0 4 0 0
0 4 0 0 0 0 0 4 0
4 0 0 0 0 0 0 0 4
0 0 0 0 0 0 0 0 0
0 0 0 0 0 0 0 0 0
0 0 0 0 0 0 0 0 0
0 0 0 0 0 0 0 0 0"
bfc1245c.json,"0 0 0 0 0 0 0 0 0 0 0 0 0 0 0 0 0
0 0 0 0 0 0 0 0 0 0 3 3 3 3 3 3 3
0 0 0 0 0 0 0 0 0 0 3 3 3 3 3 3 3
3 3 3 3 0 0 0 0 0 0 3 3 3 3 3 3 3
3 3 3 3 0 0 0 0 0 0 3 3 3 3 3 3 3
3 3 3 3 0 0 0 0 0 0 3 3 3 3 3 3 3
3 3 3 3 0 0 0 0 0 0 3 3 3 3 3 3 3
3 3 3 3 3 3 3 3 3 3 0 0 0 0 0 0 0
3 3 3 3 3 3 3 3 3 3 0 0 0 0 0 0 0
3 3 3 3 0 0 0 0 0 0 0 0 0 0 0 0 0
0 0 0 0 0 0 0 0 0 0 0 0 0 0 0 0 0
0 0 0 0 0 0 0 0 0 0 0 0 0 0 0 0 0"
bfda3314.json,"8 2 4 1 7 6 3
8 2 4 1 7 6 3
8 2 4 1 7 6 3
8 2 4 1 7 6 3
8 2 4 1 7 6 3
8 2 4 1 7 6 3
8 2 4 1 7 6 3"
c02d337d.json,"0 0 0 0 0 0 0 0 0 0
0 0 0 0 0 1 1 1 0 0
0 0 0 0 0 1 6 1 0 0
0 0 0 0 0 1 1 1 0 0
0 1 1 1 0 0 0 0 0 0
0 1 6 1 0 0 0 0 0 0
0 1 1 1 0 0 0 0 0 0
0 0 0 0 0 0 0 0 0 0
0 0 0 0 0 0 0 0 0 0
0 0 0 0 0 0 0 0 0 0"
c0384769.json,"2 8 2
4 3 4
1 8 2"
c07a23b9.json,"8 0 0
0 0 8
8 0 0
0 0 0
0 0 8"
c3b771c7.json,"3 9 2
3 9 9
9 9 9
5 5 5
2 9 9
9 9 9
3 3 9
5 5 5
9 9 9
9 9 3
2 9 3"
c38ba3b2.json,"2 1 7 7 1 2
5 7 7 7 7 5
5 7 7 7 7 5
5 7 7 7 7 5
5 7 7 7 7 5
2 1 7 7 1 2"
c1f59c5e.json,"3 3 0 0
3 0 3 3
3 3 0 3
0 3 3 0"
c40487fe.json,"0 1 2 0
1 1 2 2
8 8 3 3
0 8 3 0"
c44bfe6a.json,"4 0 0 0 0 0
3 3 0 0 0 0
2 2 2 0 0 0
8 8 8 8 0 0
1 1 1 1 1 1"
c41d7779.json,"5 0 0 6 0 2
0 5 8 8 0 2
0 0 5 0 0 0
0 0 0 5 3 3
0 0 0 0 5 0
0 0 0 0 0 5"
c4474b87.json,"0 0 2 0 2
2 0 2 2 2
2 0 0 0 0
2 0 1 0 0"
c5113211.json,"0 0 0 0 0 0 0 0 0 0 0 0
0 0 0 0 0 0 0 0 0 0 0 0
0 0 0 0 0 0 0 0 0 0 0 0
0 0 0 0 0 0 0 0 0 0 0 0
0 0 0 0 0 0 0 0 0 0 0 0
0 0 0 3 3 3 0 0 0 0 0 0
0 0 0 3 3 3 0 0 0 0 0 0
0 0 0 3 3 3 0 0 0 0 0 0
0 0 0 3 3 3 0 0 0 0 0 0
0 0 5 5 5 5 5 5 5 5 0 0
0 0 5 5 5 5 5 5 5 5 0 0
0 0 5 5 5 5 5 5 5 5 0 0
0 0 5 5 5 5 5 5 5 5 0 0
0 0 5 5 5 5 5 5 5 5 0 0
0 0 0 0 0 0 0 0 0 0 0 0
0 0 0 0 0 0 0 0 0 0 0 0
0 0 0 0 0 0 0 0 0 0 0 0"
c5daf378.json,"5 0 0 5
8 0 0 8
8 0 5 8
8 0 0 8
8 5 0 8
8 0 0 8
8 0 0 8
8 0 0 8
8 0 5 8
5 0 0 5"
c66c16e7.json,"0 0 0 0 0 0 0 0 0 0 0 0
0 0 0 0 0 0 0 0 0 0 0 0
0 0 0 0 0 0 0 0 0 0 0 0
0 0 0 0 0 0 0 0 0 0 0 0
0 0 0 0 0 0 0 0 0 0 0 0
4 4 4 4 4 4 4 4 0 0 0 0
0 0 0 0 0 0 0 0 0 0 0 0
0 0 0 0 0 0 0 0 0 0 0 0
0 0 0 0 0 0 0 0 0 0 0 0
0 0 0 0 0 0 0 0 0 0 0 0
0 0 0 0 0 0 0 0 0 0 0 0
0 0 0 0 0 0 0 0 0 0 0 0"
c67267a8.json,"0 0 0 0 0 0 0 0 0 0 0 0 0 0 0 0 0 0 0 0
0 0 0 0 0 0 0 0 0 0 0 0 0 0 0 0 0 0 0 0
0 7 7 7 7 7 7 0 0 0 0 0 0 0 0 0 0 0 0 0
0 7 1 1 1 1 7 0 0 0 7 7 7 7 7 7 7 7 7 7
0 7 1 1 1 1 7 0 0 0 7 2 2 2 2 2 2 2 2 7
0 7 1 1 1 1 7 0 0 0 7 2 2 2 2 2 2 2 2 7
0 7 1 1 1 1 7 0 0 0 7 2 2 2 2 2 2 2 2 7
0 7 1 1 1 1 7 0 0 0 7 2 2 2 2 2 2 2 2 7
0 7 7 7 7 7 7 0 0 0 7 2 2 2 2 2 2 2 2 7
0 0 0 0 0 0 0 0 0 0 7 2 2 2 2 2 2 2 2 7
0 7 7 7 7 7 7 7 0 0 7 2 2 2 2 2 2 2 2 7
0 7 2 2 2 2 2 7 0 0 7 7 7 7 7 7 7 7 7 7
0 7 2 2 2 2 2 7 0 0 0 0 0 0 0 0 0 0 0 0
0 7 2 2 2 2 2 7 0 0 0 0 0 0 0 0 0 0 0 0
0 7 2 2 2 2 2 7 0 0 0 0 0 0 0 0 0 0 0 0
0 7 2 2 2 2 2 7 0 0 0 0 7 7 7 7 7 0 0 0
0 7 2 2 2 2 2 7 0 0 0 0 7 1 1 1 7 0 0 0
0 7 7 7 7 7 7 7 0 0 0 0 7 1 1 1 7 0 0 0
0 0 0 0 0 0 0 0 0 0 0 0 7 1 1 1 7 0 0 0
0 0 0 0 0 0 0 0 0 0 0 0 7 7 7 7 7 0 0 0"
c726e505.json,"5 5 5 5 5 5 5 5 5 5 5 5 5 5
5 6 6 6 6 6 6 6 6 6 6 6 6 5
5 6 7 7 7 7 7 7 7 7 7 7 6 5
5 6 7 3 3 3 3 3 3 3 3 7 6 5
5 6 7 3 4 4 4 4 4 4 3 7 6 5
5 6 7 3 4 2 2 2 2 4 3 7 6 5
5 6 7 3 4 2 8 8 2 4 3 7 6 5
5 6 7 3 4 2 8 8 2 4 3 7 6 5
5 6 7 3 4 2 2 2 2 4 3 7 6 5
5 6 7 3 4 4 4 4 4 4 3 7 6 5
5 6 7 3 3 3 3 3 3 3 3 7 6 5
5 6 7 7 7 7 7 7 7 7 7 7 6 5
5 6 6 6 6 6 6 6 6 6 6 6 6 5
5 5 5 5 5 5 5 5 5 5 5 5 5 5"
c8f267ce.json,"0 4 0 1 0 2 0 3 0
0 4 0 1 0 2 0 3 0
0 4 0 1 0 2 0 3 0
0 4 0 0 0 2 0 3 0
0 4 0 0 0 2 0 3 0
0 4 0 0 0 2 0 0 0
0 4 0 0 0 2 0 0 0
0 4 0 0 0 0 0 0 0
0 0 0 0 0 0 0 0 0"
c93a90bf.json,"0 0 0 0 0 0 0 0 0 0 0 0
0 0 0 0 0 0 0 0 0 0 0 0
0 0 0 0 0 0 0 0 0 0 0 0
0 0 0 0 0 0 0 0 0 0 0 0
0 0 0 0 0 0 0 0 0 0 0 0
0 0 0 0 0 0 0 0 0 0 0 0
0 0 0 0 0 0 0 3 0 0 0 0
1 0 0 0 0 0 3 3 3 0 0 1
0 0 0 0 0 0 0 3 0 0 0 0
0 0 0 0 0 0 0 0 0 0 0 0
0 0 0 0 0 0 0 0 0 0 0 0
0 0 0 0 0 0 0 0 0 0 0 0"
ca0850a8.json,"4 4 4 4 4 4 4 4 4 4
4 4 4 4 4 4 4 4 4 4
4 4 4 4 4 4 4 4 4 4
4 4 4 1 1 1 4 4 4 4
4 4 4 1 1 1 4 4 4 4
4 4 4 1 1 1 4 4 4 4
4 4 4 4 4 4 4 4 4 4
4 4 4 4 4 4 4 4 4 4
4 4 4 4 4 4 4 4 4 4
4 4 4 4 4 4 4 4 4 4"
cafdcb55.json,"0 0 0 0 0 0 0 0 0 0 0
0 0 0 0 0 0 0 0 0 0 0
0 0 0 0 0 0 0 0 0 0 0
0 0 0 0 0 0 8 8 0 0 0
0 0 0 2 2 2 8 8 0 0 0
0 0 0 0 2 2 2 0 0 0 0
0 0 0 0 0 0 0 0 0 0 0
0 0 0 0 0 0 0 0 0 0 0
0 0 0 0 0 0 0 0 0 0 0
0 0 0 0 0 0 0 0 0 0 0"
cb1d1d55.json,"7 6 5 4 3 2 1 8 7 6 5 4 3 2 1 8
6 5 4 3 2 1 8 7 6 5 4 3 2 1 8 7
5 4 3 2 1 8 7 6 5 4 3 2 1 8 7 6
4 3 2 1 8 7 6 5 4 3 2 1 8 7 6 5
3 2 1 8 7 6 5 4 3 2 1 8 7 6 5 4
2 1 8 7 6 5 4 3 2 1 8 7 6 5 4 3
1 8 7 6 5 4 3 2 1 8 7 6 5 4 3 2
8 7 6 5 4 3 2 1 8 7 6 5 4 3 2 1
7 6 5 4 3 2 1 8 7 6 5 4 3 2 1 8
6 5 4 3 2 1 8 7 6 5 4 3 2 1 8 7
5 4 3 2 1 8 7 6 5 4 3 2 1 8 7 6
4 3 2 1 8 7 6 5 4 3 2 1 8 7 6 5
3 2 1 8 7 6 5 4 3 2 1 8 7 6 5 4
2 1 8 7 6 5 4 3 2 1 8 7 6 5 4 3
1 8 7 6 5 4 3 2 1 8 7 6 5 4 3 2
8 7 6 5 4 3 2 1 8 7 6 5 4 3 2 1"
cc6e81cc.json,"8 0 0
0 0 0
8 8 0"
cdaf18dc.json,Insufficient data provided to generate a final grid.
cee1a662.json,"9 9
9 9"
cefb8789.json,"0 0 0 0 0 0 0 0 0 0
0 0 0 2 0 0 0 0 0 0
0 0 2 2 2 2 0 0 0 0
0 2 2 2 2 0 0 0 0 0
0 0 0 0 0 0 0 0 0 0
0 0 0 0 0 0 0 0 0 0
0 0 0 1 1 0 0 0 0 0
0 0 0 0 1 1 0 0 0 0
0 0 0 0 0 1 1 0 0 0
0 0 0 0 0 0 1 1 0 0"
cf0c1571.json,"5 0 5
5 0 5
5 5 5
5 5 5"
cf2aefa8.json,2
cf6c4a9d.json,"1 8 2 2 8 6 7 8 2 1 8 6 2 8 2 7 8 6 1 8 2 2 8 6 7 8 2 1 8
8 9 2 8 2 2 8 3 2 8 1 2 8 6 2 8 7 2 8 9 2 8 2 2 8 3 2 8 1
7 2 8 6 1 8 1 7 8 3 2 8 2 1 8 9 7 8 7 2 8 6 1 8 1 7 8 3 2
2 8 2 7 8 6 1 8 2 2 8 6 7 8 2 1 8 6 2 8 2 7 8 6 1 8 2 2 8
8 6 2 8 7 2 8 9 2 8 2 2 8 3 2 8 1 2 8 6 2 8 7 2 8 9 2 8 2
2 1 8 9 7 8 7 2 8 6 1 8 1 7 8 3 2 8 2 1 8 9 7 8 7 2 8 6 1
7 8 2 1 8 6 2 8 2 7 8 6 1 8 2 2 8 6 7 8 2 1 8 6 2 8 2 7 8
8 3 2 8 1 2 8 6 2 8 7 2 8 9 2 8 2 2 8 3 2 8 1 2 8 6 2 8 7
1 7 8 3 2 8 2 1 8 9 7 8 7 2 8 6 1 8 1 7 8 3 2 8 2 1 8 9 7
1 8 2 2 8 6 7 8 2 1 8 6 2 8 2 7 8 6 1 8 2 2 8 6 7 8 2 1 8
8 9 2 8 2 2 8 3 2 8 1 2 8 6 2 8 7 2 8 9 2 8 2 2 8 3 2 8 1
7 2 8 6 1 8 1 7 8 3 2 8 2 1 8 9 7 8 7 2 8 6 1 8 1 7 8 3 2
2 8 2 7 8 6 1 8 2 2 8 6 7 8 2 1 8 6 2 8 2 7 8 6 1 8 2 2 8
8 6 2 8 7 2 8 9 2 8 2 2 8 3 2 8 1 2 8 6 2 8 7 2 8 9 2 8 2
2 1 8 9 7 8 7 2 8 6 1 8 1 7 8 3 2 8 2 1 8 9 7 8 7 2 8 6 1
7 8 2 1 8 6 2 8 2 7 8 6 1 8 2 2 8 6 7 8 2 1 8 6 2 8 2 7 8
8 3 2 8 1 2 8 6 2 8 7 2 8 9 2 8 2 2 8 3 2 8 1 2 8 6 2 8 7
1 7 8 3 2 8 2 1 8 9 7 8 7 2 8 6 1 8 1 7 8 3 2 8 2 1 8 9 7
1 8 2 2 8 6 7 8 2 1 8 6 2 8 2 7 8 6 1 8 2 2 8 6 7 8 2 1 8
8 9 2 8 2 2 8 3 2 8 1 2 8 6 2 8 7 2 8 9 2 8 2 2 8 3 2 8 1
7 2 8 6 1 8 1 7 8 3 2 8 2 1 8 9 7 8 7 2 8 6 1 8 1 7 8 3 2
2 8 2 7 8 6 1 8 2 2 8 6 7 8 2 1 8 6"
cf9a8d23.json,"3 3 3 3 3 3 3 3 3 3 3
0 1 0 0 0 0 1 0 0 0 0
0 1 0 0 0 0 1 0 0 0 0
3 3 3 3 3 3 3 3 3 3 3
0 1 0 0 0 0 1 0 0 0 0
0 1 0 0 0 0 1 0 0 0 0
0 1 0 0 0 0 1 0 0 0 0
2 2 2 2 2 2 2 2 2 2 2
0 1 0 0 0 0 1 0 0 0 0
2 2 2 2 2 2 2 2 2 2 2
0 1 0 0 0 0 1 0 0 0 0
0 1 0 0 0 0 1 0 0 0 0"
cfb7279a.json,"0 0 0 0 0 0 0 0 0 0
0 0 0 0 0 0 0 0 0 0
0 9 0 0 0 0 0 0 3 0
0 6 6 6 6 6 6 0 0 0
0 6 0 0 0 0 6 0 0 0
0 6 0 0 0 0 6 0 0 0
0 6 0 0 0 0 6 0 0 0
0 6 6 6 6 6 6 0 0 0
0 1 0 0 0 0 0 0 4 0
0 0 0 0 0 0 0 0 0 0"
cfc9f0e9.json,"8 8 8 8 8 8 8 8
8 0 0 0 0 0 0 8
8 8 0 0 0 0 0 8
8 0 0 0 0 0 8 8
8 0 0 0 0 0 0 8
8 0 8 0 0 0 8 8
8 0 0 0 0 0 0 8
8 8 8 8 8 8 8 8"
d04ca3eb.json,"0 0 6 6
0 0 0 6
6 6 6 6
6 0 0 6
6 0 0 0
6 0 0 0"
d0e9addc.json,"4 4 4
4 4 4
4 4 4"
d28e7f54.json,"1 0 2 0
1 0 0 0
3 3 3 3
1 0 2 0"
d2e54566.json,"0 0 0 0 0 0 0 0 0 0 0 0 0 0 0 0
0 4 0 0 0 0 0 0 0 0 0 0 0 0 0 0
0 4 4 0 0 0 0 0 0 0 0 0 0 0 0 0
0 4 4 4 0 0 0 0 0 0 0 0 0 0 0 0
0 8 4 4 4 8 8 8 8 8 8 8 8 8 8 8
0 4 4 4 0 0 0 0 0 0 0 0 0 0 0 0
0 4 4 0 0 0 0 0 0 0 0 0 0 0 0 0
0 4 0 0 0 0 0 0 0 0 0 0 0 0 0 0
0 0 0 0 0 0 0 0 0 0 0 0 0 0 0 0
0 0 0 0 0 0 0 0 0 0 0 0 0 0 0 0
0 0 0 0 0 0 0 0 0 0 0 0 0 0 0 0"
d46a101f.json,"0 2 0
0 0 2
0 0 0"
d476a080.json,"0 0 0 0 0 0 0 0 0 0 0 0 0 0 0
0 0 0 0 0 0 0 0 0 0 0 0 0 0 0
0 0 0 0 0 0 0 0 0 0 0 0 0 0 0
0 0 0 0 0 0 0 0 0 0 3 2 3 0 0
0 0 0 0 0 0 0 0 0 0 0 3 0 0 0
0 0 0 0 0 0 0 0 0 0 0 0 0 0 0
0 0 0 0 0 0 0 0 0 0 0 0 0 0 0
0 0 0 0 0 0 0 0 0 0 0 0 0 0 0
0 0 0 0 0 0 0 0 7 0 0 0 0 0 0
0 0 0 0 0 0 0 0 1 0 0 0 0 0 0
0 0 0 0 0 0 0 0 7 0 0 0 0 0 0
0 0 0 0 0 0 0 0 0 0 0 0 0 0 0
0 0 0 0 0 0 0 0 0 0 0 0 0 0 0
0 0 0 0 0 0 0 0 0 0 0 0 0 0 0
0 0 0 0 0 0 0 0 0 0 0 0 0 0 0"
d4e280e1.json,"4 0 0 5
0 4 9 9
0 5 6 4
0 5 4 6"
d6093160.json,"6 6 0
6 6 0
6 6 6"
d74d6eb3.json,"0 0 0 0 6 3
0 0 0 6 3 0
0 0 6 3 0 2
0 6 3 0 2 0
6 3 0 2 0 0
3 0 2 0 0 0"
d965528e.json,"0 0 0 0 0 0 0 0 0 0 0 0 0 0 0 0 0 0
0 0 0 2 2 2 2 2 2 2 2 2 2 2 2 0 0 0
0 0 0 2 2 2 2 2 2 2 2 2 2 2 2 0 0 0
0 0 0 2 2 1 1 1 1 1 1 1 1 2 2 0 0 0
0 0 0 2 2 1 1 1 1 1 1 1 1 2 2 0 0 0
0 0 0 2 2 1 1 1 1 1 1 1 1 2 2 0 0 0
0 0 0 2 1 1 1 1 1 1 1 1 1 2 2 0 0 0
0 0 0 2 2 1 1 1 1 1 1 1 1 2 2 0 0 0
0 0 0 2 2 1 1 1 1 1 1 1 1 2 2 0 0 0
0 0 0 2 2 1 1 1 1 1 1 1 1 2 2 0 0 0
0 0 0 2 1 1 1 1 1 1 1 1 1 2 2 0 0 0
0 0 0 2 2 1 1 1 1 1 1 1 1 2 2 0 0 0
0 0 0 2 2 1 1 1 1 1 1 1 1 2 2 0 0 0
0 0 0 2 2 2 2 2 2 2 2 2 2 2 2 0 0 0
0 0 0 2 2 2 2 2 2 2 2 2 2 2 2 0 0 0
0 0 0 0 0 0 0 0 0 0 0 0 0 0 0 0 0 0
0 0 0 0 0 0 0 0 0 0 0 0 0 0 0 0 0 0
0 0 0 0 0 0 0 0 0 0 0 0 0 0 0 0 0 0
0 0 0 0 0 0 0 0 0 0 0 0 0 0 0 0 0 0"
d982827d.json,"9 9 9 9 9 9 9 9 9 9 9 9 9 9 9
9 9 9 9 9 9 9 9 9 9 9 9 9 9 9
9 9 9 9 9 9 9 9 9 9 9 9 9 9 9
4 4 4 4 4 4 4 4 4 4 4 4 4 4 4
4 4 4 4 4 4 4 4 4 4 4 4 4 4 4
4 4 4 4 4 4 4 4 4 4 4 4 4 4 4
4 4 4 4 4 4 4 4 4 4 4 4 4 4 4
1 1 1 1 1 1 1 1 1 1 1 1 1 1 1
1 1 1 1 1 1 1 1 1 1 1 1 1 1 1
1 1 1 1 1 1 1 1 1 1 1 1 1 1 1
1 1 1 1 1 1 1 1 1 1 1 1 1 1 1
6 6 6 6 6 6 6 6 6 6 6 6 6 6 6
6 6 6 6 6 6 6 6 6 6 6 6 6 6 6
5 5 5 5 5 5 5 5 5 5 5 5 5 5 5
5 5 5 5 5 5 5 5 5 5 5 5 5 5 5"
d9a131cf.json,"0 2 0
2 2 2
0 2 2"
d9af572b.json,"0 0 0 0 0 0 0 0 9 9
0 0 9 9 9 9 9 0 9 9
0 0 9 9 9 9 9 0 9 9
0 0 9 9 9 9 9 0 0 0
0 0 0 0 0 0 0 0 0 0
0 0 0 9 9 0 0 0 0 0
0 0 0 9 9 0 9 9 9 0
0 0 0 9 9 0 9 9 9 0
0 0 0 9 9 0 9 9 9 0
0 0 0 0 0 0 9 9 9 0"
dad097b8.json,"0 0 0 0 0 0 0 0 0 0 0 0
0 0 0 0 0 0 0 0 0 2 0 0
0 0 0 0 0 0 0 0 0 3 0 0
0 0 0 0 0 0 0 0 0 3 0 0
0 0 0 0 0 0 0 0 0 3 0 0
0 0 0 0 0 0 0 0 0 3 0 0
0 0 0 0 0 0 0 0 0 3 0 0
0 0 0 0 0 0 0 0 0 3 0 0
0 0 0 0 0 0 0 0 0 3 0 0
0 0 0 0 0 0 0 0 0 3 0 0
0 8 3 3 3 3 3 3 3 3 0 0
0 0 0 0 0 0 0 0 0 0 0 0
0 0 0 0 0 0 0 0 0 0 0 0
0 0 0 0 0 0 0 0 0 0 0 0"
db267504.json,"0 0 0 0 0
0 0 0 0 0
0 2 2 2 0
0 0 2 0 0
0 0 0 0 0"
dba61fc9.json,"4 0 0
0 4 0
0 0 4"
dc2c3900.json,"8 8 8 8 8 8
8 8 8 8 8 8
8 8 3 3 8 8
8 8 3 3 8 8
8 8 8 8 8 8
8 8 8 8 8 8"
dca13bdc.json,"0 0 0 1 0 0 0 1 0 0 0
0 0 0 1 0 0 0 1 0 0 0
0 0 0 1 0 0 0 1 0 0 0
1 1 1 1 1 1 1 1 1 1 1
0 0 0 1 0 0 0 1 1 1 1
0 0 0 1 0 0 0 1 1 1 1
0 0 0 1 0 0 0 1 1 1 1
1 1 1 1 1 1 1 1 1 1 1
1 1 1 1 0 0 0 1 0 0 0
1 1 1 1 0 0 0 1 0 0 0
1 1 1 1 0 0 0 1 0 0 0"
dd76ebda.json,"1 3 4 4 3 2 4
7 3 4 4 4 1 3
4 4 4 1 4 7 8
2 4 4 2 4 3 4
1 3 3 7 8 4 1
3 2 8 4 7 7 2
4 3 2 2 3 3 3"
dd8899c6.json,"0 0 0 0 0 0 0 0 0 0
0 0 4 4 4 4 4 0 0 0
0 4 0 0 0 0 4 0 0 0
4 0 0 0 0 4 0 0 0 0
4 0 0 0 4 0 0 0 0 0
4 4 4 4 4 0 0 0 0 0
0 0 0 0 0 0 0 0 0 0
0 0 0 0 0 0 0 0 0 0
0 0 0 0 0 0 0 0 0 0
0 0 0 0 0 0 0 0 0 0"
de9d5432.json,"0 0 0 0 0 0 0 0
0 3 3 3 3 3 0 0
0 3 3 3 3 3 0 0
0 3 3 3 3 3 0 0
0 3 3 3 3 3 0 0
0 0 0 0 0 0 0 0
0 0 0 0 0 0 0 0
2 2 2 0 0 0 0 0
2 2 2 0 0 0 0 0"
dea8adbe.json,"0 0 0 0 2 2 2 2 2 2
0 0 0 0 2 1 1 1 1 2
0 0 0 0 2 1 1 1 1 2
0 0 0 0 2 1 1 1 1 2
0 0 0 0 2 1 1 1 1 2
0 0 0 0 2 2 2 2 2 2
0 0 0 0 0 0 0 0 0 0
2 2 2 2 2 2 0 0 0 0
2 4 4 4 4 2 0 0 0 0
2 2 2 2 2 2 0 0 0 0"
df29dad8.json,"8 8 8 1 8 8 8 8 8 8
8 8 1 8 1 8 8 8 8 8
8 1 8 8 8 1 8 8 8 1
1 8 8 8 8 8 1 8 1 8
8 8 8 8 8 8 8 1 8 8"
df54be55.json,"0 0 0 0 4 0 0 0 0 0 0 0
0 0 0 2 0 0 0 0 0 0 0 0
0 0 4 0 0 0 0 0 0 0 0 0
0 2 0 0 0 0 0 0 0 0 0 0
4 0 0 0 0 0 0 0 0 0 0 0
0 0 0 0 0 0 0 0 0 0 0 0
0 0 0 0 0 0 0 0 0 0 0 0
0 0 0 0 0 0 0 0 0 0 0 0
0 0 0 0 0 0 0 0 0 0 0 0
0 0 0 0 0 0 0 0 0 0 0 0
0 0 0 0 0 0 0 0 0 0 0 0
0 0 0 0 0 0 0 0 0 0 0 0"
e01b364b.json,"0 0 0 0 0 0 0 0 0 0 0 0 0 0 0 0 0 0 0
0 0 0 0 0 3 3 3 3 3 0 0 0 0 0 0 0 0 0
0 0 0 0 0 3 0 0 0 3 0 0 0 0 0 0 0 0 0
0 0 0 0 0 3 3 3 3 3 0 0 0 0 0 0 0 0 0
0 0 0 0 0 0 0 0 0 0 0 0 0 0 0 0 0 0 0
0 0 4 4 4 4 4 4 0 0 1 1 1 1 1 1 1 1 0
0 0 4 0 0 0 0 4 0 0 1 0 0 0 0 0 0 1 0
0 0 4 0 0 0 0 4 0 0 1 0 0 0 0 0 0 1 0
0 0 4 0 0 0 0 4 0 0 1 0 0 0 0 0 0 1 0
0 0 4 0 0 0 0 4 0 0 1 0 0 0 0 0 0 1 0
0 0 4 0 0 0 0 4 0 0 1 0 0 0 0 0 0 1 0
0 0 4 4 4 4 4 4 0 0 1 1 1 1 1 1 1 1 0
0 0 0 0 0 0 0 0 0 0 0 0 0 0 0 0 0 0 0
0 8 8 8 8 8 8 0 0 0 0 6 6 6 6 0 0 0 0
0 8 0 0 0 0 8 0 0 0 0 6 0 0 6 0 0 0 0
0 8 8 8 8 8 8 0 0 0 0 6 6 6 6 0 0 0 0
0 0 0 0 0 0 0 0 0 0 0 0 0 0 0 0 0 0 0"
e0ba79dc.json,"0 0 0 0 5 2 2 2 2 0
0 2 2 2 5 0 0 0 0 0
0 0 0 0 5 0 0 1 1 1
1 1 0 0 5 0 0 0 0 0
0 0 0 0 5 0 0 0 0 0
0 0 0 0 5 2 2 2 0 0
1 1 1 0 5 0 0 0 0 0
0 0 0 0 5 0 0 0 0 0
0 2 2 2 5 0 0 0 0 1
0 0 0 0 5 0 0 0 0 0"
e22b1eea.json,"9 2 0 0 7 1 0 0 0 0 0 0 0 0 0 0 0 0 0 0
0 9 2 0 0 7 1 0 0 0 0 0 0 0 0 0 0 0 0 0
0 0 9 2 0 0 7 1 0 0 0 0 0 0 0 0 0 0 0 0
0 0 0 9 2 0 0 7 1 0 0 0 0 0 0 0 0 0 0 0
0 0 0 0 9 2 0 0 7 1 0 0 0 0 0 0 0 0 0 0
0 0 0 0 0 9 2 0 0 7 1 0 0 0 0 0 0 0 0 0
0 0 0 0 0 0 9 2 0 0 7 1 0 0 0 0 0 0 0 0
0 0 0 0 0 0 0 9 2 0 0 7 1 0 0 0 0 0 0 0
0 0 0 0 0 0 0 0 9 2 0 0 7 1 0 0 0 0 0 0
0 0 0 0 0 0 0 0 0 9 2 0 0 7 1 0 0 0 0 0
0 0 0 0 0 0 0 0 0 0 9 2 0 0 7 1 0 0 0 0
0 0 0 0 0 0 0 0 0 0 0 9 2 0 0 7 1 0 0 0
0 0 0 0 0 0 0 0 0 0 0 0 9 2 0 0 7 1 0 0
0 0 0 0 0 0 0 0 0 0 0 0 0 9 2 0 0 7 1 0
0 0 0 0 0 0 0 0 0 0 0 0 0 0 9 2 0 0 7 1
0 0 0 0 0 0 0 0 0 0 0 0 0 0 0 9 2 0 0 7
0 0 0 0 0 0 0 0 0 0 0 0 0 0 0 0 9 2 0 0
0 0 0 0 0 0 0 0 0 0 0 0 0 0 0 0 0 9 2 0
0 0 0 0 0 0 0 0 0 0 0 0 0 0 0 0 0 0 9 2
0 0 0 0 0 0 0 0 0 0 0 0 0 0 0 0 0 0 0 9"
e2c39613.json,"0 0 0 0 0 0 0 0 0 0 0 0 0 0 0 0
0 0 0 0 0 0 0 0 0 0 0 0 0 0 0 0
0 0 0 0 0 0 0 0 0 0 0 0 0 0 0 0
0 0 0 0 0 0 0 0 0 0 0 0 0 0 0 0
0 0 0 0 0 0 0 0 0 0 0 0 0 0 0 0
0 0 0 0 5 5 0 0 0 0 0 0 0 0 0 0
0 0 0 0 5 5 0 0 0 0 0 0 0 0 0 0
0 0 0 0 5 5 0 0 0 0 0 0 0 0 0 0
0 0 0 0 5 5 0 0 0 0 0 0 0 0 0 0
0 0 0 0 5 5 0 0 0 0 0 0 0 0 0 0
0 0 0 0 5 5 0 0 0 0 0 0 0 0 0 0
0 0 0 0 0 0 0 0 0 0 0 0 0 0 0 0
0 0 0 0 0 0 0 0 0 0 0 0 0 0 0 0
0 0 0 0 0 0 0 0 0 0 0 0 0 0 0 0
0 0 0 0 0 0 0 0 0 0 0 0 0 0 0 0
0 0 0 0 0 0 0 0 0 0 0 0 0 0 0 0"
e2c649f2.json,"5 5 5 0 0
0 0 0 5 0
0 5 5 0 5
0 5 0 0 0
0 0 0 5 0"
e2e8cb40.json,"0 0 4 0 0 0
0 0 4 0 0 0
0 0 4 0 0 0
0 0 4 0 0 0
8 8 2 8 8 8
0 0 4 0 0 0"
e34a9208.json,"0 3 0 0
0 0 0 0
3 0 0 0
0 0 0 0"
e3ba36ee.json,"3 8 8 0 6 6
6 2 2 2 2 6
6 6 0 8 8 3
0 6 6 8 8 3
2 2 6 6 2 2
8 8 3 0 6 6"
e421fc60.json,"(The provided reasoning text is incomplete and does not contain the final grid values. However, based on the instructions to extract the final predicted grid from the text, and since the text cuts off before the grid is generated, no grid can be extracted. If this were a complete reasoning chain, the grid would follow here.)"
e4791714.json,"2 2 2 0 0 0 0 0 0 0 0 0 2 2 2 0
2 0 2 2 0 0 0 0 0 0 0 0 2 0 2 2
2 0 2 2 0 0 0 0 0 0 0 0 2 0 2 2
2 2 2 0 0 0 0 0 0 0 0 0 2 2 2 0
0 0 0 0 3 3 3 0 3 3 3 0 0 0 0 0
0 0 0 0 3 0 3 3 3 0 3 3 0 0 0 0
0 0 0 0 3 0 3 3 3 0 3 3 0 0 0 0
0 0 0 0 3 3 3 0 3 3 3 0 0 0 0 0
0 0 0 0 3 3 3 0 3 3 3 0 0 0 0 0
0 0 0 0 3 0 3 3 3 0 3 3 0 0 0 0
0 0 0 0 3 0 3 3 3 0 3 3 0 0 0 0
0 0 0 0 3 3 3 0 3 3 3 0 0 0 0 0
2 2 2 0 0 0 0 0 0 0 0 0 8 8 8 0
2 0 2 2 0 0 0 0 0 0 0 0 8 0 8 8
2 0 2 2 0 0 0 0 0 0 0 0 8 0 8 8
2 2 2 0 0 0 0 0 0 0 0 0 8 8 8 0"
e4bcd500.json,"5 5 5 0 0 0 0 0 0
5 5 5 0 0 0 0 0 0
5 5 5 0 0 0 0 0 0
5 5 5 0 0 0 5 5 5
5 5 5 0 0 0 5 5 5
5 5 5 0 0 0 5 5 5
0 0 0 0 0 0 5 5 5
0 0 0 0 0 0 5 5 5
0 0 0 0 0 0 5 5 5"
c4c542d3.json,"0 0 0 0 0 6 6 6 6 6
0 0 0 0 0 1 1 6 1 1
0 0 0 0 0 1 6 6 6 1
0 0 0 0 0 1 6 6 6 1
0 0 0 0 0 1 1 1 1 1
0 4 4 4 4 4 0 0 0 0
0 1 1 4 1 1 0 0 0 0
0 1 4 4 4 1 0 0 0 0
0 1 4 4 4 1 0 0 0 0
0 1 1 1 1 1 0 0 0 0"
c463f7e7.json,8 1 2 3
c5014dfd.json,"8 8 4
8 8 4
0 0 1"
e551409a.json,"0 0 0 8 8 8 8 8 0 0
0 0 0 8 4 8 8 8 0 0
0 0 0 8 8 4 8 8 0 0
0 0 0 8 4 8 8 8 0 0
0 0 0 8 8 8 8 8 0 0
0 0 0 0 0 0 0 0 0 0
0 0 0 0 0 0 0 0 0 0
8 8 8 8 8 8 8 0 0 0
8 8 8 2 2 2 8 0 0 0
8 8 8 8 8 8 8 0 0 0"
e60432e3.json,"0 0 0 0 0 0 0 0 0
0 0 0 0 0 0 0 0 1
0 0 0 0 0 0 0 1 1
0 0 0 0 0 0 1 1 1
0 0 0 0 0 1 1 1 1
0 0 0 0 2 2 2 2 2
0 0 0 3 3 3 3 3 3
0 0 3 3 3 3 3 3 3
0 0 0 0 0 0 0 0 0"
e5733fd9.json,"7 3 3 0 0 0 0 0 0 5 7 3 3
8 8 6 0 0 0 0 0 0 5 8 8 6
6 7 6 0 0 0 0 0 0 5 6 7 6
0 0 0 7 3 3 0 0 0 5 0 0 0
0 0 0 8 8 6 0 0 0 5 0 0 0
0 0 0 6 7 6 0 0 0 5 0 0 0
0 0 0 0 0 0 0 0 0 5 0 0 0
0 0 0 0 0 0 0 0 0 5 0 0 0
0 0 0 0 0 0 0 0 0 5 0 0 0"
e58789ea.json,"0 0 0 0 0 0
0 0 0 0 0 0
0 0 0 0 0 0
8 0 8 0 4 0
0 8 0 0 4 4
8 0 8 4 4 0
0 0 0 0 0 0
0 8 0 0 0 0
8 8 0 0 0 0"
e69139c2.json,"0 0 0 0 0 0 8 4 4 4 4 4 4 8 0 0 0
0 0 0 0 0 0 8 4 4 4 4 4 4 8 0 0 0
0 0 0 0 0 0 8 4 4 4 4 4 4 8 0 0 0
8 8 8 8 8 8 8 8 8 8 8 8 8 8 8 8 8
2 2 2 2 2 2 8 6 6 6 6 6 6 8 1 1 1
2 2 2 2 2 2 8 6 6 6 6 6 6 8 1 1 1
2 2 2 2 2 2 8 6 6 6 6 6 6 8 1 1 1
2 2 2 2 2 2 8 6 6 6 6 6 6 8 1 1 1
8 8 8 8 8 8 8 8 8 8 8 8 8 8 8 8 8
0 0 0 0 0 0 8 3 3 3 3 3 3 8 0 0 0
0 0 0 0 0 0 8 3 3 3 3 3 3 8 0 0 0
0 0 0 0 0 0 8 3 3 3 3 3 3 8 0 0 0
0 0 0 0 0 0 8 3 3 3 3 3 3 8 0 0 0
0 0 0 0 0 0 8 3 3 3 3 3 3 8 0 0 0
0 0 0 0 0 0 8 3 3 3 3 3 3 8 0 0 0"
e6bd3db6.json,"8 8 8 8
0 8 8 0
8 8 8 8
8 8 8 8
0 8 8 0
8 8 8 8
8 8 8 8
0 8 8 0
8 8 8 8"
e6b44fba.json,"0 0 0 0 0 0 0 0 3 3 3 0
0 0 0 0 0 0 0 3 8 8 8 3
0 0 0 0 0 0 0 3 8 3 8 3
0 0 0 0 0 0 0 3 8 8 8 3
0 0 0 0 0 0 0 0 3 3 3 0
0 0 0 0 0 0 0 0 0 0 0 0
0 0 0 0 0 0 0 0 0 0 0 0
3 3 8 8 8 8 3 3 0 0 0 0
3 3 8 3 3 8 3 3 0 0 0 0
3 3 8 3 3 8 3 3 0 0 0 0
0 0 3 3 3 3 0 0 0 0 0 0
0 0 3 3 3 3 0 0 0 0 0 0"
e7b17cf4.json,Insufficient data provided to determine the final grid.
e7dbf2a8.json,1
e7d00859.json,"0 0 4 0 0 4 0 0 4 0 0 4 0 0 4 0 0 4 0 0 4 0 0 4 0 0
0 0 4 0 0 4 1 1 4 0 0 4 0 0 4 0 0 4 0 0 4 0 0 4 0 0
4 4 4 4 4 4 4 4 4 4 4 4 4 4 4 4 4 4 4 4 4 4 4 4 4 4
0 0 4 8 8 4 0 0 4 0 0 4 0 0 4 0 0 4 0 0 4 8 8 4 0 0
0 0 4 0 0 4 0 0 4 0 0 4 0 0 4 0 0 4 0 0 4 8 8 4 0 0
4 4 4 4 4 4 4 4 4 4 4 4 4 4 4 4 4 4 4 4 4 4 4 4 4 4
0 0 4 0 0 4 0 0 4 0 0 4 2 2 4 0 0 4 0 0 4 8 8 4 0 0
0 0 4 0 0 4 0 0 4 0 0 4 2 2 4 0 0 4 0 0 4 2 2 4 0 0
4 4 4 4 4 4 4 4 4 4 4 4 4 4 4 4 4 4 4 4 4 4 4 4 4 4
0 0 4 0 0 4 0 0 4 0 0 4 0 0 4 0 0 4 0 0 4 0 0 4 0 0
0 0 4 0 0 4 0 0 4 0 0 4 0 0 4 0 0 4 0 0 4 0 0 4 0 0
4 4 4 4 4 4 4 4 4 4 4 4 4 4 4 4 4 4 4 4 4 4 4 4 4 4
0 0 4 0 0 4 0 0 4 0 0 4 0 0 4 0 0 4 0 0 4 0 0 4 0 0
0 0 4 0 0 4 0 0 4 0 0 4 0 0 4 0 0 4 0 0 4 0 0 4 0 0
4 4 4 4 4 4 4 4 4 4 4 4 4 4 4 4 4 4 4 4 4 4 4 4 4 4
0 0 4 0 0 4 0 0 4 0 0 4 0 0 4 0 0 4 0 0 4 0 0 4 0 0
0 0 4 0 0 4 0 0 4 0 0 4 0 0 4 0 0 4 0 0 4 0 0 4 0 0
4 4 4 4 4 4 4 4 4 4 4 4 4 4 4 4 4 4 4 4 4 4 4 4 4 4
0 0 4 0 0 4 0 0 4 0 0 4 0 0 4 0 0 4 0 0 4 0 0 4 0 0
0 0 4 0 0 4 0 0 4 0 0 4 0 0 4 0 0 4 0 0 4 0 0 4 0 0
4 4 4 4 4 4 4 4 4 4 4 4 4 4 4 4 4 4 4 4 4 4 4 4 4 4
0 0 4 8 8 4 0 0 4 0 0 4 8 8 4 0 0 4 0 0 4 0 0 4 0 0
0 0 4 8 8 4 0 0 4 0 0 4 8 8 4 0 0 4 0 0 4 0 0 4 0 0
4 4 4 4 4 4 4 4 4 4 4 4 4 4 4 4 4 4 4 4 4 4 4 4 4 4
0 0 4 0 0 4 0 0 4 0 0 4 0 0 4 0 0 4 0 0 4 0 0 4 0 0
0 0 4 0 0 4 0 0 4 0 0 4 0 0 4 0 0 4 0 0 4 0 0 4 0 0"
e7c51142.json,"0 0 0 0 0
0 0 0 0 0
0 0 0 7 9
0 0 0 2 7
2 3 6 3 3"
e8f6df9e.json,"0 7 7 0 7 7 0 7 7
7 0 0 7 0 0 7 0 0
0 0 7 0 0 7 0 0 7
0 7 7 0 0 0 0 0 0
7 0 0 0 0 0 0 0 0
0 0 7 0 0 0 0 0 0
0 0 0 0 0 0 0 7 7
0 0 0 0 0 0 7 0 0
0 0 0 0 0 0 0 0 7"
e7f27614.json,"0 0 0 0 0 0 0 0 0 0 0 0 0
0 0 3 8 8 8 8 8 8 8 3 0 0
0 0 0 0 0 0 0 0 0 0 0 0 0
0 0 0 0 0 0 0 0 0 0 0 0 0
0 0 0 0 0 0 0 0 0 0 0 0 0
3 8 8 8 8 8 3 0 0 0 0 0 0
0 0 0 0 0 0 0 0 0 0 0 0 0
0 0 0 0 0 0 0 0 0 0 0 3 0
0 0 0 0 0 0 0 0 0 0 0 8 0
0 0 0 0 3 0 0 0 0 0 0 8 0
0 0 0 0 0 0 0 0 0 0 0 3 0
0 0 0 0 0 0 0 0 0 0 0 0 0"
e8cb89d7.json,"0 0 0 0 0 0 0 0 0 0 0
0 0 0 0 0 0 0 0 0 0 0
0 0 8 8 8 8 8 8 2 0 0
0 0 8 2 2 8 8 8 2 0 0
0 0 8 2 8 8 2 8 2 0 0
0 0 8 2 8 8 2 2 2 0 0
0 0 2 2 8 2 2 2 2 0 0
0 0 2 2 2 2 2 2 2 0 0
0 0 0 0 0 0 0 0 0 0 0"
e9533adf.json,"0 3
2 0"
ea521428.json,"0 0 0 0 0 0 0 0 0 0 0 0 0 0 0
0 0 0 0 0 0 0 0 0 0 0 2 2 2 2
0 0 0 0 0 0 0 0 0 0 0 2 2 2 2
0 0 0 0 0 0 0 1 1 1 0 2 2 2 2
0 0 0 0 0 0 0 1 1 1 0 2 2 2 2
0 0 0 0 0 0 0 1 1 1 0 2 2 2 2
0 0 0 0 0 0 0 1 1 1 0 2 2 2 2
0 0 0 0 0 0 0 1 1 1 0 2 2 2 2
0 0 0 0 0 0 0 1 1 1 0 0 0 0 0
4 4 4 4 4 0 0 0 0 0 0 0 0 0 0
4 4 4 4 4 0 0 0 0 0 0 0 0 0 0
4 4 4 4 4 0 0 0 0 0 0 0 0 0 0
0 0 0 0 0 0 0 0 0 0 0 0 0 0 0
0 0 0 0 0 0 0 0 0 0 0 0 0 0 0
0 0 0 0 0 0 0 0 0 0 0 0 0 0 0"
e7f43f17.json,"1 0 0 0 0 0 0 0 0 0
1 0 0 0 0 0 0 0 0 0
1 0 0 2 2 0 1 1 0 0
1 0 0 2 0 0 0 1 1 0
0 0 0 0 0 0 0 0 0 0
0 0 0 0 0 0 0 0 0 0
0 0 0 0 0 0 0 0 0 2
0 0 3 0 0 3 3 0 0 2
0 0 3 0 0 0 0 0 0 2
0 0 0 0 0 0 0 0 0 0"
ea36cde1.json,"0 0 0 0 0 0 0 0 0 0 0 0
0 0 0 0 0 0 0 0 0 0 0 0
0 0 0 0 0 0 0 0 0 0 0 0
0 3 8 8 8 8 8 8 8 8 0 0
0 0 0 0 0 0 0 0 0 8 0 0
0 0 0 0 0 0 0 0 0 8 0 0
0 0 0 0 0 0 0 0 0 8 0 0
0 0 0 0 0 0 0 0 0 8 0 0
0 0 0 0 0 0 0 0 0 8 0 0
0 0 0 0 0 0 0 0 0 8 0 0
0 0 0 0 0 0 0 0 0 8 0 0
0 0 0 0 0 0 0 0 0 8 0 0
0 0 0 0 0 0 0 0 0 2 0 0
0 0 0 0 0 0 0 0 0 0 0 0"
eb3833be.json,"1 1 4
0 8 8
0 0 0"
ecf6f92a.json,"0 0 0 0 0 0 0 0 0 0
0 2 0 0 0 0 7 0 0 0
0 0 8 8 8 8 8 0 0 0
0 0 8 0 0 0 8 0 0 0
0 0 8 0 0 0 8 0 0 0
0 0 8 0 0 0 8 0 0 0
0 0 8 8 8 8 8 0 0 0
0 0 0 0 0 0 0 0 0 0
0 1 0 0 0 0 0 3 0 0
0 0 0 0 0 0 0 0 0 0"
ee2d2151.json,"3 3 3 3 3 0 0 0 3 0 0 0
3 0 0 0 3 0 0 0 0 0 0 0
3 0 0 0 0 0 0 0 0 0 0 0
3 0 0 0 3 0 0 1 1 1 1 0
3 3 3 3 3 0 0 1 0 0 1 0
0 0 0 0 0 0 0 1 0 0 1 0
0 0 0 0 0 0 0 1 0 0 1 0
0 1 1 1 0 0 0 1 1 1 1 0
0 1 0 1 0 0 0 0 0 0 0 0
0 1 0 1 0 0 3 0 0 0 0 0
0 1 1 1 0 0 3 0 3 0 0 0
0 0 0 0 0 0 0 0 0 0 0 0"
ed3a86a4.json,"5 5 5
2 2 2
3 3 3"
ed23aa49.json,"6 6 4
3 8 0
5 0 0"
ee67b53d.json,"0 0 3 0 0 3
3 3 3 3 3 3
3 0 0 3 0 0"
f01b7e19.json,"0 0 0 0 5 0 5
0 0 8 0 0 0 3
0 0 0 0 0 0 0
0 0 0 0 2 0 0
2 0 0 5 0 0 0
0 0 0 0 0 0 5
0 8 0 0 0 0 0
0 0 0 0 0 8 0
5 0 0 2 0 0 0"
f22b1670.json,"3 3 3 3 0 0 0 0 0 0 0 0 3 3 3 3
3 0 0 3 0 0 0 0 0 0 0 0 3 0 0 3
3 3 3 3 0 0 0 0 0 0 0 0 3 3 3 3
0 3 3 0 0 0 0 0 0 0 0 0 0 3 3 0
0 0 0 0 2 2 2 2 2 2 2 2 0 0 0 0
0 0 0 0 2 0 0 2 2 0 0 2 0 0 0 0
0 0 0 0 2 2 2 2 2 2 2 2 0 0 0 0
0 0 0 0 0 2 2 0 0 2 2 0 0 0 0 0
0 0 0 0 2 2 2 2 2 2 2 2 0 0 0 0
0 0 0 0 2 0 0 2 2 0 0 2 0 0 0 0
0 0 0 0 2 2 2 2 2 2 2 2 0 0 0 0
0 0 0 0 0 2 2 0 0 2 2 0 0 0 0 0
1 1 1 1 0 0 0 0 0 0 0 0 3 3 3 3
1 0 0 1 0 0 0 0 0 0 0 0 3 0 0 3
1 1 1 1 0 0 0 0 0 0 0 0 3 3 3 3
0 1 1 0 0 0 0 0 0 0 0 0 0 3 3 0"
ee3cbec6.json,Invalid input: Reasoning text is truncated.
f36bcbf2.json,"0 0 0 0 0 0 0 0 0 0
4 0 0 4 0 0 0 0 0 0
0 2 2 0 0 0 0 0 0 0
0 2 2 0 0 0 0 0 0 0
4 0 0 4 0 0 0 0 0 0
0 0 0 0 0 4 0 0 0 4
0 0 0 0 0 0 2 2 2 0
0 0 0 0 0 0 2 2 2 0
0 0 0 0 0 0 2 2 2 0
0 0 0 0 0 4 0 0 0 4"
f390a79b.json,"0 0 0 0 0 0 3 2 2 2 2 2 2 3 0 0 0
0 0 0 0 0 0 3 2 2 2 2 2 2 3 0 0 0
0 0 0 0 0 0 3 2 2 2 2 2 2 3 0 0 0
0 0 0 0 0 0 3 2 2 2 2 2 2 3 0 0 0
0 0 0 0 0 0 3 2 2 2 2 2 2 3 0 0 0
0 0 0 0 0 0 3 2 2 2 2 2 2 3 0 0 0
3 3 3 3 3 3 3 3 3 3 3 3 3 3 3 3 3
6 6 6 6 6 6 3 1 1 1 1 1 1 3 4 4 4
6 6 6 6 6 6 3 1 1 1 1 1 1 3 4 4 4
6 6 6 6 6 6 3 1 1 1 1 1 1 3 4 4 4
6 6 6 6 6 6 3 1 1 1 1 1 1 3 4 4 4
3 3 3 3 3 3 3 3 3 3 3 3 3 3 3 3 3
0 0 0 0 0 0 3 8 8 8 8 8 8 3 0 0 0
0 0 0 0 0 0 3 8 8 8 8 8 8 3 0 0 0
0 0 0 0 0 0 3 8 8 8 8 8 8 3 0 0 0"
f37df485.json,"0 0 0
0 0 1
0 0 0"
f46f5c64.json,"2 3 7
8 1 1
4 2"
f4d979d4.json,"0 2 0 3 0 9 0 6 0 4
0 0 0 3 0 0 0 6 0 0
0 0 0 3 0 0 0 6 0 0
0 0 0 3 0 0 0 6 0 0
0 0 0 3 0 0 0 6 0 0
0 0 0 3 0 0 0 6 0 0
0 0 0 3 0 0 0 6 0 0
0 0 0 3 0 0 0 6 0 0
0 0 0 3 0 0 0 6 0 0
0 4 0 3 0 2 0 6 0 9"
f503d949.json,"0 0 0 0 0 0 0 0 0 0 0 0 0 0 0 4 0 0 0
0 0 0 0 0 0 0 0 0 0 0 0 0 0 0 4 0 0 0
0 0 0 0 0 0 0 0 0 0 0 0 0 0 0 4 0 0 0
0 0 0 0 0 0 0 0 0 0 0 0 0 0 0 4 0 0 0
0 0 0 0 0 0 0 0 0 0 0 0 0 0 0 4 0 0 0
4 4 4 4 4 4 4 4 4 4 4 4 4 4 4 4 4 4 4
0 0 0 0 0 0 0 0 0 0 0 0 0 0 0 4 0 0 0
0 0 0 0 0 0 0 0 0 0 0 0 0 0 0 4 0 0 0
0 0 0 0 0 0 0 0 0 0 0 0 0 0 0 4 0 0 0
0 0 0 0 0 0 0 0 0 0 0 0 0 0 0 4 0 0 0
0 0 0 0 0 0 0 0 0 0 0 0 0 0 0 4 0 0 0
0 0 0 0 0 0 0 0 0 0 0 0 0 0 0 4 0 0 0
0 0 0 0 0 0 0 0 0 0 0 0 0 0 0 4 0 0 0
0 0 0 0 0 0 0 0 0 0 0 0 0 0 0 4 0 0 0
0 0 0 0 0 0 0 0 0 0 0 0 0 0 0 4 0 0 0
0 0 0 0 0 0 0 0 0 0 0 0 0 0 0 4 0 0 0"
f563d9a8.json,"2
3
6"
f5ba5511.json,"3 0 0 0 0 0 0 3
0 0 0 3 3 0 0 0
3 3 0 0 0 0 3 3
3 3 0 0 0 0 3 3
0 0 0 3 3 0 0 0
3 0 0 0 0 0 0 3"
f5d4e67b.json,"0 0 0 0 0 0 0 0 0 0 0 0 0 0 0 0 0 0 0
0 0 0 0 0 0 0 7 7 0 6 6 0 0 0 0 0 0 0
0 0 0 0 0 0 0 7 0 0 6 0 0 0 0 0 0 0 0
0 7 7 7 7 7 7 7 0 0 6 6 6 6 6 6 6 0 0
0 0 0 0 0 0 0 7 0 0 6 0 0 0 0 0 0 0 0
0 0 0 0 0 0 0 7 7 0 6 6 0 0 0 0 0 0 0
0 0 0 0 0 0 0 0 0 0 0 0 0 0 0 0 0 0 0
0 0 0 0 0 0 0 0 0 0 0 0 0 0 0 0 0 0 0
0 0 0 0 0 0 0 0 0 0 0 0 0 0 0 0 0 0 0"
f674b886.json,"0 0 0 7 7 7 7 7 7 2 0 0 0
0 0 0 7 3 7 7 3 7 2 0 0 0
0 0 0 6 3 1 6 3 1 2 0 0 0
7 7 7 0 0 0 7 7 7 2 0 0 0
7 3 7 0 0 0 7 3 7 2 0 0 0
6 3 1 0 0 0 6 3 1 2 0 0 0
7 7 7 7 7 7 0 0 0 2 7 7 7
7 3 7 7 3 7 0 0 0 2 7 3 7
6 3 1 6 3 1 0 0 0 2 6 3 1"
f7f37f6e.json,"8 8 8
0 0 7
4 4 4"
f7ff49c5.json,"3 3 3 3 3 3 3 3 3 3 3 3 3 3 3
3 3 3 3 3 3 3 3 3 3 3 3 3 3 3
3 3 3 3 3 3 3 3 3 6 6 6 6 3 3
3 3 6 6 6 6 3 3 3 6 8 8 6 3 3
3 3 6 8 8 6 3 3 3 6 8 8 6 3 3
3 3 6 8 8 6 3 3 3 6 8 8 6 3 3
3 3 6 6 6 6 3 3 3 6 8 8 6 3 3
3 3 3 3 3 3 3 3 3 6 6 6 6 3 3
3 3 3 3 3 3 3 3 3 3 3 3 3 3 3
3 3 3 3 3 3 3 3 3 3 3 3 3 3 3
3 3 3 3 3 3 3 3 3 3 3 3 3 3 3
3 3 3 3 6 6 6 6 6 6 6 3 3 3 3
3 3 3 3 6 8 8 4 4 4 6 3 3 3 3
3 3 3 3 6 6 6 6 6 6 6 3 3 3 3
3 3 3 3 3 3 3 3 3 3 3 3 3 3 3"
fa428ffe.json,"4 8 4 4 4 8 4 4
0 0 0 0 0 0 0 0
8 4 4 4 8 4 4 4
4 4 4 8 4 4 4 8
4 8 4 4 4 8 4 4
0 0 0 0 0 0 0 0
8 4 4 4 8 4 4 4
4 4 4 8 4 4 4 8"
faad8954.json,"0 0 0 0 0 0 0
0 0 8 0 0 0 0
0 0 8 8 0 8 0
0 8 8 8 8 8 0
0 8 8 0 8 8 0
0 8 8 0 0 0 0
0 0 0 0 0 0 0"
faf5cda6.json,"0 0 0 0 0 0 0 0 0 0
0 0 0 0 0 0 0 0 0 0
0 0 0 0 0 0 0 0 0 0
0 0 0 0 0 0 0 0 0 0
0 0 0 0 0 0 0 0 0 0
0 0 0 0 0 0 0 0 0 0
0 0 0 0 0 0 0 0 0 0
0 0 0 0 0 0 0 0 0 0
0 0 0 0 0 0 0 0 0 0
0 0 0 0 0 0 0 0 0 0"
fb2a8aca.json,"2 2 2 2
2 0 0 2
2 2 2 2
0 2 2 0"
fb557d57.json,"5 2 1
5 2 1
5 2 1
5 2 1"
fb785435.json,"7 7 7 0 0 0 0 0 0
7 7 7 0 0 0 0 0 0
7 7 7 0 0 0 0 0 0
1 1 1 0 0 0 1 1 1
1 1 1 0 0 0 1 1 1
1 1 1 0 0 0 1 1 1
0 0 0 7 7 7 0 0 0
0 0 0 7 7 7 0 0 0
0 0 0 7 7 7 0 0 0"
fba1c022.json,5
fc53b988.json,6 1 3
fc5b861d.json,"3 1 8 8
3 1 4 4
3 1 4 0
3 1 0 0
0 1 0 0
0 1 0 0
3 1 0 0
3 1 4 0
3 1 4 4
3 1 8 8"
fd7a057a.json,"0 0 0 0 0 0 0 7 0 0
0 0 0 0 0 0 7 7 0 0
0 0 0 0 7 7 7 7 0 0
0 0 0 3 7 7 7 7 0 0
0 0 3 3 0 0 7 7 0 0
0 3 3 3 0 0 0 7 0 0
0 3 3 3 0 0 0 0 4 0
0 0 3 3 0 0 4 4 4 0
0 0 0 3 0 0 4 4 4 0
0 0 0 0 0 0 0 0 4 0"
fdce2d73.json,"0 0 0 0 5 5 5 5 5 0 0 0
0 0 0 0 5 8 8 8 5 0 0 0
0 0 0 0 5 8 8 8 5 0 0 0
0 0 0 0 5 8 8 8 5 0 0 0
0 0 0 0 5 5 5 5 5 0 0 0
0 5 5 5 0 0 0 0 0 0 0 0
0 5 6 5 0 0 5 5 5 5 0 0
0 5 5 5 0 0 5 7 7 5 0 0
0 0 0 0 0 0 5 7 7 5 0 0
0 0 0 0 0 0 5 5 5 5 0 0
0 0 0 0 0 0 0 0 0 0 0 0
0 0 0 0 0 0 0 0 0 0 0 0"
fdda8a06.json,"1 1 1 1 1 1 1 1 1 1 1 1 1 1 1 1 1 1
1 2 3 4 5 6 7 8 9 1 2 3 4 5 6 7 8 9
1 3 5 7 9 2 4 6 8 1 3 5 7 9 2 4 6 8
1 4 7 1 4 7 1 4 7 1 4 7 1 4 7 1 4 7
1 5 9 4 8 3 7 2 6 1 5 9 4 8 3 7 2 6
1 6 2 7 3 8 4 9 5 1 6 2 7 3 8 4 9 5
1 7 4 1 7 4 1 7 4 1 7 4 1 7 4 1 7 4
1 8 6 4 2 9 7 5 3 1 8 6 4 2 9 7 5 3
1 9 8 7 6 5 4 3 2 1 9 8 7 6 5 4 3 2
1 1 1 1 1 1 1 1 1 1 1 1 1 1 1 1 1 1
1 2 3 4 5 6 7 8 9 1 2 3 4 5 6 7 8 9
1 3 5 7 9 2 4 6 8 1 3 5 7 9 2 4 6 8
1 4 7 1 4 7 1 4 7 1 4 7 1 4 7 1 4 7
1 5 9 4 8 3 7 2 6 1 5 9 4 8 3 7 2 6
1 6 2 7 3 8 4 9 5 1 6 2 7 3 8 4 9 5
1 7 4 1 7 4 1 7 4 1 7 4 1 7 4 1 7 4
1 8 6 4 2 9 7 5 3 1 8 6 4 2 9 7 5 3
1 9 8 7 6 5 4 3 2 1 9 8 7 6 5 4 3 2"
ffcc26d3.json,"7 2 7 2
7 7 7 2
2 7 2 7
2 7 7 2"
f3aedc7e.json,"0 0 0 0 0 0 0 0 0 0 0 0 0 0 0
0 0 0 0 0 0 0 5 0 0 0 0 0 0 0
0 0 0 8 8 8 8 8 8 8 8 8 0 0 0
0 0 0 8 0 0 0 0 0 0 0 8 0 0 0
0 0 0 8 0 0 0 0 0 0 0 8 0 0 0
0 0 0 8 0 0 0 0 0 0 0 8 0 0 0
0 0 5 8 0 0 8 8 8 8 0 8 0 0 0
0 0 0 8 0 0 8 0 0 8 0 8 0 0 0
0 0 0 8 0 0 8 8 8 8 0 8 0 0 0
0 0 0 8 0 0 0 0 0 0 0 8 0 0 0
0 0 0 8 0 0 0 0 0 0 0 8 0 0 0
0 0 0 8 0 0 0 0 0 0 0 8 0 0 0
0 0 0 8 8 8 8 8 8 8 8 8 0 0 0
0 0 0 0 0 0 0 5 0 0 0 0 0 0 0
0 0 0 0 0 0 0 0 0 0 0 0 0 0 0"
f45d170f.json,"0 0 0 0 0 0 0 0 0 0 0 0 0 0 0 0 4 4 4 4
0 0 0 0 0 0 0 0 0 0 0 0 0 0 0 0 4 4 4 4
0 0 0 0 0 0 0 0 0 0 0 0 0 0 0 0 4 4 4 4
0 0 0 0 0 0 0 0 0 0 0 0 0 0 0 0 4 4 4 4
0 0 0 0 2 2 2 2 0 0 0 0 3 3 3 3 0 0 0 0
0 0 0 0 2 2 2 2 0 0 0 0 3 3 3 3 0 0 0 0
0 0 0 0 2 2 2 2 0 0 0 0 3 3 3 3 0 0 0 0
0 0 0 0 2 2 2 2 0 0 0 0 3 3 3 3 0 0 0 0
0 0 0 0 0 0 0 0 6 6 6 6 0 0 0 0 0 0 0 0
0 0 0 0 0 0 0 0 6 6 6 6 0 0 0 0 0 0 0 0
0 0 0 0 0 0 0 0 6 6 6 6 0 0 0 0 0 0 0 0
0 0 0 0 0 0 0 0 6 6 6 6 0 0 0 0 0 0 0 0
0 0 0 0 0 0 0 0 0 0 0 0 8 8 8 8 0 0 0 0
0 0 0 0 0 0 0 0 0 0 0 0 8 8 8 8 0 0 0 0
0 0 0 0 0 0 0 0 0 0 0 0 8 8 8 8 0 0 0 0
0 0 0 0 0 0 0 0 0 0 0 0 8 8 8 8 0 0 0 0
0 0 0 0 0 0 0 0 0 0 0 0 0 0 0 0 0 0 0 0
0 0 0 0 0 0 0 0 0 0 0 0 0 0 0 0 0 0 0 0
0 0 0 0 0 0 0 0 0 0 0 0 0 0 0 0 0 0 0 0
0 0 0 0 0 0 0 0 0 0 0 0 0 0 0 0 0 0 0 0"
f4620e39.json,"1 0 1 1 1 1 1 1 1 1 1 1 1 1 1
1 0 1 1 1 1 1 1 1 1 1 1 1 1 1
1 0 1 1 1 1 1 1 1 1 1 1 1 1 1
1 0 1 1 1 1 1 1 1 1 1 1 1 1 1
4 4 4 4 4 4 4 4 4 4 0 4 4 4 4
4 4 4 4 4 4 4 4 4 4 0 4 4 4 4
4 4 4 4 4 4 4 4 4 4 0 4 4 4 4
4 4 4 4 4 4 4 4 4 4 0 4 4 4 4
4 4 4 4 4 4 4 4 4 4 0 4 4 4 4
3 3 3 3 3 3 0 3 3 3 3 3 3 3 3
3 3 3 3 3 3 0 3 3 3 3 3 3 3 3
3 3 3 3 3 3 0 3 3 3 3 3 3 3 3
3 3 3 3 3 3 0 3 3 3 3 3 3 3 3
8 8 8 8 0 8 8 8 8 8 8 8 0 8 8
8 8 8 8 0 8 8 8 8 8 8 8 0 8 8
8 8 8 8 0 8 8 8 8 8 8 8 0 8 8
8 8 8 8 0 8 8 8 8 8 8 8 0 8 8"
