Task,gemma-4-31b-it
01329eb7.json,"Each 3x3 block is filled with a solid color based on its center cell's value using the mapping: 1→2, 3→7, 5→8, 9→4. Separator lines of 6s remain unchanged."
01613f44.json,"Rotate the input grid 90 degrees clockwise, reverse the resulting grid vertically, and then repeat the final grid horizontally once."
001c8ad3.json,"For each non-zero pixel at (row, col) with value V, create a repeating pattern of length (GridWidth - col) starting at (row, 0). The pattern alternates between magenta (6) and a specific color O determined by a chain (2→8, 8→3, 3→5, 5→?, 6→4, 4→2). If col is even, the pattern starts with 6; if odd, it starts with O."
0032aa75.json,"Identify L-shapes (3-pixel clusters in a 2x2 area), complete them into 2x2 squares, and place a pixel of value 8 at the corner opposite to the originally missing pixel."
019663f7.json,Identify a 3x3 square with a uniform outer ring color and output the color of the center pixel.
02da6c75.json,"Identify the smallest colored block, transpose its dimensions for the output grid, and map its color to a specific output color (1 maps to 6)."
032d3332.json,"The output grid is a 180-degree rotation of the input grid, with the largest rectangle of 0s in the original input grid replaced by 5s in the rotated output."
03dc4d78.json,"Transpose the input grid and apply a color mapping cycle: 1→3, 3→7, 7→2, 2→4, 4→8, 8→1."
046a7efd.json,"The second row serves as a master sequence. Other rows containing non-zero values act as mapping sequences. If the master and mapping sequences share a color, the mapping is $C_1 \to M_1, C_2 \to M_2$; otherwise, it is $C_1 \to M_2, C_2 \to M_1$. The output grid is constructed by placing the transformed master sequence into columns corresponding to the row indices of the mapping sequences."
05c8acf6.json,Identify the most frequent color in the input grid and fill the entire output grid with that color.
05e51828.json,"The output is a 6x6 grid created by mirroring the columns of the 3x3 input grid. Specifically, the columns are processed in reverse order (Col 2, Col 1, Col 0), each mirrored horizontally to form a row of 6 elements, and then these rows are mirrored vertically to complete the grid."
05a6bcc7.json,"The input is split into two halves. The output background is set to the color of the points in the first half. The objects from the second half are retained, with the second half's background color replaced by the new background color and the point color from the first half swapped with the second half's background color."
0575aa9a.json,"Identify the color C that appears once at (r1, c1). The output is a 3x3 square centered at (9-c1, 9-r1) with a border of color 2 and a center of color C, with all other cells as 0."
06152bc4.json,"Reflect each shape's rows across the horizontal center (new_row = 9 - old_row), fill the range between the leftmost and rightmost columns of the original row, and map colors according to the cycle 7->3->1->8->4->7 (with 6 remaining 6)."
070b8dfe.json,"The input grid is divided into a grid of blocks. The output is a grid where each cell's color corresponds to the color of the block at the reflected position across the anti-diagonal of the block grid (row_out = N-1 - col_in, col_out = N-1 - row_in)."
067110be.json,"Identify the most frequent color (M) in the input grid. Map M to a new color C1 using the cycle 4 -> 2 -> 1 -> 4 (or similar mapping based on examples). Replace all instances of M with C1 and all other colors with 5. Finally, rotate the resulting grid 90 degrees clockwise."
07f4cdbd.json,Rotate the grid 90 degrees clockwise and then reverse the order of the rows (equivalent to a reflection across the anti-diagonal).
08057cf6.json,"The output grid's i-th row is the reverse of the input grid's i-th column, which is equivalent to a 90-degree clockwise rotation."
08bee0c9.json,Count the number of 2x2 blocks of color 1 in the input grid (N) and create a 1x5 grid where the first N elements are 2 and the remaining are 0.
090173db.json,"Apply a specific color mapping (1→5, 2→4, 3→9, 4→8, 5→3, 6→1, 7→7, 8→2, 9→6) and then flip the resulting grid horizontally."
0a710c9d.json,"Swap the counts and shapes of Color 2 and Color 5: Color 5 becomes a centered rectangle outline with the original count of Color 2, and Color 2 becomes a centered symmetric block with the original count of Color 5."
0a80c04c.json,Identify the rectangular blob containing the most blue cells (color 1) and perform a horizontal flip (reverse the columns) of that blob.
0a90cf76.json,The output is a 3x6 grid consisting of two 3x3 grids. The left 3x3 grid is a 90-degree counter-clockwise rotation of the input grid with 7s replaced by 1s. The right 3x3 grid is a horizontal reflection (mirror image) of the left 3x3 grid.
0ac600f8.json,Identify the 3x3 square of a single color that contains a different color in its center pixel; the output is the color of that center pixel.
0acc3296.json,"Rotated the rectangle of 5s 90 degrees, repositioned it, and added a block and line of 8s based on the position of the gap."
064b004a.json,"Extract the bounding box of non-zero elements, reverse the order of the rows, and swap colors 1 and 8."
0aee39ae.json,"The 3x3 input grid is transformed into a 6x6 grid by reversing each row, mirroring that reversed row horizontally, and then arranging these processed rows in the vertical order: Row 2, Row 1, Row 0, Row 0, Row 1, Row 2."
0c8c70c7.json,"The transformation follows a digit-to-digit mapping: 8 maps to 6, 1 maps to 5, and 3 maps to 8."
0d396bc8.json,"Identify a rectangular region of a background color (X). For each anomaly cell at relative position (r, c) within that region, draw a horizontal line at row c and a vertical line at column r in a transposed output grid of dimensions W x H, using the anomaly color."
0dcc1f4c.json,"Extract non-zero cells, sort them by column index in descending order, divide the resulting color sequence into three groups of three, and reverse the order of the first and third rows."
0e935e8e.json,"The output grid is 6xN (where N is the input row count). Each non-zero value at input row r and column 0 is mapped to a color C' (C' = C-2 if C>3, else C+5) and creates a 6x3 checkerboard pattern starting at output column r-1."
0e9d2254.json,"Reverse the order of the input rows, then expand the grid by duplicating each element horizontally and each resulting row vertically."
0f299605.json,"Count the frequency of each non-zero color, sort them in descending order, and place them in columns from right to left, filling each column from the top row downwards based on their frequency."
0fbefe36.json,"Identify three blocks of color 3 and three markers in the bottom row. Associate blocks (left-to-right) with markers (right-to-left). Recolor and reposition the blocks based on a specific color mapping (1→2, 2→6, 6→7, 7→8, 8→1, 4→5, 5→4, 9→1) and update the bottom row markers accordingly."
10710b06.json,"Identify the dominant color block and the relative coordinates (r, c) of anomaly pixels within it. Create an output grid of the block's transposed dimensions filled with the dominant color, then fill the rows and columns corresponding to the relative coordinates of the anomalies with the anomaly color."
10a1ecce.json,"The output grid dimensions are $N_X \times X$, where $X$ is the size of the largest object(s) and $N_X$ is the number of objects of that size. Each row of the output grid is filled with the color of one of the largest objects."
10e947c6.json,"The output grid dimensions are determined by the number of regions created by full-color rows and columns (Col Regions x Row Regions). The output color is mapped from the non-line color (1 maps to 1, 7 maps to 3)."
10f37aa4.json,"The grid is processed in repeating cycles of 3 rows: rows 0-1 receive 4s to the right of the 2, rows 2-4 are skipped, rows 5-7 receive 4s to the left of the 2, and rows 8-10 are skipped. This pattern of (Right, Skip, Left, Skip) repeats every 12 rows."
115049c9.json,"The output is a 3x3 grid derived from the 6x6 central shape. The output colors are a transformation of the input colors, and the positions are determined by the symmetry and distribution of the input colors."
11917376.json,"The output grid is a vertically reversed version of the input grid, where each row is also horizontally reversed and the color 1 is mapped to 6 (pink), while 0 remains 0."
11e48acb.json,"The input contains a 3x3 arrangement of N x N blocks of a specific color (color_block) and another single color (color_other). The output is a 3x3 grid where a cell is color_other if the corresponding N x N block in the input was color_block, and 0 otherwise."
11ec963a.json,A cell becomes color 1 if it is the midpoint between two cells of color 2 that are in the same row or column and are exactly 2 units apart.
12724983.json,"Calculate shift = (vertical line column - horizontal line row + count of color 5 cells). Move the horizontal line to row (H + shift) and the vertical line to column (V - shift), then remove all color 5 cells."
12fe39ca.json,"The input 4x8 grid is split into two 4x4 grids (left and right), and the output is a 4x4 grid derived from a logical operation or comparison between the two halves."
1309c948.json,"Extract the shape from the input, transform color 8 to 2 and keep color 3 as 3, and place it in an 8x8 grid with color 4 at the four corners."
13b4adc3.json,"Identify the repeating pattern in the grid, determine the original values of the zero-filled rectangular area based on that pattern, flatten those values, perform a cyclic shift (first element to the end), and reshape them back into the rectangular area."
149cd685.json,Horizontal lines are transformed into vertical lines and vertical lines into horizontal lines using a reflection across the grid width (Width-1 - coordinate). Vertical lines (derived from input rows) take precedence over horizontal lines (derived from input columns) at intersections.
14b1eeaa.json,"Vertical lines are transformed into horizontal lines at the corresponding row index, and horizontal lines are transformed into vertical lines at the column index of the last vertical line. Colors are assigned based on length: longest (Color 1), middle (Color 4), and shortest (Color 2)."
14f5ea73.json,Mirror the 3x3 input grid both horizontally and vertically to create a 6x6 grid.
161b175b.json,"Magenta shapes are expanded by 2 pixels in each dimension. Solid shapes get a yellow border; hollow shapes get a yellow border, a magenta inner border, and a green center. The transformed shapes are then repositioned to the edges of the grid."
167827d0.json,"The grid is divided into four quadrants by a central cross. A seed shape in the bottom-right quadrant is reflected across the vertical axis to the bottom-left, across the horizontal axis to the top-right, and across both axes to the top-left. The central cross is removed, and the seed color is maintained."
167b7003.json,"The 3x3 block (green perimeter, red center) moves its center to the nearest red pixel. In the case of a distance tie, the block moves left."
16ffb85c.json,"The output is a scalar value determined by the shape formed by the non-zero cells in the 3x3 grid: X-shape = 7, C/L-shape = 1, Z/S-shape = 2, and Plus-shape = 8."
1713862d.json,"The input is divided into three 4x4 blocks. Each block's pattern of 0s is mapped to a specific value (Pattern A=3, B=8, C=4, D=2), and the output is a 3x3 grid where each row is filled with the value corresponding to the respective input block."
175922ee.json,"The output grid size M is (number of non-zero elements in input) * 5. The input sequence is placed in row R = (number of non-zero elements - 1) * 5, and each subsequent row is a shifted version of the input sequence where the sequence moves one column to the left for each row increase."
17e1cf6c.json,"Transpose the input grid, shift colors (1→3, 2→2, 3→4, 4→8, 8→1), and create a base shape from the outer shell and ""spikes"" (full rows/columns) from the inner shell, with spikes taking priority."
18fbd1a7.json,"Transpose the input, flip vertically, change color (even to 3, odd to 8), then create a 6x8 grid by mirroring the result horizontally and then vertically."
19122b72.json,"The '2' shape is extracted from its bounding box, rotated 90 degrees clockwise, and then reflected across the vertical axis. The resulting shape is then centered within the bounding box defined by the '3' pixels."
19a0ec95.json,"Transpose the grid, rotate it 180 degrees (equivalent to reflection across the anti-diagonal), and apply a color replacement where the most frequent color is mapped to a specific target color and all others are set to 5."
19d24172.json,"Identify the non-zero sequence at the end of each row, reverse it, and place the reversed sequence at the beginning of the row."
19e645d3.json,"The output grid consists of three rows, where each row is filled with a single value. The values for the rows (R1, R2, R3) are derived from the input columns (C1, C2, C3) using a mapping that varies by example but follows a pattern of relative differences or shifts. Based on the provided examples, the mapping for the test input (3, 2, 8) is derived from the most consistent mappings: 3 maps to 6 or 9, 2 maps to 5, and 8 maps to 6 or 4. Following the pattern in Example 2 (where 3 maps to 6 and 8 maps to 4), the predicted output is 9, 5, 6."
19f7a34f.json,"The output grid is split into two halves (columns 0-4 and 5-9). Each half contains a border and a vertical line at the column index of the corresponding input pixel. The colors are determined by the formulas O1 = (I2 + 4) mod 10 and O2 = (I1 + 6) mod 10, where I1 and I2 are the colors of the input pixels."
1a110b1e.json,"The azure rectangle's interior is filled with azure, the remaining outline is changed to grey, and the gap in the outline is filled with azure and extended as a line to the nearest grid edge."
1a6058cc.json,"Split the input grid into two 5x6 grids (Left and Right) separated by a central column, perform a bitwise XOR operation on the two grids (where 3 XOR 3 = 0 and 3 XOR 0 = 3), and transpose the resulting 5x6 grid into a 6x5 output grid."
1ab98981.json,"The output is the first block of the input grid, rotated 270 degrees clockwise (90 degrees counter-clockwise)."
1b124939.json,"The input grid consists of 2x1 blocks of colors. The most frequent color is identified as the background. The other three colors and their counts are extracted. The output is a 3x1 grid containing the counts of these three colors, sorted in ascending order, but with the smallest count incremented by 1 in some cases or modified based on the specific color values. For the test input, the other colors are 4 (count 5), 1 (count 3), and 8 (count 2). Sorting these counts gives 2, 3, 5."
1b8bf9e1.json,"Identify non-line colored blocks at intersection points and invert their relative spatial positions (top becomes bottom, left becomes right) within a 3x3 output grid."
1bce238c.json,"Blocks are mirrored vertically, repositioned using the formula output_row = 8 - input_row, and extended downwards with color 3."
1bd28b02.json,Rotate the shape 90 degrees clockwise around the grid center and shift it horizontally so the leftmost column aligns with the center column of the grid.
1c542d91.json,The input coordinates of the '3's are transformed to determine the positions of two '1's. A cross shape made of '3's is then centered at the midpoint of these two '1's.
1c557f31.json,"For each square, swap the border and center colors, then surround the resulting square with a border of the original border color with a thickness equal to the original square's size minus two."
1c6836b4.json,"Count the frequency of each unique color in the input. Sort colors by frequency in descending order. Create a grid where the height is the maximum frequency and the width is the number of unique colors. Each column corresponds to a sorted color, filling the bottom cells with that color based on its frequency and the top cells with 0."
1d2c24f6.json,"Input rows are mapped to 1x4 patterns based on pixel positions (ends, middle, or both). A 3x4 pattern (R1, R2, R3) is constructed where R2=T1, R3=T0, and R1=T0 (unless T0 and T1 are complements). The final 9x4 grid is a mirrored vertical repetition of this pattern: (R1, R2, R3), (R3, R2, R1), (R1, R2, R3)."
1d468abf.json,"The output grid size is (5*N) x (5*N) where N is the number of distinct colors on the input edges plus one. Edge colors are expanded by factor N and transformed via a color cycle (1->4->3->6->8->7->2), while internal 2x2 blocks are scaled to 2N x 2N and shifted to (r*N, c*N) using the same color cycle."
070b84d5.json,The rule is to identify the dominant color of each column in the input grid and create an output grid where each row consists entirely of the dominant color of the corresponding input column.
1de12dc9.json,"The output grid size matches the smaller multi-colored block. Cells in the output grid are populated with values from the multi-colored block if a corresponding single-color block exists at that relative position in the input grid; otherwise, they are 0."
1e78da08.json,"Extract the pattern from the bottom-left quadrant, rotate it 90 degrees clockwise, change its color to the divider color, and tile this pattern into all four quadrants of a grid with size (n-1)x(n-1)."
1fe73ca5.json,"The output is a 2x2 grid derived from a repeating 2x2 block found in the input grid, specifically the vertical flip of a block that appears twice and contains all colors present in the grid."
2026e2f0.json,"Transpose the L-shapes (r, c) -> (c, r), identify their center pixels, and draw diagonal lines from these centers (extending bottom-right for upper/left centers and top-left for lower/right centers), removing pixels adjacent to the L-shapes."
203bbaba.json,"Identify the 3x3 portion of the non-grey block, transpose it, and place this transposed block at the swapped (column, row) coordinates of every 3xN block found in the input."
206096ef.json,"The output grid is a logical XOR of the two input grids, where non-zero values (4 and 1) are treated as True and 0 as False; the result is represented by the value 2."
20b14116.json,"The pattern is identified by its bounding box center. The output consists of two copies of the original pattern rotated 180 degrees. The centers of these two output patterns are located at $C_1 = 6_{pos} - \frac{1}{2}(P_{pos} - 6_{pos})$ and $C_2 = 6_{pos} + \frac{1}{2}(P_{pos} - 6_{pos})$, where $6_{pos}$ is the position of the value 6 and $P_{pos}$ is the center of the original pattern. If the difference is odd, the result is rounded."
20f94a8e.json,"The output grid is a 3x4 representation where a cell is green (3) if the corresponding cells in the left (L) and right (R) 4x3 input grids both contain non-zero values, with the resulting coordinates transposed."
2244d184.json,"The transformation is a transpose of the input grid, where vertical segments become horizontal and horizontal segments become vertical, effectively swapping the row and column indices of all colored pixels."
2253b352.json,"The rule is to transpose the entire grid (swap rows and columns). Then, identify all rectangular ""frames"" (hollow rectangles of 1s). If a frame was ""perfect"" (all boundary pixels are 1 and all internal pixels are 0), it is colored 3 in the transposed grid. If it was not perfect, it remains color 1. All other non-frame pixels are simply transposed."
22eb7af8.json,"Transpose the input grid, change the original lines to color 2, and fill the resulting enclosed regions with alternating colors 1 and 8 above the lowest horizontal line, and color 0 below it."
2361d3ab.json,"Apply a specific color mapping to the 3x3 input to get grid M. Create grid M' by transposing M and reversing its rows. The output is a 6x6 grid where the top three rows are M concatenated with M', and the bottom three rows are the reverse of the top three rows in reverse order."
23af396b.json,"Fill the outer boundary of the grid with the value 5, leaving the interior cells as 0."
24318e65.json,"The colors of the concentric layers undergo a cyclic shift where the color of the third layer (L3) moves to the first (L1), the first (L1) moves to the second (L2), and the second (L2) moves to the third (L3)."
246d2e79.json,"The input grid contains 0s and 3s. The output grid is a 10x10 grid where 5 is the background. The 0s in the input act as seeds for patterns of 1s, 2s, and 3s in the output. Specifically, 0s in the top-left and bottom-left regions tend to generate 1s and 2s, while 0s in the right and center regions generate 3s and 2s. The patterns are small clusters (triangles, lines, or single points) centered around or adjacent to the original 0 positions."
2498386c.json,"The mirror (small diamond) shifts to the column of the object's center. The object is then reflected both horizontally and vertically across the mirror's new center point, and the final grid is the union of the shifted mirror and the symmetric object."
249f603a.json,"The output grid is constructed by identifying the complement sets (gaps) of the positions of '2's in the first column (R_col0) and the last row (C_row9). These complement sets define the rows (R_out) and columns (C_out) for the output. '2's are placed at (R_out, 9) and (9, C_out), and '5's are placed at the intersections of R_out and C_out."
24a82b6b.json,"The output grid size is (3*S)x(3*S), where S is the number of non-zero elements in the input grid. The output is a 3x3 grid of S x S blocks. The mapping from input position (r, c) to output block (r', c') is: (0,0)→(0,1), (0,1)→(0,1), (1,0)→(2,1), (1,2)→(1,0), (2,0)→(0,2), (2,1)→(0,0) if S is odd and (2,2) if S is even, and (2,2)→(1,2). The values V are generally preserved, but some specific values at (1,2) or (2,1) may change."
2508d65c.json,"Non-zero elements in the bottom row (row 5) at column c create a vertical checkerboard pattern: in odd rows, the color is at column c; in even rows, the color is at columns c-1 and c+1."
252537f7.json,"The output color for each row is determined by the column index (Col) of the 5s: Row 0 uses Max(Col + 3), Row 1 uses Min(Col + 3), and Row 2 uses Min(Col + 3)."
253e633a.json,"Count the number of 2x2 squares of color 1 (blue) in the input grid. The output is a 1x5 grid where the first n elements are 1s and the remaining are 0s, where n is the count of 2x2 squares."
25de6aee.json,"Rotate each object 90 degrees clockwise, translate their positions via a 90-degree clockwise rotation of the grid, and transform colors 3 and 5 into color 9."
261d659f.json,The output is the 2x2 quadrant that differs from the other three quadrants in the 5x5 grid.
26a26b4f.json,"Identify the compact block of a single color, extract it as a subgrid, and rotate it 90 degrees clockwise."
26ab566d.json,"Identify rectangles formed by color 3, fill their interior cells with color 2, and set all other cells (including boundaries) to 0."
26d930bd.json,"Segments of color 5 are recolored based on length (longest=1, middle=4, shortest=2) and transposed: vertical segments (Column i) become horizontal (Row i) and horizontal segments (Row i) become vertical (Column 9-i), preserving their start/end indices."
2728f090.json,"The transformation extracts pixels from the top and bottom halves of the input grid, alternating between them. For each non-empty row, the column index $C$ in the left half is mapped to $\max(0, C-1)$ in the output. Colors are transformed via a cycle ($1 \rightarrow 2 \rightarrow 8 \rightarrow 7 \rightarrow 1$), with 6 remaining 6 and 7 becoming 1. The resulting 6-row sequence is then mirrored vertically to create an 11-row output."
27e23128.json,"Transpose the input grid dimensions. Map the two colored points (2 and 8) to new coordinates by swapping row/column indices and centering the original row range within the new width. Connect the points with an L-shaped path of color 4, using the row of point 8 and the column of point 2 as the corner."
27e9a0fa.json,The output is a 3x3 grid where the number of non-zero elements matches the number of non-zero elements in the 10x10 input grid.
2822a591.json,"Mirror points across the vertical axis (x=4.5), apply a color mapping (2→7, 3→2, 6→8, 7→6, 8→3), and draw lines of the mapped color from mirrored points to the mirrored 2x2 square if they share a row or column."
287c0020.json,"The output grid is a transpose of the input grid where the input columns become the output rows. All objects are shifted horizontally to a common set of columns (S, S + height - 1), where S is the top row of the object that is centrally located by column in the input grid."
28f3dcec.json,"The output grid is generated by repeating a period-6 pattern of columns [ModA, B, ModA, ModB, A, ModB], where ModA=(6,6,0), B=(0,4,4), ModB=(0,6,6), and A=(4,4,0). The starting point of the pattern is determined by a shift based on the input grid width (W) and the first element of the first row (R0[0]): if R0[0]==0, shift = (W-11) mod 3; if R0[0]==4, shift = ((W-11) mod 3) + 3."
28f427e3.json,"The output grid dimensions are determined by the number of horizontal and vertical dividing lines plus one (Height = horizontal lines + 1, Width = vertical lines + 1). The output color is the background color modulo 6."
294510e0.json,"The special cluster is rotated 90 degrees clockwise, colors are mapped (8 to 4, 4 to 8), and the resulting shape is placed at positions derived from the top-left coordinates of the repeating color-6 clusters using the transformation (r, c) -> (c, 9-r-1)."
295649a1.json,"For any column containing two or more cells with a value of 1, all cells located between consecutive 1s in that column are filled with the value 2."
29836e31.json,"The output grid size is (N*3)x(N*3) where N = 9 - P (P is the number of non-zero pixels in the input). The input pattern is placed into P blocks of size 3x3, starting from the bottom-rightmost block and moving left along the bottom row. Colors transform according to the sequence 2 -> 6 -> 8 -> 2, while others remain the same."
2cca9e33.json,The output is a 2x2 grid filled with the color of the rectangular shape that has the larger total area (width x height).
1daebed7.json,"Replace the main color (1) with 8, maintain color 4, and surround clusters of color 4 with a border of color 2, while sparsifying the main color 8."
0bc6ef6a.json,"The output 3x3 grid is formed by taking the most frequent non-zero element from each 3x3 block of the 9x9 input grid. If no element repeats or if there is a tie for the most frequent non-zero element, the output for that cell is 0."
2daba3eb.json,"Identify the rectangle boundary of a single color, extract the interior pixels, and rotate the resulting grid 180 degrees."
2e5464af.json,"The input grid is transposed (rotated 90 degrees counter-clockwise), shapes are simplified to rectangular blocks, and colors are mapped according to the cycle 2 -> 5 -> 4 -> 7 -> 3 -> 2."
2e6ad090.json,"The output grid dimensions are (input_cols x input_rows). Let L be the last column of the input and L' be its reverse. Let s be the value of the second-to-last column. The output consists of L' repeated as rows of single values for (input_cols - 2) / input_rows times, followed by a row of value s, and finally a row containing the sequence L'."
2eb8b8a6.json,"Identify rows containing segments of color 2. Mirror the lengths of these segments vertically. For each row, place a new segment ending at the original last column, consisting of ceil(length/2) eights followed by floor(length/2) twos."
2f4dc5e6.json,The output is a 3x6 grid formed by mirroring a 3x3 target grid. The target grid is derived from the input by replacing the most frequent color with a secondary color and applying a specific spatial transformation (rotation and mirroring) to the input's color distribution.
2f7716d6.json,"Transpose the grid dimensions, rotate and mirror the 2x3 ""U"" shapes into 3x2 shapes, apply a color mapping based on the original row index (r >= 2: 8->6, 4->6, 6->3, 3->1), and place a marker of color 4 at the far right of the middle row of each shape."
2fd8c455.json,"Identify 2x2 blocks of 8s with one missing cell. Rotate the block positions 90 degrees clockwise with a shift, and rotate the relative position of the missing cell 90 degrees clockwise, replacing that specific cell with a 1 and the others with 8s."
30c55c1b.json,"Flip the input grid vertically, apply a color mapping (1→4, 2→6, 3→5, 4→2, 5→3, 6→8, 8→1), and repeat the resulting grid twice vertically."
3379ece0.json,The output is created by concatenating a horizontally flipped version of the input grid with the original input grid.
337e7767.json,Identify the color of the only hollow shape (a shape containing a hole of zeros) in the grid.
33ceb969.json,"Reflect the pattern across the line y=x by swapping row and column indices (r, c) -> (c, r), and increment the color value by 1 (C -> (C mod 8) + 1)."
3447151b.json,"Identify contiguous color segments, sort them by length in descending order, and map their colors to a specific output palette. Create a grid where each column corresponds to a sorted segment, with the column height equal to the segment's length."
34d6e31c.json,"The input is divided into two equal regions. The output is the transpose of the first region, where the background color of the first region is replaced by the background color of the second region, and foreground colors are mapped to corresponding colors from the second region."
34e8e22f.json,"The output grid is a scaled-up version of the input grid, where the scale factor equals the number of distinct non-zero colors. The input grid is reflected across the horizontal axis, and colors are transformed according to the cycle 2→6→7→9→8→3→2 (with 0, 1, 4, 5 remaining unchanged)."
3513e494.json,"The output grid consists of three rows of zeros, followed by a copy of the input's third row (index 2), and a final row derived from the input's second row (index 1) by replacing all 0s with 5s."
353d12cf.json,Replace cells containing color 4 (yellow) with the value of the cell in the mirrored row (row 15-i) at the same column.
357490e7.json,The provided reasoning text is incomplete and does not contain a final predicted grid or scalar value.
360a2589.json,"The grid is divided into two 6x5 sections (Part A and Part B) by a red row. The output is a 5x6 grid where cell (i, j) is 3 if the values at Part A(j, i) and Part B(j, i) are different, and 0 if they are the same."
36a13b85.json,Transpose the color 8 block and change its color to 2; transpose the color 3 dots and change their color to 8; create a color 3 V-shape starting from a meeting point adjacent to the color 2 block and aligned with the transposed dots.
36f50878.json,"Identify the centers of 5x5 hollow blue rectangles, reflect these centers across the line y=x, and draw new 5x5 hollow blue rectangles at the reflected positions. Additionally, draw azure vertical and horizontal lines passing through the reflected centers, with blue pixels taking priority over azure."
37102933.json,Count the number of distinct connected components (shapes) of non-zero colors in the input grid.
3737ff52.json,"Identify rectangles of color 2, transpose their dimensions, shift them vertically such that the new top gap equals the original bottom gap, maintain the original left gap, and color the corners 4 and the interior 2."
38b45b9a.json,"The output 3x3 grid is formed by mapping specific coordinates from the 7x5 input grid: (0,0) maps to (0,0), (0,4) to (0,2), (1,4) to (0,1), (1,0) to (1,0), (5,0) to (1,2), (6,0) to (2,0), (6,4) to (2,2), (6,1) to (2,1), and (0,1) to (2,1)."
392c8a24.json,"Count the number of zeros in the input grid; if the count is even, the output is 8, and if the count is odd, the output is 0."
39bdcd90.json,"Identify the 5x5 square of color 3 in the input grid. Extract a 5x5 grid using the same columns as the square, but using rows that are the vertical reflections of the square's rows across the horizontal center of the 16x16 grid (row r becomes row 15-r)."
3aa057db.json,Identify the anchor color forming a diamond. Create a cross consisting of a horizontal line at the row of the leftmost/rightmost anchor points and a vertical line at the mirrored column of the topmost/bottommost anchor points (mirrored column = width - 1 - column_index).
3ab1e159.json,"Identify the repeating unit in the columns of the central non-zero block. Create a 5-row output grid where the width is twice the height of the input block. Map the columns of the input block to output rows 2 and 3, filling them by repeating the identified units."
3ab36004.json,"Transpose the input grid and its borders. Retain only the inner points that match the original border colors, placing them in their transposed positions within the new border frame."
3ab8310f.json,"Rotate each orange rectangle 180 degrees around the grid center, preserving its dimensions. Fill the interior with color 2 (red) if both dimensions are odd, and color 1 (blue) if either dimension is even."
3b1ba621.json,Identify the non-zero object and swap the two colors present within its bounding box.
3bc467c8.json,"Swap boundary colors 8 and 3, and place a cross pattern of color 2 within the central area."
3c06d5f3.json,"Extract the azure (8) digit bounding box, flip it vertically, mirror it horizontally, replace internal zeros with red (2), and shift the resulting shape to start at row 1 and column 0."
3c2d97d4.json,"Rotate the positions of the 1s in the input grid 90 degrees clockwise around the center of the 9x9 grid using the formula (r, c) -> (c, 8-r), and place a 3x3 pattern (5 1 5 / 1 0 1 / 5 1 5) centered at each resulting coordinate."
3c444483.json,The output is the 3x3 grid formed by the fourth identified 3x3 block in the input grid.
3cd8f567.json,"Transpose the grid, reverse the elements in each row, and replace color 7 with color 1."
3e0a85fb.json,"Identify dominant color bands; if horizontal, output a vertical column of colors from top to bottom; if vertical, output a horizontal row of colors from left to right."
3e595af6.json,"The central grid is divided into four quadrants. TL and BR quadrants are inverted (0s become the assigned color, 8s become 0), while TR and BL quadrants are kept the same (8s become the assigned color, 0s stay 0). Colors are derived from the input grid's corners."
3eb261da.json,"The output grid is formed by taking the non-zero rows at the bottom of the input grid (k rows), reversing them for the first k columns, filling the middle 10-2k columns with zeros, and placing the non-zero rows in original order for the final k columns. The output height matches the input width."
3f4cff57.json,"The output is a 3x6 grid consisting of a 3x3 grid and its horizontal mirror. The 3x3 grid is derived from the input by applying a specific color shift based on the cell's position: (0,0) and (2,0) shift by -2, (0,1) and (2,1) shift by -1, (0,2) and (2,2) shift by +1, (1,0) shifts by 0, (1,1) shifts by +1, and (1,2) shifts by +1."
3f7b6909.json,"The output grid is a 4x4 grid where a cell (r, c) is 2 if either Grid A or Grid B has a non-zero value at that position, and 0 otherwise."
3f92cc06.json,"The 9x9 input is divided into four 4x4 quadrants. The output 4x4 grid is determined by the sum of the colors at each corresponding position (i, j) across the four quadrants, mapping these sums to specific output colors based on observed patterns in the training examples."
414329f0.json,"Pairs of points of the same color define diagonal lines (sum-diagonal or difference-diagonal). Colors are mapped as follows: 9→6, 6→9, 7→3, 3→2, 2→7."
42169da2.json,"Calculated centroids for each color, normalized them to a 3x3 grid, and placed the colors based on their relative positions, with the most scattered color (5) in the center."
425720ff.json,"Identify all blobs of the foreground color and retain only the largest perfect rectangles within those blobs that are larger than 1x1, removing all single pixels and non-rectangular extensions."
42987e01.json,"Identify all connected components anchored by color 9 (maroon). Translate each component so that its anchor point (color 9) is at the center (1, 1) of a 3x3 grid, and overlay all translated components onto the final grid."
42c8c185.json,"Reflect the input shapes across the line y=x, change the color from 8 to 9, and generate diagonal lines (slope 1) based on the median x-y value of each reflected shape, extending these lines to the grid boundaries."
43289d29.json,The output grid size is determined by the dimensions of the color 4 rectangle. Horizontal lines of other colors are ordered from bottom to top to define the columns of the output grid.
4332a5fa.json,"Reverse the vertical order of the three shapes and their relative vertical spacing, starting the first shape at row 1. Align all shapes to a single column determined by the median of the input columns minus one (if the column sequence is Down-Up)."
436f0cd8.json,"Replace color 3 with the missing power of 2 from {1, 2, 4, 8}. For the horizontal sequence, swap the 2nd and 3rd elements. For the vertical sequence, if it is the reverse of the horizontal, reverse the modified vertical sequence. Fill the corresponding row and column with these repeating sequences."
43a1be05.json,"The input is split into two 3x3 grids (top and bottom). A cell in the output grid is 5 if the corresponding cells in both the top and bottom grids are 2; otherwise, it is 0."
43c5450b.json,"Identify the 3x3 region containing color 1. Rotate the relative position of color 1 within that region 90 degrees clockwise to determine the target output region. Rotate the entire content of the source region 90 degrees clockwise and place it into the target region, maintaining the purple grid lines."
43ec8f4a.json,"Input quadrants are mapped to output quadrants: TL→TR, TR→BR, and the smaller of BL/BR→TL, larger of BL/BR→BL. Shapes are transformed via vertical reflection for TL, TR, and BR, and horizontal reflection for BL."
43fb486b.json,"The output grid contains values only in the center column. For each row, the value in the center column is determined by the most frequent non-zero color in that row; if no color repeats, the value is 0. If a color repeats, the value in the center column is that color."
44129a15.json,"Identify the most frequent relative position of the marker color within the 3x3 regions. Fill the 3x3 region that contains this relative position and is uniquely positioned in its column. In the test case, the bottom-left region (R7) is filled with the marker color 4."
447ad3c4.json,"Two red rectangles (color 2) with grey cores (color 5) are created based on two input grey shapes. Rec A's dimensions are the swapped dimensions of Shape B, and Rec B's dimensions are a square of the maximum dimension of Shape A. The centers of the cores are the swapped coordinates of the centers of the respective input shapes."
450c4bc5.json,"The 8s are reflected across column 4. The 4s are transformed using a column mapping (3→{0,5}, 4→{1,4}, 5→{2,3}) and then made symmetric across an axis determined by the final position of the 8 in row 2: if the 8 is at (2,3), the axis is 2.5; if at (2,5), the axis is 5.5. For the test input, the 8 moves to (2,5), so the axis is 5.5. The transformed 4s are filtered to those in columns 3-5 and then reflected across column 5.5."
454575c8.json,"The output is a $29 \times 29$ grid formed by the perfect repetition of the $6 \times 6$ block identified in the input, filling in any missing values (zeros) to complete the pattern."
4549dd20.json,"The input grid is scaled by a factor of 2 (each cell becomes a 2x2 block) and colors are mapped according to the rules: 0→0, 1→2, 2→3, 3→8, 8→1, 5→7, 7→5, and 6→6."
4551b948.json,"The input consists of three 4x4 blocks. Each block's pattern of 0s maps to a specific value (No 0s=5, Center 2x2=4, Top-center 2x2=3, Split 2x2=2). The output is a 3x3 grid where each row is filled with the value corresponding to the block in that position."
4611d6cc.json,"Hollow rectangles of 1s are transformed into plus-signs of 1s, and plus-signs of 1s are transformed into hollow rectangles of 8s, while maintaining their approximate spatial centers."
468052ce.json,"Two 3x3 blocks of 7s are positioned at (0, 5) and (5, 2). The yellow cells (4s) in each block are determined by the reflected positions (across the main diagonal) of the empty cells (0s) from the opposite block's input."
47295f38.json,"The input contains a 3xW repeating pattern. The output is a tiling of a Wx3 block where:
1. Input Row 1 (middle) maps to Output Column 0 (first), with Input Col c mapping to Output Row c.
2. Input Row 2 (bottom) maps to Output Column 1 (middle), with Input Col c mapping to Output Row (c+1)%W.
3. Input Row 0 (top) maps to Output Column 2 (last), with Input Col c mapping to Output Row (c+1)%W."
07883ae1.json,"The output grid is a 3x3 grid where a cell (r, c) is 1 if the sum of the corresponding cells in the left 3x3 grid (L) and right 3x3 grid (R) is 10 (L=9 and R=1), and then the column index is shifted (0->1, 1->2, 2->0)."
4783dd7a.json,"Rotate the grid 90 degrees clockwise. Identify connected components of color 8 using 4-connectivity; isolated 8s are changed to color 3, while 8s in components of size 2 or more remain 8."
4819acfb.json,"The output is a 3x3 grid where the A-color cells are a vertical reflection of the 3x3 input shape (S2), and the B-color cells are the complement. The A-color is S2 color minus 1, and the B-color is S1 color plus 1."
4835d2c1.json,"Extract the bounding box of non-3 elements, replace the background color 3 with 0, and flip the resulting grid vertically."
2d0f04fd.json,Count the number of connected components (N) of color 8; create an N x N grid with color 9 on the anti-diagonal and 0 elsewhere.
2d30b4fe.json,"Identify the union of the main color and red color cells, reflect this object across its middle row, and color the union of the original and reflected shapes with the main color, filling the rest with color 3."
47979886.json,Identify the 3x3 region containing the value 9. Reflect that 3x3 region across its anti-diagonal and place the result into a destination 3x3 region determined by the anti-diagonal reflection of the position of 9 within the source region.
48a3f076.json,"The grid is reflected across its center. The primary color (2) is preserved. Shapes formed by the secondary color (4) are reflected, and their bounding boxes are filled such that reflected 4s become the primary color (2) and non-reflected pixels within the bounding box become the secondary color (4)."
4957bb64.json,"Created an outer rectangle and an inner rectangle outline using a new color (4), with four azure points (8) placed at the cardinal extremities relative to the original grey markers."
4b2c7d1c.json,"The grid is divided into 3x3 blocks separated by color 3. The output is the transpose of the input block arrangement, with colors mapped as follows: 7→5, 8→1, 2→9, and 6→4."
4b42a65f.json,"The input points are mapped to 4x4 blocks in the 20x20 output grid. Points on the line r+c=9 are mapped to the main diagonal blocks (0,0), (4,4), (8,8), (12,12) based on their row order. Points not on this line are mapped to other blocks. Color 6 is transformed into other colors (1, 3, or 8) depending on its position."
4cd3d8b4.json,"The 2x2 grey block is reflected horizontally across the grid. Red cells are repositioned relative to the new grey block position by clamping their relative row and column offsets to a range of [-1, 2], with the column offset being reflected."
4d4d2a48.json,"Rotate the input 90° clockwise, map colors (1→1, 8→6, 6→8), swap the first and third rows, and then mirror the resulting 3x3 grid vertically to create a 6x3 grid."
4d4d83ff.json,"Extract the interior of the rectangle formed by the boundary color and apply a fixed color mapping: 0→0, 2→3, 3→1, 4→2, 5→8, 6→5, 8→9, 9→6."
4d557797.json,"Identify sets of 3 or more collinear points and reflect them across the line r=c; otherwise, keep points in place. Then, place 3x3 blocks of 5s centered at each resulting point."
4f76bc1d.json,"Each input 5 defines a 3x3 block. The output consists of 3x3 blocks centered at (r', c') where the input 5 is on the perimeter of the block. For the test input, the centers are determined by shifting each input 5 to the nearest center of a 3x3 grid (1, 4, 7) or a similar pattern. Based on the provided examples, the output centers for the test input are (1, 7), (2, 1), (4, 5), (7, 3), and (7, 7) shifted to (1, 7), (3, 1), (3, 4), (7, 3), and (7, 7)."
50894f5b.json,"Transform input red cell coordinates (r, c) to (c, (8-r) mod 10). At each new coordinate (r', c'), place a cross-shaped pattern: (r', c')=2, (r', c'+1)=1, (r', c'+2)=8, (r'+1, c'+1)=6, and (r'-1, c'+1)=7, all calculated modulo 10."
4b905ed3.json,Transpose the input grid and change colors 3 and 5 to 8 if they share a row or column with another non-zero color.
4ccb2f60.json,"The output is a 3x3 arrangement of blocks of size S x S, where S is the number of distinct non-zero colors in the input. The layout of the blocks is a 90-degree clockwise rotation of the input grid, with colors mapped as: 1→3, 2→9, 3→6, 4→2, 6→1, 7→7, 8→8, 9→4, and 0→0."
50bc401f.json,"The vertical line of 5s is mirrored across the center column (c_new = 9 - c_old). All other points are mirrored across the center of the grid (r, c) -> (9-r, 9-c). Points of color 2 expand horizontally towards the new line of 5s, and points of color 1 expand horizontally away from the new line of 5s."
496f84ba.json,"The output is a 9x9 grid composed of 3x3 blocks. A 3x3 block is placed at position (r, c) in the 9x9 grid if the input value at (r, c) is the mode (most frequent value) of the input grid. The content of each 3x3 block is a transformation of the input grid where each value v is mapped to (v + 4) mod 10."
50df0f2b.json,"Rotate the input grid 90 degrees counter-clockwise (where Rotated Row $i$ = Input Column $\text{Cols}-1-i$), apply a value mapping ($0\to0, 1\to2, 2\to1, 3\to3, 4\to8, 8\to4$), and expand the grid by adding a top and bottom row of zeros (with the inner row's first and last elements) and duplicating the first and last elements of each inner row."
50f74b85.json,"The output grid is the transpose of the input grid. Based on the position of the special color (S) relative to the main shape (M), the output consists of a bottom-half diamond of color M and a vertical line of color S. The vertical line's column corresponds to the row index of S in the input grid."
51f9ddcb.json,"The output grid is a Wx10 matrix where each column is a one-hot vector C_i (with color 6 at index i). The sequence of columns follows a ping-pong pattern: C_0, C_1, ..., C_{W-1}, C_{W-2}, ..., C_1, repeating until 10 columns are filled."
51239737.json,"The output consists of three rectangular blocks stacked vertically. The first block's dimensions are based on the larger input's width and a common height (3), the second block's dimensions are based on the smaller input's width and the same height, and the third block's width is the difference between the two input widths, also with height 3."
52aa7778.json,The columns of 0s to the left of the separator column (5s) are filled by repeating the sequence of the last column (the pattern column) horizontally across the rows.
5287a11e.json,"Reflect the input grid across the diagonal y=x. Then, for every pixel that is a 5 in the reflected grid, convert all 0s in its corresponding row and column to 5s."
53fba4bb.json,"Identify clusters of two or more adjacent 2s, find their bounding boxes, expand the boxes by one unit in all directions, and fill the boundary of these expanded boxes with 3s (excluding cells already containing 2s)."
52aa5c38.json,"The output consists of rows if the row difference between the two points is smaller than the column difference. The rows are spaced by the row difference, starting from the index modulo that difference. The colors alternate between the minimum of the two point colors and the sum of the colors modulo 10."
53707ace.json,"The output is determined by the total count of pixels with value 2; higher counts (e.g., 9, 10, 14) tend to result in 2, while specific counts (e.g., 6, 11, 13) result in 0. For the test input, the count of 2s is 17, which aligns with the pattern for output 2."
54b14bdf.json,Fill the column of Point B with Point A's color and the column of Point A with Point B's color. Fill the row of Point A with Point B's color and the row of Point B with Point A's color. Intersections of different colors are set to color 7.
55a4bba3.json,"The output is an 18x18 grid created by repeating a 9x9 block twice. The block is defined by the maximum value N=9 from the input: row 0 consists of all 1s, and for rows r > 0, the k-th element is calculated as ((1 + k * r - 1) mod 9) + 1."
55a932f7.json,Identify all contiguous rectangular blocks of non-zero cells and extract the block containing the maximum number of cells with value 2.
55ef957c.json,"Reflect the main shape across the diagonal (swap row and column indices) and recolor it using the color of the single pixel located at (6, 6)."
5716a0e0.json,"Fill rows r <= C with the input value V if r and C have the same parity. For rows r < C with different parity, place the value 5 in column 0 if r is 0, 4, 8... and column 9 if r is 2, 6... (or specifically, following the pattern 0, 9, 9, 0, 0, 9, 9, 0...)."
5602c564.json,"The input pattern is rotated 90 degrees clockwise using the transformation (r, c) -> (c, 9-r). The color is transformed according to the cycle 3 -> 1 -> 2 -> 6 -> 3."
596e9703.json,The output is a 1xN grid where N is the number of non-zero elements in the input. The output color is determined by a mapping: 1 ↔ 7 and a cycle 2 → 4 → 8 → 2.
58459432.json,"The output grid consists of two lines: a line with slope 1 passing through the input point (r0, c0) and a line with slope -1 passing through the point reflected across the center of the grid."
5882c89d.json,"Identify the digit formed by the background blocks and create an output grid of the same size as the multi-colored input block, filling the cells that form that digit with the corresponding colors from the input block."
5998e33b.json,"The output grid is a 90-degree clockwise rotation of the input grid. Connected components of color 3 in the rotated grid are then enclosed by a border of color 2, where the border is the perimeter of the bounding box surrounding each component."
59d5fbe8.json,"Reflect the grid across the anti-diagonal (mapping (r, c) to (N+1-c, N+1-r)) and swap values 4 and 5."
59cffbbb.json,"The output grid is a 4x4 grid formed by combining the four 4x4 quadrants of the 8x8 input grid (Top-Left, Bottom-Right, Bottom-Left, Top-Right) in that priority order, and then reflecting the resulting combined grid across its main diagonal (transposing it)."
5b190aaf.json,"The input grid is split by a grey line (row 4) into an upper part (rows 0-3) and a lower part (rows 5-8). For each column, the upper part is reversed and combined with the lower part using a maximum operation (non-zero priority), resulting in a 10x4 output grid where each row corresponds to an input column."
5b2c13b6.json,"Rotate the input grid 270 degrees clockwise and apply a color mapping: 8→8, 7→4, 5→3, 3→2, 1→1."
5cb045e6.json,"The output is a square grid of size (2n-1)x(2n-1), where n is the number of nested rectangles in the input. Each nested layer is represented as a 1-pixel thick concentric border, ordered from outermost to innermost."
5cbdf232.json,"Rows are transformed by r' = 8 - r. Cells with value 1 create a cross of 7s (up, down, left, right). Cells with value 2 create a diamond of 4s (diagonals). Other values move without patterns."
5ce79aaa.json,"The transformation maps the colors of concentric rings from outer to inner based on a multiplication rule (approximately x * 2 mod 10) and specific observed mappings: 2→4, 1→1, 4→8, 8→6, 6→2, 3→6, and 5→5."
5d6431b4.json,"The grid is rotated 90 degrees clockwise. The line of 3s and the 3x3 block of 2s (with a 3 at its center) are repositioned according to this rotation, transforming the 17x7 input into a 7x17 output."
5d819887.json,"The output scalar is determined by the distribution of non-zero cells across the rows; specifically, the row-count pattern (1, 3, 1) maps to the value 6."
5da93083.json,"Calculate the empty height (H) within the U-shape (total internal height minus the height of the color 5 fill). Fill a 3x3 grid with H number of 8s, starting from the top-right and filling left-to-right, top-to-bottom."
5eb7c7be.json,"Count the number of '2's in the input grid and place an equal number of '1's in the output grid following a fixed sequence of positions: (2,0), (2,1), (2,2), then (1,1)."
5f0f1ffc.json,"The input grid consists of a repeating sequence of numbers (1-8) shifted by one position per row. The output grid applies a specific value mapping (1→7, 2→3, 3→5, 4→6, 5→2, 6→8, 7→4, 8→9) to the sequence and maintains the row-by-row shift."
5f1abc75.json,"Identify 2x2 blocks of 1s in the input grid and map them to specific coordinates in a 3x3 output grid based on their discovery order: 1st to (0,0), 2nd to (0,2), 3rd to (1,1), 4th to (2,0), and 5th to (2,2)."
610ef338.json,"The output grid is a 2x2 tiling of the input grid consisting of the original input, its horizontal mirror, its vertical mirror, and its combined horizontal and vertical mirror, effectively creating a 180-degree rotationally symmetric grid."
6111a11a.json,"Identify the dominant color of each 3x3 block in the 9x9 input grid to form a 3x3 grid, then reflect this 3x3 grid across the anti-diagonal."
618c12d0.json,"The output is a 3x3 grid representing the XOR sum of all 3x3 shapes found in the input, with the output color determined by the number of shapes present in the input."
620f917b.json,"Reflect the grid across the horizontal midline (r, c) -> (9-r, c) and apply a color mapping: 5->2, 7->7, 8->4, 4->3, 3->1, 6->9, and 2->2."
623264a3.json,"Identify the longest and shortest vertical lines of 1s. Fill the column of the longest line with 5s starting from row 0 for its length, and the column of the shortest line with 2s starting from row 0 for its length. All other cells are 0."
62437113.json,Identify the most frequent 3x3 shape pattern in the input and output it in a 3x3 grid using color 8.
62aae345.json,Mirror red blocks (color 2) horizontally across the grid (new_col = 9 - old_col) and fill the gaps between the leftmost and rightmost red blocks in each row with maroon (color 9).
6378cb17.json,"The output is a repeating sequence of six column patterns (S0-S5). The starting pattern depends on the last column of the input: if (4, 4, 0), start with S0; if (0, 4, 4), start with S3."
6429a6f5.json,"The output grid is a 3x3 summary of the 9x9 input grid. Each cell (r, c) in the output grid corresponds to the 3x3 subgrid (r, c) of the input. The value in the output cell is determined by the most frequent non-zero element in that subgrid; if no element appears more than once, or if the subgrid is empty, the value is 0. If a most frequent element exists, its value is transformed via a mapping or replaced by its frequency."
646857e2.json,The red object (color 2) and the azure object (color 8) swap their geometries.
64e4a671.json,"Each non-zero input point (r, c) with color v generates an L-shape consisting of a horizontal line from (r, 0) to (r, c) and a vertical line from (r, 0) to the bottom of the grid (max_row, 0). The output color is determined by v + 1 (with specific wrapping/mapping). Overlapping vertical segments are overwritten by the point with the highest row index."
6528d002.json,"The transformation follows the rule (r, c) -> (2-r, (3-c) mod 3), which is a 180-degree rotation followed by a circular shift to the right."
66bc11ba.json,"The output is a 4x4 grid derived from the four 4x4 quadrants of the input, where the Top-Right quadrant (color 7) takes priority, followed by the Bottom-Left (color 8) and Top-Left (color 4) quadrants."
671396d1.json,Replace the outer border of the grid with 2s and keep the interior cells as 0.
6731dce0.json,"Applied a specific value mapping to each cell: 9→8, 4→4, 2→8, 1→7, 8→6, 5→1, 7→3, 6→5."
6757b18a.json,"Extract the 3x3 bounding box of the non-grey pixels connected to the grey pixel, reflect the resulting binary pattern vertically, and set the color to the original color plus one."
68bfa25f.json,"The position of the value 2 (r, c) determines the placement of colors 3, 8, 6, and 7 at coordinates (3-r, c-1), (3-r, c+1), (5-r, c-1), and (5-r, c+1) respectively, provided they fall within the grid boundaries."
68d853be.json,"Match green objects (color 3) to single pixels in Row 0 by their horizontal order. Rotate the objects and the single pixels 180 degrees around the center of the 10x10 grid, replacing the green objects' color with the color of their matched single pixel."
6a126027.json,"The input contains two 2x2 blocks of different colors. Each output block consists of a 2x2 block and a diagonal line of the same color. Based on Example 3, the top-left block (Color 2) moves to a new 2x2 position (r+3, c) and extends a diagonal (r+5, c+2), (r+6, c+3), etc. The bottom-right block (Color 1) moves to a new 2x2 position (r-2, c+1) and extends a diagonal (r-3, c-3), (r-2, c-2), etc."
6a221c1c.json,"Map input columns 1, 3, 5, 7, 9 to output rows 8, 6, 4, 2, 0 respectively. If the values in the top and bottom rows of the input column are identical, fill the entire output row with that value; otherwise, place the top value at column 0 and the bottom value at column 9 of that row."
6a64a65b.json,"The grid is rotated 90 degrees clockwise. Cells containing the value 2 that were isolated (no 4-neighbors of value 2) are changed to 1, while non-isolated 2s remain 2."
6adb5c34.json,"Extract the quadrant, swap colors 1 and 8, and reflect the position of the unique color across the horizontal axis."
6b92eadf.json,"The output grid is a transpose of the input grid. Lines of 8s in the input become columns of 8s in the output. For every 2 at (r, c) in the input, points are created at the intersections of the transposed coordinate (c, r) and the lines of 8s. These points are connected by horizontal lines of 2s and surrounded by 3x3 blocks of 8s (with the center remaining 2)."
6bd7508a.json,"For rows with colors at the ends (col 0 and 10), the rightmost color fills the first 5 cells, the leftmost color fills the last 5 cells, and the middle cell (col 5) is filled with color 5."
6c0bf582.json,"For each non-zero cell (r, c) with value v, fill row r from column (2-c) to 2 with a new value based on the cycle 2→8→6→4→7→3→2."
6d09d843.json,"The 2x2 square of color 2 is moved to a position centered around the centroid of the color 5 pixels. The color 5 pixels are then repositioned in the cells immediately surrounding the new 2x2 square, preserving their relative spatial ordering."
6e1b6edc.json,"Transpose the input points, then connect any points sharing the same row or column with lines. Endpoints of these lines are colored 8 (azure) and the segments between them are colored 1 (blue)."
6e38740c.json,"The output is a 5x3 grid where a specific 3x3 pattern (top: 8 0 6, mid: 0 0 0, bot: 3 0 7) is placed starting at (r', c'), where r' = c-1 and c' = r-1, with (r, c) being the position of the value 2 in the 3x5 input grid."
6e8934d0.json,The output grid is created by reversing the order of the input columns and then appending the original input columns to the right (forming a horizontal mirror image).
6ea4cd21.json,"Identify all red (color 2) segments. The longest segment is changed to blue (color 1), the shortest segment remains red (color 2), and all other red segments are removed (set to 0)."
6f08c9ae.json,Count the number of connected components (N) of color 8 in the input grid. The output is an N x N identity matrix where the diagonal elements are 8 and all other elements are 0.
6f09d511.json,"Extract the 3x3 shape, flip it vertically, change the color according to the mapping (3 -> 2), and repeat the resulting 3x3 block twice vertically."
6f3e3ed3.json,"The '8' is reflected across the center (6,6) of the 13x13 grid. A path of '5's is constructed starting from a horizontal segment of length 5 centered on the '8', extending in both directions using alternating vertical (length 2) and horizontal (length 3) segments until the grid boundaries are reached."
6f578ada.json,Convert the boundary pixels of the grey shapes (color 5) to red (color 2) and swap the relative horizontal positions of the shapes.
6fa3b4b6.json,"If the input grid possesses both horizontal and vertical symmetry, the output is 2; otherwise, the output is 7."
6fb6ad96.json,"Rotate the grid 90 degrees counter-clockwise and map colors: 3 (green) to 2 (red), 8 (azure) to 8 (azure), and the largest connected component of 0s (black) to 3 (green)."
70ed98cf.json,"Transpose the input grid, identify rooms created by red walls, color the largest room red (2), the smallest room azure (8), and the walls blue (1), leaving other areas black (0)."
7123c267.json,"Identify the object containing color 8, extract its relative shape, mirror it horizontally, and change the object's color using a bitwise XOR with 5."
7200842a.json,"The output consists of three 3x3 grids separated by lines of 5s: the first is the original Grid A, the second is Grid A rotated 90 degrees clockwise, and the third is Grid A rotated 180 degrees."
725e9bae.json,"Flip the grid vertically, then change all values of 5 located in odd-indexed columns to 3, while keeping values of 5 in even-indexed columns as 5."
72c08744.json,"3x3 crosses centered at (r, c) shift to (r+3, c) and remain red (2). 3x3 squares missing their center at (r, c) transform into 3x3 crosses centered at (r+1, c-1) and change to blue (1)."
72d00480.json,"Swap the vertical positions of the two grey rectangles: the bottom rectangle moves to the top (row 0), and the top rectangle shifts down by its own height. Both rectangles are then recolored with red (2) corners, yellow (4) edges, and grey (5) interiors."
738427a5.json,"The output cell O(r, c) is 2 if and only if both the top grid cell T(r, c) is 0 and the bottom grid cell B(r, c) is 0; otherwise, the output cell is 0."
73f0adca.json,"Replace cells of color 1 with the color of their horizontally symmetric counterpart (N-1-row, col). If that is also color 1, check vertically (row, M-1-col), then diagonally (N-1-row, M-1-col)."
73f9fab4.json,"Rotate the entire grid 90 degrees clockwise. Identify 5x5 boxes of 2s; fill their interiors with 1s, preserving any original 2s that were inside the box."
74000e81.json,"The output grid dimensions are the swapped dimensions of the input. A diamond-like shape is aligned to the right edge, centered at row C (the column index of the input's azure line). The width of each row R is L - |R - C| (where L is the line length), and the color alternates between orange (7) for even |R - C| and azure (8) for odd |R - C|."
744f4866.json,"The special block is rotated 180 degrees, colors are mapped based on parity (primary odd $P \to P-1$, secondary even $S \to P_{out}+2$), and the resulting 3x3 block is placed at the positions of all original blocks shifted by (+2, 0) with wrap-around."
745c442f.json,"The output grid is the transpose of the input dimensions. Input cells with colors 1 or 3 create full rows in the output at the index of the input column. Input cells with color 2 create full columns in the output at index (InputRows - 1 - InputRowIndex). Row colors (1, 3) take precedence over column colors (2)."
746a280a.json,"The output is a 9x9 grid composed of 3x3 blocks. A block B_{i,j} is non-zero if the input grid A has a non-zero element at position (j, i) (transpose of positions). Each non-zero block is a 270-degree clockwise rotation of the input grid A."
5a23a269.json,"The 2x2 square at (4,4) is filled with the colors of the four single pixels found in the input grid, mapped in order: Top-Left, Top-Right, Bottom-Left, and Bottom-Right."
7496e082.json,Extract the middle row of the input grid and place it as the middle column of an otherwise empty output grid of the same dimensions.
5806aec0.json,"The color that is not 5 transforms into 0 (black), and the color 5 transforms into a new color C' calculated by adding a shift based on the count of the non-5 color (shift = floor((count + 2) / 5)). For the test input, the non-5 color is 3 with a count of 15, resulting in a shift of 3, so 5 becomes 6 (3 + 3)."
5a6725cf.json,"For every input 1 at position (r, c), place a pattern centered at (c, r) in the output grid: center=1, left=6, right=7, above=8, and below=2."
74be81a2.json,Transpose the position of the grey cell (value 5) and generate a zig-zag pattern of azure cells (value 8) extending upwards (left-shifting) and downwards (right-shifting) from that point.
74f0b0d3.json,"Grey shapes act as containers. The shapes of the holes within these containers are swapped, and the colored objects that match the new hole shapes are placed inside them."
749d0d7f.json,"The output grid is a 3x3 grid where each column is either all 0s or all 3s. A column in the output is 3 if the corresponding column in the input grid contains the least frequent value of the entire grid; if multiple values have the same minimum frequency, the smallest of those values is used. If a column does not contain this value, it is 0."
77362c7d.json,"The output grid contains a number of 5s equal to the horizontal offset (Left) of the 5-rectangle relative to the interior boundary formed by 8s, filling the 3x3 grid from the bottom-left corner."
776cedd9.json,Identify the shape with the largest area and reflect it across the anti-diagonal.
785acb06.json,"Shapes are transformed by the coordinate mapping (r, c) -> (9-r, 9-c). 3x3 squares-minus-center become 3x3 crosses of color 1; 3x3 crosses and all other shapes remain their original shape but change to color 2."
78a60fed.json,"Combine the top 3x3 grid (color 4) and bottom 3x3 grid (color 3) using a logical OR operation, then rotate the resulting 3x3 grid 270 degrees clockwise (90 degrees counter-clockwise), representing the result with color 3."
78e5d511.json,"Reflect the red rectangular regions across the main diagonal (r, c -> c, r) and fill the interior of the resulting rectangles with color 5."
79348504.json,"Output Col 0 is Input Col 4, with non-zero values from Input Col 2 overwriting it. Output Col 1 is identical to Input Col 3. All other columns are 0."
761cd1a7.json,"Transpose the grid dimensions to 10xN. Fill the grid with 8s and place a 1 in each row following an oscillating column index sequence: 0, 1, ..., N-1, N-2, ..., 0, 1..."
7511ed71.json,"For each color, identify the two points and create a rectangle defined by those points. The resulting rectangle is then placed in the output grid such that its center is the symmetric point of the original pair's center relative to the grid's center."
7643b6ff.json,Mirror the non-zero elements of each row horizontally across the vertical center line of the grid.
79d88f94.json,"A particle (color 8) extends from both ends of a green line (color 3) along its trajectory, bouncing off barriers (color 2) by reversing the direction component perpendicular to the barrier."
79adb1a8.json,"Extract the non-zero rectangle, transpose it, and swap colors 4 and 6."
795ca9be.json,"Identify connected components of color 2, rotate each 90 degrees clockwise, recolor the smallest component to 8 and others to 1, and reposition them (TL to BL, TR stays TR, BL to BR)."
7af260e1.json,Divide the input grid into two identical smaller grids and transpose one of them.
7a3cc123.json,"The output grid dimensions are determined by the height and width of the vertical bars. The top and bottom rows are boundaries of color 3. The middle rows contain two shapes derived from the colors C1 and C2 found in the bars: each shape is mirrored horizontally and prefixed with a column of its own color, then placed side-by-side."
7ba21d5d.json,"The transformation is a matrix transpose, where the columns of the input grid become the rows of the output grid."
7b134963.json,"The output grid maintains the input size. Cells on the main diagonals (r=c or r+c=size-1) are set to 0. All other cells are filled with a color C', where C' = C/2 if the input color C is even, and C' = C*2 if C is odd."
7bca2850.json,"Identify 2x2 yellow blocks, reverse their column order, and apply specific row shifts (0 for outer, -1 for inner blocks). Replace yellow blocks with 2x2 grey blocks and surround each with a specific pattern: red (2) at top-left, blue (1) at top-right, yellow (4) at bottom-left, and green (3) at bottom-right."
7c20b96c.json,"Fill in missing values based on repeating row patterns and apply a digit mapping: 1→5, 2→2, 3→3, 4→9, 5→7, 6→4, 7→1, 8→8, 9→6."
7cb6a0a6.json,"The input block's dimensions are swapped (height becomes width and vice versa), its position is transformed by mapping the original edge distances (top, bottom, left, right) to new distances (new_top=left, new_bottom=right, new_left=bottom, new_right=top), and the color is updated using the formula (color + 7) mod 10."
7d139eea.json,Mirror the shapes of color 9 horizontally across the central vertical axis of the grid and apply a color transformation where larger structures are changed to color 1.
7bf290ab.json,"The grid is divided into 3x3 groups of 2x2 blocks. For each special color C:
1. Identify the set S of blocks B(i,j) containing C.
2. Identify rows R and columns K that contain at least two blocks from S.
3. Define the spread set S' as all blocks in rows R or columns K.
4. Rotate S' by 180 degrees to get S'' = {(2-i, 2-j) | B(i,j) ∈ S'}.
5. The final set of blocks for C is S_final = S'' ∪ (S ∩ S').
6. The position of C within each block is rotated 180 degrees: (r,c) → (1-r, 1-c)."
7d5ffa16.json,"The output grid's non-zero positions are the vertical mirror of the input grid's non-zero positions. The values are derived from the input values: the element at (0,0) in the output is the element at (2,0) in the input, and other values are sums of input elements or direct copies."
7d8a4b36.json,The input vector length L determines a grid of R=L/2 rows and L columns. Input color 1 maps to 2. The number of non-zero elements in each row starts at R+N-1 (where N is the count of non-zeros in the input) and decreases by 1 for each subsequent row.
7d92c666.json,"Transpose the grid dimensions. The output vertical band's width and center are derived from the input horizontal band, and the output horizontal band's height and center are derived from the input vertical band. Colors are transformed based on specific mapping rules, and the vertical band takes precedence over the horizontal band."
7dd5d1fd.json,"One red boundary is split into two smaller red boundaries (H-4, W-3), and grey shapes are rotated 90 degrees and repositioned between the new boundaries."
7e0e844e.json,"The output is a 3x3 grid where the number of 2x2 blocks of 2s in the input grid determines which specific cells in the 3x3 output grid are set to 2. The cells are filled in the following order based on the count of 2x2 blocks: 1st block -> (0,2), 2nd block -> (2,2), 3rd block -> (1,1), 4th block -> (0,0), and 5th block -> (2,0)."
801af929.json,"Identify the bounding box of the 3s. Within this box, replace cells containing 3 with 3, and cells containing 0 or 1 with 8. Keep the rest of the grid unchanged."
80567ba7.json,"The colored pixel at (r, c) moves to (r', c') where r' = c and c' = r + 1 if r' is even, or c' = r - 1 if r' is odd. Pixels of value 4 fill all columns from 0 to c'-1 in rows that share the same parity as r'."
806ba128.json,"The input grid is divided into three 4x4 sections (S1, S2, S3) by separators of color 2. The output is a 4x4 grid where the 4s from S3 are flipped vertically. The remaining cells are filled by a combination of S1 and S2 (with color 9 replaced by 2), also flipped vertically, using a priority or XOR-like rule."
80bce01f.json,"Identify four 2x2 shapes by color. Map Shape A to BR as Shape D, Shape B to TL as Shape C, Shape C to TR as Shape B, and Shape D to BL as Shape A."
80fc066c.json,"Each cell with value 1 in the input grid serves as the top-left corner of a 3x3 pattern:
5 1 5
1 0 1
5 1 5
The pattern wraps around the grid boundaries."
81228da9.json,"Identify the bounding box of the object (color 6), flip it vertically, and scale it by 2x in both dimensions (each pixel becomes a 2x2 block)."
81cb0440.json,"Transpose the input grid, replace all zeros with 8s in any row that contains at least one non-zero element, and tile the resulting block in a 2x2 pattern."
81f79b62.json,"Identify the shortest paths connecting all cells of the same color, then shift these paths vertically to non-overlapping positions within the grid while maintaining the background color."
8203823d.json,"Identify the unique color C at (x, y). Create a 3x3 square of color 7 centered at (x, 9-y), with the center pixel remaining color C."
82e01156.json,Rotate the grid 180 degrees and apply a color swap mapping: 9 ↔ 2 and 6 ↔ 5.
82e1b50f.json,"The output grid is the transpose of the input grid. Two input points in the same column trigger the creation of two identical horizontal symbols side-by-side. The symbols' colors are derived from the input colors (one kept, one calculated as (c1+c2) mod 10), and their size is proportional to the distance between the input points."
83155cc8.json,"Identify the 3x3 block with the most non-zero pixels and fill its shape with a color calculated as (n-2)*2, where n is the number of 3x3 blocks."
83206fc8.json,"Reflect all points across the diagonal y=x. For colors sharing a row or column with the 2x2 block of color 3, draw Manhattan paths between their reflected positions or from a reflected position to the nearest edge of the reflected 2x2 block."
8371dfdf.json,"Extract the largest rectangle of the primary color, use its dimensions for the output grid, fill the border with the secondary color, and place the secondary color pixels found within the original rectangle at their relative positions."
837a943f.json,"Identify the largest perfect rectangle within each color cluster and transpose its dimensions (h, w) to (w, h) and its top-left position (r, c) to (c, r)."
83aaa48e.json,Identify the color of the region that contains the highest number of anomaly pixels.
83ad1de2.json,"The red block (color 2) is resized and shifted. Isolated pixels are rotated via (r, c) -> (9-c, r), and a corresponding pixel of the same color is placed at the nearest edge of the transformed red block."
8497b3a5.json,"Swap the colors of the top and bottom border rows. Reflect points of color 3 across the center of the grid (r, c) -> (9-r, 9-c), assigning each reflected point the color of the border it was closest to in the original grid."
855fc433.json,"The output consists of two cross patterns centered at the swapped positions of the input colors 1 (blue) and 7 (orange). The cross at the original position of color 1 is centered with color 7 and surrounded by color 3, and the cross at the original position of color 7 is centered with color 1 and surrounded by color 2."
85c02a99.json,"If Row 1 and Row 3 are identical, Row 1 and Row 2 are filled with 5s and Row 3 is filled with 0s."
85d120f0.json,"Extract two 3x3 objects, replace color 0 with 7, rotate each 90 degrees clockwise, and reposition them: the bottom-left object moves to (R1, C2) and the top-middle object moves to (R6, C5)."
85dc267f.json,"Expand a pattern of alternating 7s and 8s horizontally from a central vertical line of 8s, where the width of the expansion increases by one cell on each side for every row down from the start of the line."
861cec97.json,"The output is a 9x9 grid composed of 3x3 blocks. A specific 3x3 block B is placed at positions (i, j) in the 9x9 grid based on the input 3x3 grid. The block B is created by mirroring the input grid across the vertical axis and applying a color mapping. The positions (i, j) where block B is placed are those where the input grid value is the most frequent value, but the positions themselves are also mirrored across the vertical axis."
863953ba.json,The input 11x11 grid is divided by a red line at row 5; the output is an 11x5 grid derived from the top section.
86f1983e.json,"Rotate the input 90 degrees clockwise, shift the color from 4 to 8, and extend diagonals passing through the rotated points and the rotated 2x2 block."
8732e693.json,"The input grid is split into two 4x4 sub-grids by a separator column. The output is the result of a logical OR operation between the two sub-grids, where colors 1 and 2 are treated as active (1) and color 0 as inactive (0)."
87625d61.json,"The output grid maintains the same dimensions and background color as the input. A cell at position (r, c) is set to 0 if it lies on the diagonals passing through the center point (r_center, c_center), defined by the condition |r - r_center| = |c - c_center|."
87aa832b.json,"Swap colors 6 with 7 and 1 with 2, then transpose the resulting grid."
88b01b0c.json,"Extract rectangular borders with holes, transform them into squares with magenta (6) borders, and fill the centers based on the original hole size (1x1=5, 2x2=8, 3x3=7). The new center is determined by mapping the original hole center (r, c) to (c, 11-r)."
88f24c74.json,"The 2x2 azure square is replaced by a 2x2 grid of colors extracted from the four single pixels in the input. The colors are assigned based on the pixels' positions: Top-Right is the pixel with the minimum row/column, Bottom-Right is the pixel with the minimum row/maximum column, Bottom-Left is the pixel with the maximum row/maximum column, and Top-Left is the pixel with the maximum row/minimum column."
89ff7d50.json,"The output grid is constructed such that the height of each column j equals the number of non-zero pixels in input row j. The color of column j is determined by a mapping of the color found in input row j: 1→1, 2→8, 8→4, 4→9, 9→3, 3→6, 6→2, 7→5, and 5→7."
8a1f913f.json,"Reverse the order of the rows, reverse the order of the elements within each row, and replace all occurrences of color 7 (orange) with color 5 (grey)."
8aa2d690.json,"The output grid size is S x S where S = 3 * (9 - total_non_zero). A block of three rows is created by taking the input columns in reverse order (Col 2, Col 1, Col 0). This block is placed at the bottom of the output grid, with each row consisting of the corresponding column repeated 'total_non_zero' times horizontally."
8b23f996.json,"Apply a color mapping (1->3, 3->5, 5->1, 4->9, 9->4) to the input grid and then mirror the resulting grid vertically to double its height."
8c41c4f0.json,"Transpose the two input shapes, swap the gap orientation from horizontal to vertical, place the right shape on top and the left shape on bottom, and fill the gap with a shape of color 3 whose width is the overlap of the transposed shapes minus 2."
8cd13128.json,"Identify connected components of color 5. Assign new colors based on size (size 4 -> color 1, size 3 -> color 5, size 2 -> color 2). Rotate all objects 90 degrees clockwise around the center of the 10x10 grid."
8dd1de8a.json,Reverse the order of the rows and then transpose the resulting grid.
8dfc4875.json,Identify the 3x3 cluster with the maximum number of 8s and rotate it 180 degrees.
8dfea27b.json,"Identify columns C where input[row, 0] == 5 and rows R where input[9, col] == 5. Create output rows R_out = {9 - r | r in R}. Place 5s at intersections of R_out and C, and place 2s at the end of each R_out row and the bottom of each C column."
8e0a75b5.json,"Identify the top-most pixel among Yellow (4) and Red (2). If Yellow is top-most, connect it to the other pixel with a light blue (8) path moving horizontally then vertically. If Red is top-most, move vertically then horizontally."
8e2779cf.json,Identify pairs of 8s in the same row or column and draw a line between them using color 3.
8e6a2920.json,"The output is determined by the number of unique colors in the input grid: 1 unique color results in the bottom row filled with 3s, 2 unique colors result in the anti-diagonal filled with 3s, and 3 unique colors result in the main diagonal filled with 3s."
8ebea53b.json,"The output is a 3x3 grid representing the intersection of the top and bottom 3x3 grids of the input; a cell is 2 if both corresponding cells in the top and bottom grids are 1, otherwise it is 0."
8eecbf0f.json,"Split the 5x7 input into two 5x3 grids (left and right) separated by a central column. The 3x5 output grid is the transpose of these grids, where a cell is 1 if both corresponding cells in the left and right grids are 0, and 0 otherwise."
8efb0b47.json,Identify the unique quadrant divided by the central cross and rotate it 180 degrees.
8f2a7b87.json,Identify the colors present in the grid and their frequencies. Exclude the most frequent color and list the remaining colors sorted by their frequency in ascending order.
8f335580.json,"Identify 2x2 green squares, keep their row indices but reverse the order of their column indices. Replace these squares with grey (5) and place four colored markers (1, 3, 2, 4) at the corners relative to each new square: top-left (1), top-right (3), bottom-left (2), and bottom-right (4)."
8f650c55.json,"For each 8 at (r, c), create 3x3 blocks of 8s centered at (r, c_line) for each existing vertical line of 2s at c_line, with the center pixel remaining 2. Additionally, draw a line of 2s on row r from the mirrored column (GridWidth - 1 - c) to the existing vertical lines. Original 8s are removed."
8fb58750.json,"Each 3x3 cross pattern (center color B, cardinal color A) is expanded into a 5x5 pattern where the center and diagonals are color B, and the cardinal axes are color A."
9031eb65.json,"Internal points matching the border colors move to the cell adjacent to the corresponding border (Top, Bottom, Left, or Right) while maintaining their other coordinate; points not matching any border color are removed."
905dec67.json,"The output grid is determined by a flood-fill starting from the bottom-right cell (11, 11), treating cells with value 5 as walls. For every reachable cell (r, c), the value is assigned from the sequence S, which is derived from the colors of the last row of the input grid (S[r] = value of the r-th element of the last row)."
90de7b3a.json,"The grid is scaled by the 4th prime number (k=7), resulting in a 21x21 grid. Each non-zero cell at (r, c) in the input becomes a 7x7 block at (r*7, c*7). The color of each block is determined by adding the n-th prime number to the original color value (modulo 10), where n is the order of the non-zero element encountered."
9150ddc7.json,"Reflect all colored pixels horizontally across the center column. Then, for each reflected pixel: if it is Color 6, place a diamond of Color 2 around it; if it is Color 1, place the corners of a 3x3 square of Color 8 around it."
916d5459.json,"The grid is flipped vertically, and the column indices of the ""holes"" (0s) within the colored shapes are marked with the value 5 in the final row of the output grid."
9251c1e6.json,"Count the number of 1s in the input grid (N) and place N 2s in a 3x3 output grid following a specific priority order: first column top-to-bottom, then second column center-out, then third column top-to-bottom."
92c1cd40.json,"The output grid size is determined by a multiplier M (number of distinct colors in the top row + 1) times the input size. The input grid is scaled by M and transposed. A central block color (color 8) is maintained, and diagonals of color 1 are drawn from the corners of this block extending to the grid boundaries, replacing only background pixels (color 0)."
7d4348f0.json,"Segments of color 5 in rows 1, 3, 5, and 7 are moved to rows 7, 5, 3, and 1 respectively, maintaining their original column positions. Colors are assigned based on segment length: longest is color 1, second longest color 2, third longest color 3, and fourth longest color 4."
7cd3dbb3.json,"The input grid is rotated 90 degrees counter-clockwise to create a 3x3 pattern grid. This pattern grid is then placed into a 9x9 grid at block positions (2-c, r) for every cell (r, c) in the original input grid that contains the value 1."
93433d20.json,The transformation follows the rule r_out = 3 - c_in and c_out = r_in for each non-zero cell in a 3x3 grid.
7d5417d2.json,"Identify the three colored blocks, transpose their dimensions (height becomes width and vice versa), reverse their left-to-right order, and place them vertically in the output grid."
947ac75c.json,"Replaced 0s with colors 1, 2, and 3 based on their position (interior vs. edge) and connectivity, while preserving the value 5."
95912f88.json,"The output grid is a 4x4 grid where a cell (i, j) is 7 if it is part of the XOR of the two input shapes (S1 and S3) and satisfies a specific spatial condition (likely related to the boundaries or isolation of the XORed regions)."
96697b0f.json,"Transpose the input grid and fill the interiors of any rectangles formed by the 2-shape with 1s, while preserving the existing 2s."
97f77bab.json,"Identify the unique 3x3 block among a set of blocks. Since the unique block is in position 3, the output is the pattern of that block with its color value decreased by 2."
98c81636.json,"Two yellow (4) rectangular objects are repositioned: the first (A) is moved to (1,1) and the second (B) is transposed and moved to end at (8,9). The inner area of the larger object is filled with red (2) and the inner area of the smaller object is filled with blue (1)."
98fca014.json,"The grid is vertically reflected. Then, cells containing 5 (grey) are changed to 3 (green) if they are in an odd-indexed column, while cells in even-indexed columns remain 5. Cells containing 0 remain 0."
99303440.json,"Identify the uniform dimension (rows or columns), extract the sequence of values, remove consecutive duplicates, reverse the sequence, and output as a 1xN or Nx1 grid based on the uniform dimension."
99351afa.json,"The transformation involves shifting the coordinates of a cross based on the position of a marker (color 8), though the provided reasoning text is incomplete."
9a0d8fff.json,"The input consists of several connected components of 1s. Components in the top-left and bottom-right are transformed using the reflection (r, c) -> (9-c, 9-r) and colored with 2s. Components in the top-right and bottom-left are rotated 180 degrees within their own bounding boxes and colored with 5s."
9a43d99b.json,"The output is generated by taking the bounding box of the ""shape color"" (the color not forming the 4-point frame), rotating it 180 degrees, and then transposing the resulting grid. The final grid uses the ""frame color"" instead of the ""shape color""."
9ab0bed4.json,"Extract the bounding box of the shape, reflect it vertically (flip upside down), and maintain the color."
9b171ec4.json,"Reflect non-zero, non-blue pixels horizontally across the grid center. Additionally, place a secondary copy of each pixel within the blue (8s) block at the reflected column position, clamping to the block's boundaries if the reflection falls outside."
9b88696a.json,Identify the repeating pattern in the input grid and output its transpose.
9baaa3c6.json,180-degree rotation of the grid.
9bcb63ba.json,"The shape is flipped vertically across the grid's center and shifted horizontally to the right by one column, with the rightmost boundary capped at the grid edge."
9c21683e.json,"Rotate the grey cells (value 5) 90 degrees clockwise around the center of the 9x9 grid, then place a 3x3 square of blue cells (value 1) centered at each rotated position, keeping the center cell grey."
9c3aaa88.json,"The output grid is a transpose-like construction where three specific rows from the input are used as repeating column patterns. The sequence of these rows in the output columns is determined by the index of the ""all-color"" row."
9c5cfe5e.json,"The input grid is divided into regions by rows and columns of zeros. The colors of these regions form a matrix, which is then rotated 180 degrees to produce the output grid."
9c7cc7d3.json,"Reflect the input point across the central vertical axis to find a pivot point P. Construct two intersecting 45-degree lines meeting at P, where the direction of the lines (diagonal vs anti-diagonal) depends on whether P is to the left or right of the center column."
9c97d40d.json,"The output grid dimensions are determined by the input width and a formula based on input height. The output columns are the reversed columns of the smallest repeating tile, and the output rows follow a reflection pattern if the input height is odd. Colors are adjusted based on parity."
9da00676.json,"Non-zero elements in each row are replaced by a color determined by a mapping based on the indicator color in the last column: 1→3, 8→7, 7→6."
9e089267.json,"The output grid dimensions are defined by a green (color 3) rectangle. The interior of this rectangle is filled by scaling a transformed (anti-diagonal reflection) pattern of another color, maintaining a border of color 3."
9e2550a5.json,"Reflect input objects across the horizontal middle axis. Color 6 is replaced by a 3x3 square of color 1 with a center of color 2. Other colors are mapped to pairs: 8 to 2, 5 to 5, and 1 to 6."
9ee02fe7.json,"The output is a 3x3 grid filled with a single value derived from the input's median. If the counts of elements less than (C1), equal to (C2), and greater than (C3) the median are all equal, the value is C1 * C2; otherwise, it is C1 * (C3 - C2)."
9f1707cf.json,"The output grid is a 10x10 frame. Rows 0, 2, 7, and 9 are solid lines, and rows 1, 3, 4, 5, 6, and 8 have color only at the edges (columns 0 and 9). Rows 0-4 use Color A (derived from the column index of the first point P1) and rows 5-9 use Color B (the color of the second point P2)."
9feab2dd.json,"For an N x N grid with top row color C, the output sets the first column to C, the first row (excluding the first cell) to 4, and the diagonal from (1,1) to (N-1, N-1) to 2, with all other cells as 0."
95c31cb8.json,"Identify the repeating tile pattern in the input grid, fill the 0-block using that pattern based on its coordinates, and rotate the resulting block 180 degrees."
95926a28.json,The output grid is the 180-degree rotation of the transpose of the input grid. Any pixel with value 8 that is not adjacent (including diagonals) to another pixel with value 8 in the resulting grid is changed to value 3.
a2f61697.json,Identify the repeating block within the input grid and output its transpose.
a34973a3.json,"Identify regions of color 0 enclosed by color 2 (holes) and map their coordinates (r, c) to (W-1-c, H-1-r) in the output grid, coloring them with color 3."
a44ace24.json,"Preserve the last row, fill the first column (excluding the last row) with color 4, and create a diagonal of color 2 from the top-right corner to the cell above the last row and right of the first column."
a4dc053a.json,"The input 6x2 grid of repeating pairs (A, B) is transformed into a 2x6 checkerboard grid where the first row repeats A, B and the second row repeats B, A."
a53cf1b5.json,The output grid is identical to the input grid.
a57585d8.json,"The output grid starts a repeating 4-row pattern (Row A: all color X, Row B: color 5 at index 0, Row A: all color X, Row D: color 5 at index 9) starting at row s = 9 - r, where r is the row of the input pixel and X = (input color - 1)."
a72ca2ca.json,"Blocks are transformed into alternating patterns (middle column zeros every other row), colors are mapped via a specific cycle (1→4, 4→7, 7→8, 8→1, 5→8), and positions are shifted horizontally (left to right, right to left) and vertically (inverted relative to the bottom of the grid)."
a72fa941.json,"The small shape's color is updated and its center is shifted to the column of the large shape. The large shape's color is updated according to a cycle (4 -> 3), and it is mirrored across the new center of the small shape."
a76f8dbd.json,"Extract the bounding box of the object (4s), flip it horizontally, and expand each cell into a 2x2 block."
a899aca6.json,"The output is a 9x9 grid composed of 3x3 blocks. Each block $B_{i,j}$ is filled with the input grid rotated 90 degrees counter-clockwise if the input grid at the reverse-rotated position $(j, 2-i)$ contains the value 2."
a8aeebd2.json,"The output is a 10xH grid where H is the input height. A single '1' moves in a bouncing pattern between column 0 and H-1, starting at column 3 for H=5 and moving downwards first."
a92d3271.json,The output is a 3x3 grid formed by extracting values from the input grid that are point-symmetric (mirrored across the center of the 16x16 grid) to the position of the 3x3 block of zeros.
a93a7661.json,"Extract the dominant color from each 3x3 block of the 9x9 input grid to form a 3x3 grid, then rotate that 3x3 grid 180 degrees."
a962ef88.json,"Reflect the centers of the 5x5 hollow blue squares (color 1) horizontally across the center of the 15x15 grid (column 7), then draw full-length magenta (color 6) horizontal and vertical lines passing through these new centers."
a9c6d258.json,"The output grid size is determined by the red rectangle in the input. The border is filled with red (color 2). The other shape is mirrored horizontally, scaled up to fit the inner grid, and its color is mapped according to the cycle 1 -> 3 -> 4 -> 8 -> 1."
aa267667.json,"Transpose the input grid and create a checkerboard pattern by repeating the input row [A, B] in the first row and its reverse [B, A] in the second row."
aad8a54a.json,"Identify the 3x3 input shape (IS), reflect it vertically to create shape S, and tile S into the 9x9 grid at positions corresponding to the non-zero cells of S."
abd000c4.json,"The output is a grid of size (N/2) x N. The input color C1 transforms to C2 based on the cycle 1→2→5→7→8→1. The output consists of a right-aligned triangle where each row i (from 0 to M-1) contains k+i pixels of color C2, where k is the number of non-zero pixels in the input."
abfebb13.json,"Create a full column of light blue (2) at the column of the input light blue pixels and a full row of azure (8) at the row of the light blue pixel closest to the input azure pixels, with the intersection colored yellow (4)."
ac0bc9d7.json,"The output grid is twice the size of the input. The top-left quadrant is created by mapping colors (1↔6, 8↔9, 4→4, 7→7), transposing the grid, and reversing the rows. The full grid is then formed by mirroring this quadrant horizontally and vertically."
ac19f4a3.json,"The output grid is a vertical flip of the input pattern with modified colors. Specifically, the primary color (A) is flipped and assigned a new color (C), while the secondary color (B) is flipped and combined with a shifted version of the primary color's top row to form a new shape (B_new). For the given input (A=2, B=3), A becomes 3 and B remains 3 (or a similar shift), resulting in a symmetric pattern centered at the bottom."
adf0d949.json,Connect pairs of pixels of the same color with diagonal lines by filling in all pixels between the endpoints that satisfy the diagonal condition (|r1 - r2| = |c1 - c2|).
adfddba2.json,"Transpose the input grid dimensions and replace the bounding boxes of the main color components with solid rectangles of the same color, transposed in size and position."
ae6d99c8.json,"The output grid dimensions are 9 rows by the number of input rows. For output rows 1, 3, 5, and 7, the number of non-zero elements equals the count of '2's in input columns 1, 3, 5, and 7 respectively. These elements are filled as floor(T/2) '2's followed by ceil(T/2) '8's, with the remainder of the row filled with '0's. All other output rows are all '0's."
aecea5fe.json,"The output grid is derived from the inner part of the input grid. If the inner grid value is 0, the output value is 0. If the inner grid value is 5, the output value is the color of the corner of the input grid that corresponds to the quadrant of the current pixel's position (Top-Left, Top-Right, Bottom-Left, or Bottom-Right)."
b00155c5.json,"When cells are in the same column (C), the output row is C. The new column for cell 3 is the old row of cell 4 (R4), and the new column for cell 4 is the old row of cell 3 minus 1 (R3-1)."
b1a4d855.json,"The 3x3 input grid is expanded into a 6x6 output grid where each row r of the output contains the input rows shifted horizontally: Input Row 0 is shifted by r, Input Row 1 by r-1, and Input Row 2 by r-2. Only non-zero values are placed, with higher input row indices taking precedence."
b21daa4a.json,"The input 7x5 grid is reduced to a 3x3 grid by mapping specific rows and columns, with a cyclic color transformation applied to the active pixels."
b2d3f896.json,"Split the 9x10 grid into upper (rows 0-3) and lower (rows 5-8) halves. Mirror the lower half vertically onto the upper half, combine them by overlaying colors, and rotate the resulting 4x10 grid 180 degrees."
b30c9e11.json,"Identify the 5x5 block of color 3, locate its 180-degree rotated counterpart in the grid, and output that target block rotated 90 degrees counter-clockwise."
b314be76.json,"Shapes in a 3x3 block grid are mirrored across the center row and column. Original shapes are recolored to the line color (9), while mirrored shapes retain the original shape color (4). If both overlap, the shape color (4) takes precedence."
b31c907a.json,"Flip the input 3x3 grid vertically, apply a color mapping (1→3, 6→7, others unchanged), and expand each cell into a 3x3 block of the same color."
b348b942.json,"The input columns are mapped to the first three rows of the output in reverse order (C2 to R0, C1 to R1, C0 to R2) using a specific color mapping (1->7, 2->5, 4->1, 5->6, 6->2, 7->8, 8->4, 9->9), and the resulting 3x3 block is vertically mirrored to create a 6x3 grid."
b3a42f23.json,"The input grid is divided by a separator (row and column of 1s) into four quadrants. One quadrant is 6x6 and contains shapes made of color 7; another is 2x2 and contains colors. The output is a 6x6 grid where the shapes from the 6x6 input quadrant are replaced by colors derived from the 2x2 quadrant. The mapping is based on the position in the 2x2 grid: (0,0) maps to the top-left 3x3 area, (0,1) to the top-right, (1,0) to the bottom-left, and (1,1) to the bottom-right. The colors are transformed by subtracting 2 from the 2x2 grid values."
b3f0563c.json,"Swap the indices of rows and columns that consist entirely of 5s. Fill the top-left region with 3, the center-most region with 2, and the bottom-right region with 1, leaving all other non-5 cells as 0."
b45b09ef.json,"The output lists the count of the most frequent color first, followed by the remaining unique colors in ascending order."
b4dbeaa5.json,"The grid is divided into horizontal bands. For each band, any '0' at position (r, c) is transformed into a vertical line of '0's at column (width - 1 - c) spanning all rows within that specific band."
b53cbb0c.json,"Colors are swapped (Yellow 4 ↔ Azure 8). The 2x2 square is shifted by the first relative point (-1, -1). Each relative point generates a specific diagonal line of the new color starting from a calculated offset relative to the shifted square."
b54f2df5.json,"The output grid is a transformation of input blocks into 3-row high patterns. The longest block's color is incremented by 1, blocks to its left take the longest block's original color, and blocks to its right retain their color. Each block's width in the output equals its height in the input, and its horizontal position is calculated based on the input's starting row and the total grid width."
9607308b.json,"The transformation involves transposing the input grid and then shifting the resulting grid (including the 2s and 3s) to align the 2s into a specific rectangular configuration, typically maintaining the 6x6 distance between the 2s."
b58a9cd4.json,"For every non-zero cell in the input grid, create a vertical sequence starting at that cell and continuing down to the bottom of the grid, alternating between the original color and color 6."
b59b23b6.json,"The output grid is constructed by filling row c2 and column r2 with color1, and row c1 and column r1 with color2, where (r1, c1) and (r2, c2) are the input coordinates. The intersection points (c2, r1) and (c1, r2) are set to color 2, and all other cells are 0."
b5c44148.json,"The output grid doubles the width of the input grid. Rows containing patterns are transformed into repeating sequences of length 3 (based on the input period), specifically mapping the input pattern '2 3 3' to '1 2 1'."
b5d3b7f3.json,"The output is a 9x9 grid composed of nine 3x3 blocks. Let T be the transpose of the 3x3 input grid. Each block B_{r,c} in the output is equal to T if the corresponding element T_{r,c} is non-zero, and is a 3x3 block of zeros otherwise."
b5e4d38e.json,"Transform cells with color 2 (red) to color 5 (grey), while cells with color 0 (black) and color 5 (grey) remain unchanged."
b6dbb072.json,"Extract the object within the markers, rotate it 180 degrees, change its color to the marker color, and center it within a grid whose dimensions are (marker_height-1) x (marker_width-1)."
b6eeee87.json,"Input 2x2 blocks are transformed into 2xN blocks filled with color 3, incorporating specific colors from the current block, a subsequent block, and their sum modulo 10."
b71fe563.json,The output is the 2x2 quadrant that differs from the other three identical quadrants in the 5x5 input grid.
b82f7b0b.json,"Reflect the grid horizontally and change the color of pixels in even columns to 4 (since the grid size N=12 is even), while retaining the original color in odd columns."
b84b5946.json,"The output is a transpose of the input grid containing a right-angled isosceles triangle in the bottom-right corner. The triangle's top row is determined by the column index of the vertical line of 2s in the input. The color of each row in the triangle depends on its length relative to the length of the vertical line of 2s: color 3 if shorter, color 1 if equal, and color 2 if longer."
b8a4b8d8.json,"The output is a 3x6 grid consisting of two 3x3 grids side-by-side: the left half is a vertical flip of the input grid, and the right half is a horizontal flip of that vertical flip (equivalent to a 180-degree rotation of the input)."
b8c27188.json,"The output grid is constructed by treating the columns of the input grid as rows, arranged in a symmetric zigzag sequence of column indices: starting from the last column (W-1) down to the first (0), then back up to the last, and repeating this pattern."
b8eb89cf.json,Extract the 3x3 bounding box of the object immediately to the left of the pixel with color 5 and apply a color shift to the object's pixels.
b8fd03ba.json,"The input grid is transposed into a 5x11 output. For each column in the input containing colors at the top (T) and bottom (B), a row is generated at index (4 - column_index). The row consists of five cells of color L = |T - 8|, one cell of color 5, and five cells of color R = (T + 3B - 15) / 2."
b98a08b7.json,"The transformation involves transposing the input grid and then reflecting it vertically (flipping it upside down). The resulting positions of the 1s become 8s in the output grid. Finally, straight lines of 1s are drawn between any two 8s that share the same row or column."
b9a8ee58.json,"Create two patterns based on the dimensions of two grey regions (R1 and R2). Patterns consist of blue corners (1), yellow edges (4), and red interiors (2). Pattern 1 (size of R2) is placed at (0,0). Pattern 2 (size of R1) is placed at the swapped coordinates of R1's bottom-right corner."
b9ee4e13.json,"For each red rectangle, if the central region consists entirely of holes, fill it with color 5. If it partially consists of holes, complement the holes within the central region (holes become red, red becomes holes). All holes outside the central region are filled with red."
ba1ad016.json,"Transform input coordinates (r, c) of 8s to (2-c, r) and change the color to 7 to create a 3x3 grid G', then vertically mirror G' to produce a 6x3 output grid."
bc06ae96.json,"Count the number of non-zero elements (N) and their value (V). If N is even, the output is an N x 1 column vector of value V. If N is odd, the output is an N x 1 column vector of value 9 - V."
bce5293c.json,Rotate the grid 270 degrees clockwise and swap colors 1 with 3 and 5 with 6.
a1401052.json,"For each color, if two 2x2 blocks contain that color at the same relative position and share a block row or column, fill the intervening blocks at that same relative position with that color."
b56fba3f.json,"Transpose the grid and the coordinates of solid rectangles, convert the rectangles into hollow boundaries, and apply a color mapping: 1→8, 2→3, 3→4, 4→7, 5→1, 6→2, 7→6, 8→5."
be53ab01.json,"Swap the colors of the two filled boundary columns. Mirror every cell containing color 4 across the center of the grid (r, c) -> (9-r, 9-c), assigning it the color of the boundary it was originally closer to. All other cells are 0."
bd2a95aa.json,"Extract non-zero rows from the input, reverse the sequence of non-zero elements, and use them to construct output columns. Each column is formed by taking the first 4 elements of the repeated reversed sequence and appending their reverse. These columns are placed in the output grid at specific odd-indexed positions."
a0b2a88c.json,"The output grid is formed by overlaying three 4x4 sub-grids (G1, G2, G3) extracted from the input, where non-zero values from G2 and G3 take precedence over G1, and G3 takes precedence over G2."
bebeb76b.json,Extract the top-left 2x2 block of the input grid.
bee8d67f.json,"Identify non-zero rows and move them to the top in reverse order. Identify the center color (C) of the bottom-most non-zero row. From the leftmost and rightmost positions of color C in the new row 0, expand diagonally outwards (down and left, down and right) using color C."
bfc1245c.json,Identify solid-colored blocks and noise pixels. Shift the blocks to new top-left coordinates determined by specific noise pixels and remove all noise pixels.
bfda3314.json,"Identify the sequence of colors from the lines (rows or columns) in the input, ignoring color 5 and 0. If the lines are rows, create a square grid where each column is filled with the colors in the order they appeared from top to bottom."
c02d337d.json,"The rule involves shifting the coordinates of the colored pixels based on their parity. For odd rows, the shift is -1 if (row-1)%4 == 0 and -2 if (row-3)%4 == 0. For odd columns, the shift is -2 if (col-2)%4 == 0 and -1 if (col-3)%4 == 0. Pixels of color 6 are then surrounded by a 3x3 square of 1s."
c0384769.json,"Divide the input grid into vertical sections. For each section, extract the colors of the blocks from bottom to top, and place each sequence as a row in the output grid."
c07a23b9.json,"The input grid is split into two 5x3 grids by a central column of 1s. The output is a 5x3 grid where a cell is 8 if both corresponding cells in the left and right grids are 0, and 0 otherwise."
c3b771c7.json,The output is an 11x3 grid consisting of three 3x3 blocks separated by rows of 5s. Block 1 is the input 3x3 block transposed and flipped horizontally; Block 2 is the original input 3x3 block; Block 3 is the input 3x3 block transposed and flipped vertically.
c38ba3b2.json,"Apply a color substitution mapping (1→2, 2→7, 3→3, 4→8, 5→1, 6→5, 7→6, 8→4) to the 3x3 input grid, then mirror the resulting grid both horizontally and vertically to create a 6x6 output."
c1f59c5e.json,"Perform a bitwise XOR operation between the top 4x4 grid (T) and the normalized bottom 4x4 grid (B divided by 2), rotate the resulting grid 90 degrees clockwise, and replace all 1s with 3s."
c40487fe.json,"The output grid is an expanded version of an inner grid A, where the output dimensions are (R+2, C+2) for an inner grid of size (R, C). The output is constructed by placing the inner grid A at the center, with a border of 0s at the four corners. The first and last rows/columns of the inner grid are repeated in the output's interior, while the middle elements are not. The inner grid A is derived from the input grid by rotating it 90 degrees counter-clockwise and then reflecting it across the vertical axis."
c44bfe6a.json,"Count the frequency of each unique color in the input grid. Sort the colors by frequency in ascending order. Create an output grid where each row represents a sorted color, filled with that color for its frequency count and padded with 0s to match the maximum frequency."
c41d7779.json,The grid is rotated 90 degrees counter-clockwise.
c4474b87.json,"The transformation involves reflecting the input grid across the anti-diagonal (mapping cell (r, c) to (N-1-c, M-1-r)). In the resulting grid, most 1s are converted to 2s, while a specific subset of 1s (typically those that were in the lower triangle of the original input or are isolated on the edges of the reflected grid) remain as 1s."
c5113211.json,"Rotate the input grid 90 degrees. Extract the simple rectangle and the largest rectangle within the complex shape, rotate both 90 degrees, and apply a color mapping cycle (2→7→3→5→4→2) to their respective colors."
c5daf378.json,Extract the bounding box defined by two identical horizontal segments (5 8...8 5) and rotate the contents 90 degrees clockwise.
c66c16e7.json,"If the input pixel row r is odd, shift the pixel column by -1, keep the color, and fill row r from column 0 to c-2 with color 4. If r is even, shift the column by +1, swap colors 6 and 9, and fill all even rows from column 0 to c with color 4."
c67267a8.json,"Boxes are flipped vertically across the grid height. Borders are changed to color 7. The interior is filled with color 1 if the interior area (width-2 * height-2) is odd, and color 2 if the interior area is even."
c726e505.json,"The rule is to reverse the order of the colors of the concentric rectangular layers, moving the innermost color to the outermost layer and vice versa."
c8f267ce.json,"Extract the length and starting column of 5-segments in rows 1, 3, 5, and 7. Map these to output columns 1, 3, 5, and 7 respectively, where the height equals the segment length. Assign values (4, 2, 3, 1) to the columns based on the ascending order of the segments' starting columns."
c93a90bf.json,"Shift the input points (color 3) left by 1 unit and change their color to 1, then place a 3x3 cross of color 3 centered at the midpoint of these shifted points."
ca0850a8.json,"The output grid has a background of color 4. The output shape is a symmetric reflection of the input shape (non-2 color). The output color is the same as the input color if odd, or (color * 2) mod 10 if even."
cafdcb55.json,"The output grid is the transpose of the input size. Shape 8 (azure) remains unchanged, while Shape 2 (red) is transposed and rotated 180 degrees. Their relative positions are swapped, and they are placed adjacently in the center of the output grid."
cb1d1d55.json,"The output is a 16x16 grid where each row is the repeating sequence from the first row of the input, shifted left by one position for each subsequent row."
cc6e81cc.json,"The output is a 3x3 grid where each cell (r, c) is 8 if the corresponding 3x3 block in the 11x11 input grid contains a 6 at a position (i, j) that is unique to that block (i.e., no other block has a 6 at that same relative position)."
cdaf18dc.json,"The positions of the 2s in the output are determined by the positions of the 4s in the input, with a specific column-mapping rule."
cee1a662.json,"The output color is determined by subtracting a subtrahend from the sum of the colors of the two objects, where the subtrahend is calculated as twice the sum of the differences in width and height (WDiff + HDiff) of the two objects."
cefb8789.json,"The two 2x2 squares move to new positions based on a midpoint transformation (M_out = (M_in_c, M_in_r)) and a swap of relative distances (dr_out = |dc_in|, dc_out = |dr_in|). Color 1 (blue) moves down-right, leaving a diagonal trail (r-c = constant) from its top-left corner to the grid edge. Color 2 (red) moves up-left, leaving a diagonal trail from its top-left corner to the grid edge."
cf0c1571.json,"Identify the largest shape, isolate it in its bounding box, transpose the grid, rotate it 180 degrees, and change the color to min(color + 2, 8)."
cf2aefa8.json,Identify the noise color scattered across larger contiguous regions. Count the noise pixels within each region; the output is the color of the region containing the highest number of noise pixels.
cf6c4a9d.json,The grid follows a repeating $9 \times 9$ pattern. The output is generated by filling in the missing values (0s) to complete the periodic structure based on the existing non-zero elements.
cf9a8d23.json,"The output grid is the transpose of the input dimensions. Input cells of color 1 create vertical columns at index (R-1)-r, while cells of color 2 and 3 create horizontal rows at index (C-1)-c. Row colors (2 and 3) take precedence over column colors (1) at intersections."
cfb7279a.json,The input rectangle is converted into a hollow rectangle using one of the interior colors. Four specific colors are then placed in the cells diagonally outside the corners of the resulting rectangle based on a mapping of the original interior colors.
cfc9f0e9.json,"Identify the largest outline and the dots inside it. Create a new grid based on the outline's dimensions, using the dot color for the outline. Reflect the relative coordinates of the internal dots across the line y=x (swap row and column offsets) and place them in the new grid."
d04ca3eb.json,Extract the bounding box of all non-zero cells and rotate the resulting subgrid 180 degrees.
d0e9addc.json,"The input grid is divided into a 3x3 grid of regions. Each cell in the output 3x3 grid is assigned the background color (4) if the corresponding region in the input grid contains at least one pixel of that background color, otherwise it is 0."
d28e7f54.json,Extract the colors of the blocks formed by the dividing lines and reflect the resulting grid across the anti-diagonal.
d2e54566.json,"Reflect the shape across the horizontal center line. Identify the special pixel's original relative position (e.g., left-most) to determine the direction of a line (e.g., right) drawn from the reflected special pixel's position to the grid edge using the special pixel's color, with the reflected shape's primary color taking precedence."
d46a101f.json,"Split the 6x3 input into two 3x3 grids (top and bottom). Identify positions where both grids contain 0, then reflect those positions horizontally across the center column and place 2s at those reflected coordinates in a 3x3 output grid."
d476a080.json,"Transpose the positions of center colors (1 and 2). For surrounding colors (3 and 7), place them at a distance of 1 from the transposed center, rotating their relative direction 90 degrees clockwise (UP→LEFT, DOWN→RIGHT, LEFT→UP, RIGHT→DOWN)."
d4e280e1.json,"The 8x8 input is divided into four 4x4 quadrants. The output 4x4 grid is formed by combining the colors at each (r, c) position across the quadrants, where cells with multiple colors are mapped to a specific color from the set and single-color cells are mapped to 0."
d6093160.json,"Split the 3x6 input into two 3x3 halves, combine them using a logical OR (where any non-zero color becomes 1), rotate the resulting 3x3 grid 180 degrees, and map the 1s to color 6 (magenta)."
d74d6eb3.json,"Extract non-zero elements into a sequence S based on Manhattan distances between consecutive elements. Place S in a base row R = (r+c)+3, then create other rows by shifting S right for rows above R and left for rows below R."
d965528e.json,"Transpose the grid. The inner rectangle of the output takes the color of the input's outer rectangle (A). The outer rectangle of the output takes a transformed color of the input's inner rectangle (B), following the cycle 2 -> 3 -> 8 -> 2 (and 4 -> 4)."
d982827d.json,"Identify the predominant color bands (vertical or horizontal), determine their colors and widths, and reverse the sequence of these bands to fill the output grid."
d9a131cf.json,"The output is the 3x3 shape that appears most frequently in the input grid, maintaining its original color."
d9af572b.json,"The transformation is a matrix transposition of the input grid, where the element at row i, column j moves to row j, column i."
dad097b8.json,"Mirror the positions of the points with colors 8 and 2 across the center of the grid. Connect these mirrored points with an L-shaped path of color 3, where the corner of the L is located at (Row of mirrored 8, Col of mirrored 2)."
db267504.json,"Identify the object of color 8, shift it one position to the left, and change its color to 2."
dba61fc9.json,"The output pattern depends on the number of distinct values in the input grid: 1 distinct value results in a top row of 4s, 2 distinct values result in an anti-diagonal of 4s, and 3 distinct values result in a main diagonal of 4s."
dc2c3900.json,Identify the smallest non-zero rectangular region and swap the border color with the interior color.
dca13bdc.json,"Identify the 3x3 regions with the maximum number of colored pixels. Reflect these regions across the horizontal axis (row 1), fill the reflected regions completely with a color mapped from the input color (4 maps to 1), and replace the grey dividers (color 5) with color 1. All other cells are set to 0."
dd76ebda.json,Reverse the order of elements in each row.
dd8899c6.json,"The input ""C"" shape is transformed into a new ""C"" shape where the output height equals the input width and the output width equals the input height minus one, with the top and bottom edges as solid lines and middle rows containing two points with decreasing distance."
de9d5432.json,"For each unique color present in the input grid, identify the minimum and maximum row and column indices to define a bounding box, and fill that entire rectangular area with the corresponding color."
dea8adbe.json,"Two input rectangles of color 2 are transformed: Output Rect A takes Input Rect B's dimensions, Input Rect A's top, and Input Rect B's top as left. Output Rect B takes Input Rect A's swapped dimensions, Input Rect A's left as top, and Input Rect B's left as left. The larger area rectangle gets a center of color 1, and the smaller gets color 4."
df29dad8.json,"The output is an N x 10 grid created by repeating a block of size N x M (where M = 2*(N-1)). The block contains a diamond pattern of 1s centered at column C = (N // 2) * 2 - 1, defined by the rule |c - C| = r, with all other cells filled with 8s."
df54be55.json,"Shift the diagonal lines $x+y=C$ by $S = -(n-1)$, where $n$ is the index of the smallest $C$ in the prime sequence. For each resulting line, alternate the pixel colors between the original color and color 2, starting with the original color at the lowest x-coordinate."
e01b364b.json,"Solid rectangles are transformed into hollow rectangles (borders only). Colors are mapped as follows: 2↔5, 3→4, 4→7, 7→3, 6↔8, and 1→1."
e0ba79dc.json,"Cells of color 2 fill horizontally towards the grey separator (color 5), while cells of color 1 fill horizontally away from the separator to the grid edge."
e22b1eea.json,The output grid size is $N \times N$ where $N = (\text{number of non-zero elements in input}) \times 5$. Non-zero elements from the input are mapped to specific diagonals (column = row + k) such that the sum of the input position $p$ and the offset $k$ is symmetric around 4. Values are transformed via a mapping: $8 \to 2$ and $6 \to 1$.
e2c39613.json,"Identify the largest perfect rectangle of a single color and reflect its row indices across the horizontal midline of the 16x16 grid (row r becomes 15-r), keeping the column indices the same."
e2c649f2.json,"The color 3 is replaced by the other color present in the grid (X), and the color X is replaced by 0."
e2e8cb40.json,Swap orientation (vertical to horizontal and vice versa) and transform position using the formula (5 - original_position). The intersection of the two lines is colored 2.
e34a9208.json,"The output grid is a 4x4 grid where a cell (i, j) is 3 if the corresponding cells in the two 4x4 input sections (S1 and S3) are both 0, or if they are both non-zero (2 and 7), but not if one is 0 and the other is non-zero."
e3ba36ee.json,"The output is a 6x6 grid where the top-left 3x3 block is the input grid, and the bottom-right 3x3 block is the input grid rotated 180 degrees. The top-right and bottom-left blocks are filled to maintain 180-degree rotational symmetry across the entire 6x6 grid."
e421fc60.json,"Fill in the missing values (0s) in each row based on the smallest repeating pattern found in that row, then transpose the resulting grid."
e4791714.json,"The output is a Kronecker-like product of the two input blocks. For every non-zero pixel in the template (Block 2) at $(r_t, c_t)$ with color $C_t$, the pattern (Block 1) is placed at the output offset $(r_t \cdot N, c_t \cdot N)$. The color of the resulting pixels is determined by the template color $C_t$ if the pattern is monochromatic."
e4bcd500.json,"Divide the 9x9 grid into 3x3 blocks. For each block containing an input pixel, if the sum of its block coordinates (br + bc) is even, the block remains; if odd, the block is transposed (br, bc) -> (bc, br). Fill the resulting blocks entirely."
c4c542d3.json,"Each input blue rectangle containing a special pixel is transformed into an output rectangle of width 5 and height (input width + 1). The output rectangle's primary color is the special pixel's color, and it follows a specific frame pattern (top row: color, second row: 1 1 C 1 1, middle rows: 1 C C C 1, bottom row: 1 1 1 1 1). The position is determined by swapping the input center coordinates (r, c) to (c, r)."
c463f7e7.json,"Identify the sequence of colors in the input bands and apply a specific color mapping (1→4, 2→3, 3→2, 4→5, 5→1, 6→6, 8→8), outputting the result in a grid with an orientation opposite to the input bands."
c5014dfd.json,"Identify the indices of the lines of a specific color, divide them into three groups, and map the colors of the intersection points of these lines to a 3x3 grid based on their group membership."
e551409a.json,"Gray blocks (color 5) are transposed and mirrored across the vertical axis of the grid, then changed to azure (color 8). Holes within these blocks are preserved through the transformation and filled with specific colors from the input grid."
e60432e3.json,"Create a right-aligned triangular pattern starting from row R-1. The number of cells in each row increases by one. The color is blue (1) if the number of cells is less than the red block length L, red (2) if equal to L, and green (3) if greater than L."
e5733fd9.json,"The output grid is 9x13. Column 9 is filled with color 5. The 3x3 block at the bottom of the input is transposed and placed in columns 10-12, rows 0-2. For every '1' in the input 9x9 grid, the 3x3 block it belongs to (B_r, B_c) is transposed to (B_c, B_r), and the transposed 3x3 block is placed at that new block position in the output 9x9 area."
e58789ea.json,"The yellow (4) shape is rotated 180 degrees and moved to the right 3x3 area (rows 3-5, cols 3-5). The azure (8) shape is reflected horizontally (Shape A) and then vertically (Shape B). Since the top row of the input 4-shape has more pixels than the bottom, Shape B is placed on top of Shape A in rows 3-8, columns 0-2."
e69139c2.json,"Shifted horizontal lines upward based on the formula new_first_h = (first_h_line + 1) // 2 while maintaining the distance between them. The resulting grid lines (rows 3, 8 and columns 6, 13) are colored 8, and the five regions created by these lines are filled with colors 4 (top-middle), 2 (middle-left), 6 (middle-middle), 1 (middle-right), and 3 (bottom-middle)."
e6bd3db6.json,"Transform each input row [a, b] into [b, a, a, b] to create a 3x4 block B. The final output is a 9x4 grid consisting of block B, block B reversed vertically, and block B stacked vertically."
e6b44fba.json,"Each input square is expanded into a larger concentric square structure where the output size is determined by the input width (2W for even, 2W-1 for odd). The output consists of an outer border of the input center color (C1=3) with corners removed, an inner border of the input border color (C2=8), and a center of the input center color (C1=3)."
e7b17cf4.json,The rule involves identifying two distinct shapes of different colors and analyzing their pixel counts.
e7dbf2a8.json,"The output is 1 if the grid of sevens is symmetric about both its vertical and horizontal center axes, and 2 otherwise."
e7d00859.json,"The grid lines (color 4) remain constant. Cell colors are mapped as 2→8, 3→1, and 8→2. These mapped colors then spread horizontally or vertically within their respective grid cells based on the original color's behavior."
e7c51142.json,"The transformation involves moving all non-zero pixels to the bottom-most and right-most available positions in the grid, filling the bottom row first from right to left, then the row above, and so on. Colors are mapped as follows: 5 (grey) → 6 (pink), 6 (pink) → 9 (maroon), 9 (maroon) → 3 (green), and other colors (1, 2, 3, 4, 7, 8) generally remain the same, though some may be replaced by 4 (yellow) if they are part of a multi-pixel group."
e8f6df9e.json,"The input 3x3 shape is extracted and reflected horizontally to create a pattern P'. This pattern P' is then tiled into specific 3x3 blocks of the 9x9 grid. The blocks chosen for tiling are those that correspond to the positions of the non-zero pixels in the original 3x3 input shape P, treating the 9x9 grid as a 3x3 grid of 3x3 blocks."
e7f27614.json,"Reflect the positions of all 3s across the horizontal center of the grid (new_row = height - 1 - old_row), then connect any pairs of 3s sharing the same row or column by filling the intervening cells with 8s."
e8cb89d7.json,Transpose the input grid and the red (2) shape; fill the empty spaces within the transposed shape's bounding box with azure (8).
e9533adf.json,"Extract the bounding box of non-background pixels (color 6). Apply a color mapping (6→0, 5→2, 3→3, 1→5, 2→6), then swap the mappings of the most frequent color (MFC) and the next most frequent color (NMFC) if the MFC is unique."
ea521428.json,Each contiguous block of color is shifted upwards by a number of rows equal to its own height.
e7f43f17.json,"Reflect the input objects (2s) across the line y=x (transpose the grid). Assign colors to the resulting connected components based on their size: size ≥ 4 = color 1, size 3 = color 2, and size 2 = color 3."
ea36cde1.json,"The output grid dimensions are the transpose of the input. Color 3 and color 2 are placed based on the input coordinates of color 8 and 2, shifted by a calculated offset to center the path. A right-angle path of color 8 connects color 3 and color 2."
eb3833be.json,Extract the top-left 3x3 quadrant of the central symmetric pattern and flip it vertically.
ecf6f92a.json,"Interior colors of the rectangle are moved to the four corners outside the rectangle: Bottom-Right moves to Top-Left (mapped to 2), Top-Left moves to Top-Right (shifted +2), Top-Right moves to Bottom-Right (mapped to 3), and Bottom-Left stays at Bottom-Left (mapped to the input border color). The border color is updated to 8."
ee2d2151.json,Connected components of 3s that form closed hollow rectangles are changed to 1s; all other components of 3s remain unchanged.
ed3a86a4.json,"The output row color is determined by the column index of the '5' in the input row. Column 1 maps to 3. If both Column 0 and 2 are present in the input, Column 0 maps to 5 and Column 2 maps to 2."
ed23aa49.json,"Flip the grid vertically and apply a color mapping: 1↔5, 3↔7, and a cycle 4→8→2→6→4."
ee67b53d.json,"Extract the 3x3 bounding box of non-zero cells, rotate it 180 degrees, and concatenate two copies of the resulting block horizontally."
f01b7e19.json,"Transpose the input grid. In the transposed grid, if a cell with color 2 (red) is adjacent to a cell with color 3 (green), replace the 3 with 8 (azure) and the 2 with 0 (black). All other colors remain unchanged."
f22b1670.json,"The input is split into a 4x4 shape template (top) and a 4x4 placement/color grid (bottom). The output is a 16x16 grid where the template is tiled at positions indicated by the placement grid, with the template's non-zero pixels colored by the corresponding color in the placement grid."
ee3cbec6.json,"The output grid is a 6x6 grid divided into four 3x3 quadrants. Each quadrant is derived from a corresponding 3x3 section of the pattern quadrant (PQ), transformed (mirrored or rotated), and colored according to the color quadrant (CQ)."
f36bcbf2.json,"Identify rectangles defined by color 2. For each rectangle, the four corners are colored 4 (yellow) and the interior is colored 2 (red). The first rectangle is positioned at its original top-left coordinates (1,0), and the second rectangle is positioned at its original top-left coordinates (5,5)."
f390a79b.json,"The grid is divided into 9 regions by green (color 3) lines. Each region is filled with a specific color based on its position: (0,1)=2, (1,0)=6, (1,1)=1, (1,2)=4, (2,1)=8, and others=0."
f37df485.json,"The input grid is divided into a 3x3 grid of 3x3 regions by azure (8) lines. A region (r, c) in the output grid is 1 if it contains a 6 at the relative position (r, c) within that region."
f46f5c64.json,"The input grid is divided into sections by zeros. In each section, the pattern of zeros forms a digit (0-9). The output grid is a smaller grid where each cell contains the digit formed by the corresponding section in the input."
f4d979d4.json,"Swap the first and last rows. For any column where the first and last rows of the input have the same non-zero value, fill that value in the corresponding column for all middle rows (Rows 1-8). All other middle cells are set to 0."
f503d949.json,"Identify the least frequent color (LFC) and the rows/columns where it appears at both boundaries. The output grid consists of a cross formed by the mirrored row index (MaxRow - InputRow) and the original column index, filled with the color (MaxColor - LFC)."
f563d9a8.json,"Identify all unique colors in the grid, count their occurrences, and list the colors in descending order of their pixel counts."
f5ba5511.json,"Each row of the input is transformed by concatenating its reverse with itself. The resulting rows are then arranged in a vertically mirrored sequence (T0, T1, T2, T2, T1, T0)."
f5d4e67b.json,"Transpose the input grid. Identify two colored points P1 and P2. Create two mirrored T-like shapes centered at C1 and C2 (where distance C1-C2 is 3 and P1-C1 = P2-C2). Each shape consists of a line from the point to the center, a perpendicular crossbar of length 5 at the center, and two extra points shifted one step toward the other center."
f674b886.json,"The input 13x9 grid is transformed into a 9x13 output grid. A 3x3 block from the top-left of the input is color-transformed and repeated in the output. The positions of these blocks in the output correspond to the positions of the blue pixels (1s) in the input grid, where the input area below row 3 is treated as a 3x3 grid of 3x3 blocks. An additional 3x3 block is always placed at the bottom-right (block index 2, 3). The color transformation for the 3x3 block is a mapping based on the input colors."
f7f37f6e.json,"The output grid is constructed by reversing the order of the input rows. For each output row, the non-zero color from the corresponding reversed input row is filled from its original column position to the end of the row."
f7ff49c5.json,"Background color 8 is replaced by 3. Magenta (6) objects are processed: borders remain magenta (6), and interiors are filled with yellow (4), unless the original interior was azure (8), in which case it remains azure (8)."
fa428ffe.json,"The output is a 2x2 tiling of a base block. For each row in the input, if it contains non-zero elements, the first non-zero element is kept and all other elements in that row are replaced by 4; otherwise, the row remains all zeros."
faad8954.json,"Rotate the shape 90 degrees counter-clockwise using the transformation (r, c) -> (6-c, r). The output color is the shape color if it is even, otherwise it is the anchor color. The anchor cell at (6, 0) is removed."
faf5cda6.json,"The pattern block P (non-zero, non-7 colors) is identified and transformed (rotated 180 degrees or flipped). This transformed block is then placed at positions derived from the blocks of 7s, typically by shifting the 7-blocks' coordinates or reflecting the pattern across them."
fb2a8aca.json,Identify the color forming a small contiguous object and extract the smallest bounding box containing all pixels of that color.
fb557d57.json,Identify the colors that appear with the maximum frequency in the input grid. Create an output grid where the height is equal to that maximum frequency and the width is equal to the number of colors sharing that frequency. Fill the columns of the output grid with these colors in the order they first appear in the input grid.
fb785435.json,Each cell in the 3x3 input grid is expanded into a 3x3 block of the same color in a 9x9 output grid.
fba1c022.json,The output grid dimensions are determined by the smallest object (block or intersection) by area in the input grid. The output color is a mapping based on the colors of that smallest object.
fc53b988.json,Identify all colors present in the input grid and list them in a 1x3 grid ordered by their pixel count in descending order.
fc5b861d.json,"Transpose the input grid into columns, apply a color mapping cycle (3→4, 4→8, 8→7, 7→3), and mirror each pixel's position across the center of the column (position i and 9-i)."
fd7a057a.json,"Mirror shapes across the vertical center line (x' = 9 - x), fill pixels from the mirrored coordinate to the shape's maximum mirrored x-coordinate, and apply a color cycle: Magenta (6) -> Green (3) -> Azure (8) -> Yellow (4) -> Magenta (6)."
fdce2d73.json,"Input outlines of sizes 3x3, 4x4, and 5x5 are mapped to specific output patterns: 3x3 becomes a 3x3 square with border 5 and center 6; 4x4 becomes a 5x5 square with border 5 and 3x3 center 8; 5x5 becomes a 4x4 square with border 5 and 2x2 center 7."
fdda8a06.json,"The output grid is a repeating 9x9 pattern derived from the input, where the pattern size is determined by the maximum value N=9 in the input grid. Each cell (row, col) in the 18x18 output is filled using the value at (row mod 9, col mod 9) from the base 9x9 block."
ffcc26d3.json,"Transpose the grid, replace color 6 with 2, and reverse the order of elements within each original row (which becomes the output column)."
f3aedc7e.json,"The input's gray points define a bounding box for a large rectangle of color C. The small rectangle of color C is centered within this large rectangle, and the gray points are repositioned to the midpoints of the large rectangle's outer edges."
f45d170f.json,"Map each non-zero cell (r, c) in the 10x10 input grid to a 4x4 block in a 20x20 output grid. The block indices are determined by Br = r / 2 and Bc = (9 - c) / 2, where the block is filled with the color of the input cell."
f4620e39.json,"The input grid is divided into monochromatic column blocks. The output is a transposition where these blocks become row blocks in reverse order. The colors are mapped to new values, and the positions of zeros in the input columns are converted into zero-lines (columns) within the corresponding output row blocks."
