New_Task_ID,Original_Task,Input_Transformation,Output_Transformation
238c8b7c,007bbfb7.json,rotate_90_ccw,rotate_90_ccw
82445574,017c7c7b.json,rotate_180,rotate_180
163c7823,025d127b.json,rotate_90_cw,rotate_90_cw
0756af10,0520fde7.json,rotate_180,rotate_180
a4a161fa,05f2a901.json,rotate_180,rotate_180
00807511,08ed6ac7.json,rotate_90_cw,rotate_90_cw
be1b8402,0962bcdd.json,rotate_90_cw,rotate_90_cw
4ee2b4a8,0a938d79.json,rotate_180,rotate_180
02b90a86,0b148d64.json,rotate_180,rotate_180
e883469c,0ca9ddb6.json,rotate_90_ccw,rotate_90_ccw
04597b99,0d3d703e.json,rotate_180,rotate_180
35b332f7,0dfd9992.json,rotate_90_ccw,rotate_90_ccw
9eefe943,1190e5a7.json,rotate_90_ccw,rotate_90_ccw
09981733,137eaa0f.json,rotate_180,rotate_180
7197204c,178fcbfb.json,rotate_90_ccw,rotate_90_ccw
ef567401,1b2d62fb.json,rotate_90_ccw,rotate_90_ccw
96d316f2,1bfc4729.json,rotate_180,rotate_180
493792f9,1c786137.json,rotate_90_cw,rotate_90_cw
ec3698a1,1caeab9d.json,rotate_90_ccw,rotate_90_ccw
a4417057,1cf80156.json,rotate_90_cw,rotate_90_cw
dd9ec3e9,1e0a9b12.json,rotate_90_ccw,rotate_90_ccw
b5abcfbb,1f642eb9.json,rotate_90_cw,rotate_90_cw
09b9795f,1f85a75f.json,rotate_90_cw,rotate_90_cw
d1a79d4b,1f876c06.json,rotate_180,rotate_180
aa8bb561,1fad071e.json,rotate_90_cw,rotate_90_cw
2292fb9d,2013d3e2.json,rotate_90_ccw,rotate_90_ccw
87a45f57,2204b7a8.json,rotate_180,rotate_180
39b7e4b1,22168020.json,rotate_180,rotate_180
75f446a6,2281f1f4.json,rotate_90_ccw,rotate_90_ccw
ecb1421d,228f6490.json,rotate_90_ccw,rotate_90_ccw
04d98714,22eb0ac0.json,rotate_90_ccw,rotate_90_ccw
48eb39da,23581191.json,rotate_90_ccw,rotate_90_ccw
de29ec27,239be575.json,rotate_180,rotate_180
85baebcd,23b5c85d.json,rotate_90_ccw,rotate_90_ccw
a756c68c,253bf280.json,rotate_90_ccw,rotate_90_ccw
9d2b43ef,25d487eb.json,rotate_90_ccw,rotate_90_ccw
d435182c,25d8a9c8.json,rotate_90_ccw,rotate_90_ccw
58794bb2,25ff71a9.json,rotate_90_cw,rotate_90_cw
c97485d7,272f95fa.json,rotate_180,rotate_180
1d21b5b8,27a28665.json,rotate_180,rotate_180
0e6ceb07,28bf18c6.json,rotate_180,rotate_180
99e90c97,29623171.json,rotate_90_cw,rotate_90_cw
c15c4380,29c11459.json,rotate_90_ccw,rotate_90_ccw
53c1e09c,29ec7d0e.json,rotate_90_cw,rotate_90_cw
f771a640,2c608aff.json,rotate_180,rotate_180
cdcbbfd9,2dc579da.json,rotate_90_ccw,rotate_90_ccw
408315cb,2dee498d.json,rotate_90_cw,rotate_90_cw
16ef6bfa,31aa019c.json,rotate_90_ccw,rotate_90_ccw
25a27b30,321b1fc6.json,rotate_90_cw,rotate_90_cw
e6102947,32597951.json,rotate_180,rotate_180
7c8440dd,3618c87e.json,rotate_180,rotate_180
a09ab1fa,363442ee.json,rotate_90_ccw,rotate_90_ccw
7b0c415b,3906de3d.json,rotate_90_ccw,rotate_90_ccw
4b7dd454,3aa6fb7a.json,rotate_90_cw,rotate_90_cw
9b1de98b,3ac3eb23.json,rotate_180,rotate_180
4ac51377,3af2c5a8.json,rotate_90_cw,rotate_90_cw
20f82977,3bd67248.json,rotate_180,rotate_180
214b4258,3bdb4ada.json,rotate_90_cw,rotate_90_cw
f72c68ad,3c9b0459.json,rotate_90_ccw,rotate_90_ccw
a93d3407,3e980e27.json,rotate_90_ccw,rotate_90_ccw
87ec3b20,3f7978a0.json,rotate_90_ccw,rotate_90_ccw
380acd5a,40853293.json,rotate_90_cw,rotate_90_cw
e9053d88,41e4d17e.json,rotate_90_ccw,rotate_90_ccw
38beb89d,4258a5f9.json,rotate_90_cw,rotate_90_cw
fe7b6da0,4347f46a.json,rotate_180,rotate_180
8003e924,444801d8.json,rotate_180,rotate_180
4a3bd97c,445eab21.json,rotate_90_ccw,rotate_90_ccw
174cd76c,44d8ac46.json,rotate_90_cw,rotate_90_cw
d2ce64f3,44f52bb0.json,rotate_90_cw,rotate_90_cw
fdacdcf2,46f33fce.json,rotate_90_cw,rotate_90_cw
f0e04447,47c1f68c.json,rotate_90_ccw,rotate_90_ccw
468d8b02,48d8fb45.json,rotate_180,rotate_180
0abfe15d,4938f0c2.json,rotate_180,rotate_180
c0de4867,496994bd.json,rotate_90_cw,rotate_90_cw
3dac118e,49d1d64f.json,rotate_90_ccw,rotate_90_ccw
cc8a7f53,4be741c5.json,rotate_90_cw,rotate_90_cw
20f8d26a,4c4377d9.json,rotate_90_ccw,rotate_90_ccw
e18292fb,508bd3b6.json,rotate_90_ccw,rotate_90_ccw
71793261,50cb2852.json,rotate_90_cw,rotate_90_cw
9d38ac8a,5117e062.json,rotate_90_ccw,rotate_90_ccw
abd8c46e,5168d44c.json,rotate_90_cw,rotate_90_cw
3486a336,53b68214.json,rotate_180,rotate_180
567ff641,543a7ed5.json,rotate_90_ccw,rotate_90_ccw
3203a1c6,54d82841.json,rotate_180,rotate_180
e7cf5ecd,54d9e175.json,rotate_90_ccw,rotate_90_ccw
f7ae7172,5521c0d9.json,rotate_180,rotate_180
7775a5e9,5582e5ca.json,rotate_90_cw,rotate_90_cw
89706a32,5614dbcf.json,rotate_90_cw,rotate_90_cw
1bdda14c,56dc2b01.json,rotate_90_ccw,rotate_90_ccw
bc68c234,56ff96f3.json,rotate_180,rotate_180
7a11b7c2,5bd6f4ac.json,rotate_90_ccw,rotate_90_ccw
52b0850d,5c0a986e.json,rotate_90_ccw,rotate_90_ccw
cb3834ff,60b61512.json,rotate_180,rotate_180
4d88898d,6150a2bd.json,rotate_90_ccw,rotate_90_ccw
bb7d2d7b,62c24649.json,rotate_90_ccw,rotate_90_ccw
0c869943,63613498.json,rotate_90_cw,rotate_90_cw
576cbf07,6430c8c4.json,rotate_90_cw,rotate_90_cw
9759de88,6455b5f5.json,rotate_90_cw,rotate_90_cw
bcd077e4,67385a82.json,rotate_180,rotate_180
3cbf5322,673ef223.json,rotate_90_cw,rotate_90_cw
af70406e,6773b310.json,rotate_90_cw,rotate_90_cw
9e5e42e4,67a3c6ac.json,rotate_90_ccw,rotate_90_ccw
7c09e89f,67a423a3.json,rotate_90_cw,rotate_90_cw
d4c70f8e,67e8384a.json,rotate_180,rotate_180
29f9a0cc,68b16354.json,rotate_180,rotate_180
7033729a,6b9890af.json,rotate_180,rotate_180
3ba748e3,6c434453.json,rotate_90_cw,rotate_90_cw
ceb011d3,6cdd2623.json,rotate_180,rotate_180
d4e4f8f0,6d0160f0.json,rotate_180,rotate_180
1bafbe53,6d0aefbc.json,rotate_180,rotate_180
cd59d4bd,6d75e8bb.json,rotate_90_cw,rotate_90_cw
0fc34bbe,6e02f1e3.json,rotate_90_ccw,rotate_90_ccw
6249c5ae,6e82a1ae.json,rotate_180,rotate_180
f28ea884,6ecd11f4.json,rotate_90_cw,rotate_90_cw
5dd4e8cf,6f8cd79b.json,rotate_180,rotate_180
562386ab,6fa7a44f.json,rotate_90_cw,rotate_90_cw
cc6fbdc1,7468f01a.json,rotate_180,rotate_180
317a76d4,746b3537.json,rotate_90_cw,rotate_90_cw
5d54957f,74dd1130.json,rotate_90_cw,rotate_90_cw
8300b86e,75b8110e.json,rotate_90_ccw,rotate_90_ccw
29757882,760b3cac.json,rotate_90_ccw,rotate_90_ccw
92cad2f0,77fdfe62.json,rotate_90_cw,rotate_90_cw
bf1e9dcd,780d0b14.json,rotate_90_cw,rotate_90_cw
fdad49aa,794b24be.json,rotate_90_cw,rotate_90_cw
97fd259e,7b7f7511.json,rotate_90_ccw,rotate_90_ccw
2562e1db,7e0986d6.json,rotate_90_ccw,rotate_90_ccw
e2b96be6,7f4411dc.json,rotate_90_ccw,rotate_90_ccw
fecead08,7fe24cdd.json,rotate_180,rotate_180
2f26ec4d,810b9b61.json,rotate_90_ccw,rotate_90_ccw
d530d5ae,82819916.json,rotate_180,rotate_180
2b528e87,834ec97d.json,rotate_180,rotate_180
76d0e2a6,8403a5d5.json,rotate_90_cw,rotate_90_cw
36e1377b,855e0971.json,rotate_90_ccw,rotate_90_ccw
4d0221dd,85c4e7cd.json,rotate_90_cw,rotate_90_cw
1f935240,868de0fa.json,rotate_90_cw,rotate_90_cw
f7cb8069,8731374e.json,rotate_180,rotate_180
b8b98e41,88a10436.json,rotate_90_ccw,rotate_90_ccw
fbda21b5,88a62173.json,rotate_90_ccw,rotate_90_ccw
4546333b,8be77c9e.json,rotate_180,rotate_180
36114a09,8d5021e8.json,rotate_90_cw,rotate_90_cw
c1cd215f,8e1813be.json,rotate_180,rotate_180
460283ca,8e5a5113.json,rotate_90_ccw,rotate_90_ccw
89373d1d,8eb1be9a.json,rotate_90_cw,rotate_90_cw
58c4f008,8efcae92.json,rotate_90_cw,rotate_90_cw
da1eed5d,90c28cc7.json,rotate_90_cw,rotate_90_cw
6ccc518a,90f3ed37.json,rotate_90_ccw,rotate_90_ccw
4c0ec65b,913fb3ed.json,rotate_180,rotate_180
c2967c0d,91714a58.json,rotate_90_ccw,rotate_90_ccw
b8d2ecf2,9172f3a0.json,rotate_180,rotate_180
9a524d79,928ad970.json,rotate_90_cw,rotate_90_cw
dbd5a233,941d9a10.json,rotate_180,rotate_180
6fd278d2,94f9d214.json,rotate_90_cw,rotate_90_cw
f9ae216c,952a094c.json,rotate_90_cw,rotate_90_cw
bb7d00ae,9565186b.json,rotate_180,rotate_180
dcd22f73,97999447.json,rotate_180,rotate_180
0d3a8861,98cf29f8.json,rotate_180,rotate_180
950f8c4c,99b1bc43.json,rotate_90_ccw,rotate_90_ccw
11fd03a7,99fa7670.json,rotate_90_cw,rotate_90_cw
75b64d66,9af7a82c.json,rotate_180,rotate_180
a673e0f8,9dfd6313.json,rotate_90_ccw,rotate_90_ccw
fa470776,9ecd008a.json,rotate_90_ccw,rotate_90_ccw
30864783,9f236235.json,rotate_90_cw,rotate_90_cw
b30532ae,a1570a43.json,rotate_90_cw,rotate_90_cw
4a9b886e,a2fd1cf0.json,rotate_180,rotate_180
c6f78790,a3325580.json,rotate_90_cw,rotate_90_cw
a2f1da45,a3df8b1e.json,rotate_180,rotate_180
67a8423d,a416b8f3.json,rotate_180,rotate_180
7f9bb7ff,a48eeaf7.json,rotate_90_cw,rotate_90_cw
123ba31f,a5313dff.json,rotate_90_ccw,rotate_90_ccw
6c75bcb3,a5f85a15.json,rotate_90_cw,rotate_90_cw
c1d6a92f,a65b410d.json,rotate_90_ccw,rotate_90_ccw
9cb885a6,a68b268e.json,rotate_180,rotate_180
473142a6,a699fb00.json,rotate_180,rotate_180
d09b38c0,a740d043.json,rotate_180,rotate_180
b8a2a2ff,a79310a0.json,rotate_90_cw,rotate_90_cw
95e73708,a85d4709.json,rotate_180,rotate_180
6119ce0d,a87f7484.json,rotate_180,rotate_180
277223f1,a9f96cdd.json,rotate_90_cw,rotate_90_cw
e8f5b909,aabf363d.json,rotate_90_cw,rotate_90_cw
263f3e03,ac0a08a4.json,rotate_180,rotate_180
95bbcdfd,ae3edfdc.json,rotate_90_ccw,rotate_90_ccw
71de2313,ae4f1146.json,rotate_90_cw,rotate_90_cw
be398e7c,aedd82e4.json,rotate_180,rotate_180
26c236bf,b0c4d837.json,rotate_180,rotate_180
fbe1de41,b1948b0a.json,rotate_180,rotate_180
0345c497,b230c067.json,rotate_90_ccw,rotate_90_ccw
f9d611a2,b548a754.json,rotate_90_ccw,rotate_90_ccw
c2777032,b60334d2.json,rotate_90_ccw,rotate_90_ccw
abde731b,b6afb2da.json,rotate_90_cw,rotate_90_cw
51fb1910,b8825c91.json,rotate_90_cw,rotate_90_cw
dbf9463b,b8cdaf2b.json,rotate_90_ccw,rotate_90_ccw
7cb344fa,b91ae062.json,rotate_90_ccw,rotate_90_ccw
b70faf83,b94a9452.json,rotate_90_ccw,rotate_90_ccw
84e110a9,b9b7f026.json,rotate_90_ccw,rotate_90_ccw
d9f009f9,ba26e723.json,rotate_90_cw,rotate_90_cw
11e1baac,bb43febb.json,rotate_90_ccw,rotate_90_ccw
3ec35c98,bbc9ae5d.json,rotate_90_ccw,rotate_90_ccw
86cca9a4,bc1d5164.json,rotate_90_cw,rotate_90_cw
d50a6f8d,bd4472b8.json,rotate_90_cw,rotate_90_cw
20b14782,bda2d7a6.json,rotate_90_ccw,rotate_90_ccw
ea2e04a0,bdad9b1f.json,rotate_90_cw,rotate_90_cw
9827bfbe,be94b721.json,rotate_90_cw,rotate_90_cw
f1acd6b8,beb8660c.json,rotate_90_cw,rotate_90_cw
57e43151,c0f76784.json,rotate_90_cw,rotate_90_cw
9c58157c,c1d99e64.json,rotate_90_cw,rotate_90_cw
d50db1c5,c3e719e8.json,rotate_90_ccw,rotate_90_ccw
689e9d20,c3f564a4.json,rotate_90_ccw,rotate_90_ccw
cf9c6160,c59eb873.json,rotate_90_cw,rotate_90_cw
62689d91,c8f0f002.json,rotate_90_ccw,rotate_90_ccw
ef1a0e84,c9e6f938.json,rotate_90_ccw,rotate_90_ccw
33d55708,c9f8e694.json,rotate_180,rotate_180
187dee18,cbded52d.json,rotate_90_cw,rotate_90_cw
9189b098,cce03e0d.json,rotate_90_ccw,rotate_90_ccw
f5b0ff74,cdecee7f.json,rotate_90_cw,rotate_90_cw
b965e19e,ce22a75a.json,rotate_90_ccw,rotate_90_ccw
57dce4da,ce4f8723.json,rotate_90_cw,rotate_90_cw
df985d6b,ce9e57f2.json,rotate_180,rotate_180
3a2286db,cf98881b.json,rotate_180,rotate_180
c1c01c90,d037b0a7.json,rotate_180,rotate_180
9f637f81,d0f5fe59.json,rotate_180,rotate_180
2c4e4720,d10ecb37.json,rotate_180,rotate_180
52491077,d13f3404.json,rotate_180,rotate_180
67b92bc2,d23f8c26.json,rotate_90_ccw,rotate_90_ccw
44620949,d43fd935.json,rotate_90_cw,rotate_90_cw
22d03499,d4469b4b.json,rotate_90_ccw,rotate_90_ccw
bb1a16d1,d4a91cb9.json,rotate_180,rotate_180
1f65e5a1,d4f3cd78.json,rotate_90_cw,rotate_90_cw
66e04a5d,d511f180.json,rotate_90_cw,rotate_90_cw
b2f174e7,d5d6de2d.json,rotate_90_cw,rotate_90_cw
33816d02,d631b094.json,rotate_180,rotate_180
3cc40d38,d6ad076f.json,rotate_90_cw,rotate_90_cw
d82ba02c,d89b689b.json,rotate_90_cw,rotate_90_cw
5a2caad7,d8c310e9.json,rotate_90_ccw,rotate_90_ccw
c38789dd,d90796e8.json,rotate_180,rotate_180
d96d0707,d9fac9be.json,rotate_180,rotate_180
3126c7a6,dae9d2b5.json,rotate_180,rotate_180
173f4982,db3e9e38.json,rotate_90_ccw,rotate_90_ccw
f40cf652,dc1df850.json,rotate_180,rotate_180
433124d1,dc433765.json,rotate_90_cw,rotate_90_cw
e0d35ac7,ddf7fa4f.json,rotate_90_ccw,rotate_90_ccw
1f6d3ed6,de1cd16c.json,rotate_90_cw,rotate_90_cw
15fbef43,ded97339.json,rotate_180,rotate_180
c023b610,e179c5f4.json,rotate_180,rotate_180
9fde16ef,e21d9049.json,rotate_90_cw,rotate_90_cw
15628fa1,e26a3af2.json,rotate_90_cw,rotate_90_cw
c2b7da75,e3497940.json,rotate_90_ccw,rotate_90_ccw
8fc6fa8e,e48d4e1a.json,rotate_90_ccw,rotate_90_ccw
6f7f6aea,e50d258f.json,rotate_90_ccw,rotate_90_ccw
4ecad724,e76a88a6.json,rotate_90_ccw,rotate_90_ccw
0cb2035d,e9614598.json,rotate_90_ccw,rotate_90_ccw
2b589513,e98196ab.json,rotate_90_cw,rotate_90_cw
5b966959,e9afcf9a.json,rotate_90_ccw,rotate_90_ccw
d102533b,ea32f347.json,rotate_90_ccw,rotate_90_ccw
a08f4a56,ea786f4a.json,rotate_180,rotate_180
beeeabad,eb281b96.json,rotate_180,rotate_180
2b2297a9,eb5a1d5d.json,rotate_90_cw,rotate_90_cw
936233c9,ef135b50.json,rotate_180,rotate_180
54da9170,f1cefba8.json,rotate_180,rotate_180
76429cbd,f25fbde4.json,rotate_180,rotate_180
544c86fb,f25ffba3.json,rotate_90_ccw,rotate_90_ccw
918ad16a,f5b8619d.json,rotate_180,rotate_180
b4acdc73,f76d97a5.json,rotate_90_cw,rotate_90_cw
6b7402d8,f8b3ba0a.json,rotate_90_ccw,rotate_90_ccw
9b527950,f8ff0b80.json,rotate_90_ccw,rotate_90_ccw
30aefb06,f9012d9b.json,rotate_90_ccw,rotate_90_ccw
b52c30f7,fafffa47.json,rotate_90_ccw,rotate_90_ccw
59f53d77,fcb5c309.json,rotate_180,rotate_180
d4aba306,fcc82909.json,rotate_180,rotate_180
1e426b95,feca6190.json,rotate_180,rotate_180
9d3dca02,ff28f65a.json,rotate_180,rotate_180
505328e6,007bbfb7.json,reflect_vertical,reflect_vertical
cc789ca7,017c7c7b.json,reflect_vertical,reflect_vertical
a41aec0c,025d127b.json,reflect_horizontal,reflect_horizontal
2d17a4a0,0520fde7.json,reflect_vertical,reflect_vertical
f49b9f90,05f2a901.json,reflect_horizontal,reflect_horizontal
63aaf2ce,08ed6ac7.json,reflect_horizontal,reflect_horizontal
95bf3196,0962bcdd.json,reflect_horizontal,reflect_horizontal
23308f51,0a938d79.json,reflect_horizontal,reflect_horizontal
e078d170,0b148d64.json,reflect_horizontal,reflect_horizontal
f3ee87ae,0ca9ddb6.json,reflect_horizontal,reflect_horizontal
1e8ee3d6,0d3d703e.json,reflect_vertical,reflect_vertical
308a2424,0dfd9992.json,reflect_horizontal,reflect_horizontal
7d3d6bd5,1190e5a7.json,reflect_vertical,reflect_vertical
f3438255,137eaa0f.json,reflect_vertical,reflect_vertical
df148b4b,178fcbfb.json,reflect_vertical,reflect_vertical
8f372d25,1b2d62fb.json,reflect_horizontal,reflect_horizontal
1c76d410,1bfc4729.json,reflect_horizontal,reflect_horizontal
3df0049f,1c786137.json,reflect_horizontal,reflect_horizontal
a71f81f2,1caeab9d.json,reflect_vertical,reflect_vertical
1ff5d68e,1cf80156.json,reflect_horizontal,reflect_horizontal
acf19f2e,1e0a9b12.json,reflect_vertical,reflect_vertical
977ac774,1f642eb9.json,reflect_vertical,reflect_vertical
7445d489,1f85a75f.json,reflect_horizontal,reflect_horizontal
a72f549c,1f876c06.json,reflect_vertical,reflect_vertical
04067399,1fad071e.json,reflect_vertical,reflect_vertical
7a9802c0,2013d3e2.json,reflect_horizontal,reflect_horizontal
d946a20c,2204b7a8.json,reflect_vertical,reflect_vertical
b5b712fe,22168020.json,reflect_horizontal,reflect_horizontal
613c977d,2281f1f4.json,reflect_vertical,reflect_vertical
df206108,228f6490.json,reflect_vertical,reflect_vertical
dd43dfad,22eb0ac0.json,reflect_vertical,reflect_vertical
14143353,23581191.json,reflect_horizontal,reflect_horizontal
7fbf585b,239be575.json,reflect_horizontal,reflect_horizontal
33332f29,23b5c85d.json,reflect_horizontal,reflect_horizontal
3bb0981f,253bf280.json,reflect_vertical,reflect_vertical
f14c68b8,25d487eb.json,reflect_vertical,reflect_vertical
f9beb7e5,25d8a9c8.json,reflect_vertical,reflect_vertical
622c84c8,25ff71a9.json,reflect_horizontal,reflect_horizontal
ef3af90a,272f95fa.json,reflect_horizontal,reflect_horizontal
d33025f2,27a28665.json,reflect_vertical,reflect_vertical
eea8ddd6,28bf18c6.json,reflect_vertical,reflect_vertical
42659e50,29623171.json,reflect_horizontal,reflect_horizontal
2765ffdf,29c11459.json,reflect_horizontal,reflect_horizontal
4c011460,29ec7d0e.json,reflect_horizontal,reflect_horizontal
513e24d3,2c608aff.json,reflect_horizontal,reflect_horizontal
79e43ba7,2dc579da.json,reflect_vertical,reflect_vertical
fbc196cf,2dee498d.json,reflect_horizontal,reflect_horizontal
b2fab35e,31aa019c.json,reflect_vertical,reflect_vertical
5c2545bc,321b1fc6.json,reflect_horizontal,reflect_horizontal
91eccb59,32597951.json,reflect_horizontal,reflect_horizontal
0dba2882,3618c87e.json,reflect_horizontal,reflect_horizontal
279778ba,363442ee.json,reflect_horizontal,reflect_horizontal
2744ce4d,3906de3d.json,reflect_vertical,reflect_vertical
ca726edf,3aa6fb7a.json,reflect_horizontal,reflect_horizontal
51c9e1ec,3ac3eb23.json,reflect_horizontal,reflect_horizontal
7c5d0c3f,3af2c5a8.json,reflect_horizontal,reflect_horizontal
578a394e,3bd67248.json,reflect_vertical,reflect_vertical
584eee43,3bdb4ada.json,reflect_vertical,reflect_vertical
ab8a6001,3c9b0459.json,reflect_horizontal,reflect_horizontal
ee76a098,3e980e27.json,reflect_vertical,reflect_vertical
04e656f5,3f7978a0.json,reflect_horizontal,reflect_horizontal
792503f2,40853293.json,reflect_horizontal,reflect_horizontal
a1ab7be3,41e4d17e.json,reflect_vertical,reflect_vertical
43fe9187,4258a5f9.json,reflect_horizontal,reflect_horizontal
d799bb84,4347f46a.json,reflect_vertical,reflect_vertical
f4c8ccf0,444801d8.json,reflect_vertical,reflect_vertical
277c93c2,445eab21.json,reflect_horizontal,reflect_horizontal
d56f2585,44d8ac46.json,reflect_horizontal,reflect_horizontal
e57b2522,44f52bb0.json,reflect_vertical,reflect_vertical
0904be99,46f33fce.json,reflect_horizontal,reflect_horizontal
490c5c60,47c1f68c.json,reflect_vertical,reflect_vertical
a2f6696f,48d8fb45.json,reflect_vertical,reflect_vertical
fcb2ddf3,4938f0c2.json,reflect_horizontal,reflect_horizontal
468386fd,496994bd.json,reflect_vertical,reflect_vertical
67e40f18,49d1d64f.json,reflect_horizontal,reflect_horizontal
09e07b65,4be741c5.json,reflect_vertical,reflect_vertical
0116d3c1,4c4377d9.json,reflect_vertical,reflect_vertical
83e4df9e,508bd3b6.json,reflect_horizontal,reflect_horizontal
394a0756,50cb2852.json,reflect_vertical,reflect_vertical
125edfe2,5117e062.json,reflect_horizontal,reflect_horizontal
ace0bc7f,5168d44c.json,reflect_horizontal,reflect_horizontal
5629197e,53b68214.json,reflect_horizontal,reflect_horizontal
4833ba1f,543a7ed5.json,reflect_vertical,reflect_vertical
1b1095a8,54d82841.json,reflect_horizontal,reflect_horizontal
7919ffeb,54d9e175.json,reflect_horizontal,reflect_horizontal
fdca53e7,5521c0d9.json,reflect_vertical,reflect_vertical
103797d9,5582e5ca.json,reflect_horizontal,reflect_horizontal
5f136d0e,5614dbcf.json,reflect_vertical,reflect_vertical
a58e4d07,56dc2b01.json,reflect_vertical,reflect_vertical
0bd9f1d0,56ff96f3.json,reflect_vertical,reflect_vertical
bda58440,5bd6f4ac.json,reflect_horizontal,reflect_horizontal
90f5da7e,5c0a986e.json,reflect_horizontal,reflect_horizontal
dfb57fda,60b61512.json,reflect_horizontal,reflect_horizontal
8d45d79c,6150a2bd.json,reflect_vertical,reflect_vertical
c4d4577c,62c24649.json,reflect_vertical,reflect_vertical
1b40be75,63613498.json,reflect_horizontal,reflect_horizontal
62705c1e,6430c8c4.json,reflect_vertical,reflect_vertical
dee8103d,6455b5f5.json,reflect_horizontal,reflect_horizontal
19e94f32,67385a82.json,reflect_vertical,reflect_vertical
c83c97ec,673ef223.json,reflect_horizontal,reflect_horizontal
be5e9957,6773b310.json,reflect_vertical,reflect_vertical
25d3373d,67a3c6ac.json,reflect_vertical,reflect_vertical
bfed2960,67a423a3.json,reflect_vertical,reflect_vertical
c46a4931,67e8384a.json,reflect_horizontal,reflect_horizontal
30c34ffd,68b16354.json,reflect_horizontal,reflect_horizontal
d31717a1,6b9890af.json,reflect_vertical,reflect_vertical
f461b45d,6c434453.json,reflect_vertical,reflect_vertical
8e927d20,6cdd2623.json,reflect_horizontal,reflect_horizontal
79cf39b1,6d0160f0.json,reflect_vertical,reflect_vertical
9a987638,6d0aefbc.json,reflect_vertical,reflect_vertical
8395375d,6d75e8bb.json,reflect_vertical,reflect_vertical
f9109493,6e02f1e3.json,reflect_vertical,reflect_vertical
297f3784,6e82a1ae.json,reflect_horizontal,reflect_horizontal
ee58af15,6ecd11f4.json,reflect_vertical,reflect_vertical
68924e68,6f8cd79b.json,reflect_horizontal,reflect_horizontal
97275317,6fa7a44f.json,reflect_horizontal,reflect_horizontal
32d2e658,7468f01a.json,reflect_horizontal,reflect_horizontal
d65c2055,746b3537.json,reflect_horizontal,reflect_horizontal
9df6d7df,74dd1130.json,reflect_horizontal,reflect_horizontal
e7263471,75b8110e.json,reflect_horizontal,reflect_horizontal
2247228c,760b3cac.json,reflect_horizontal,reflect_horizontal
5861bad6,77fdfe62.json,reflect_vertical,reflect_vertical
0eede98b,780d0b14.json,reflect_horizontal,reflect_horizontal
78c24a43,794b24be.json,reflect_horizontal,reflect_horizontal
59182248,7b7f7511.json,reflect_horizontal,reflect_horizontal
9cfc07d0,7e0986d6.json,reflect_vertical,reflect_vertical
a50d7c10,7f4411dc.json,reflect_vertical,reflect_vertical
32e07bbb,7fe24cdd.json,reflect_vertical,reflect_vertical
d1a97e06,810b9b61.json,reflect_vertical,reflect_vertical
3ce8e416,82819916.json,reflect_vertical,reflect_vertical
f027dfbe,834ec97d.json,reflect_vertical,reflect_vertical
8f8d8555,8403a5d5.json,reflect_vertical,reflect_vertical
236e8d41,855e0971.json,reflect_vertical,reflect_vertical
1a74a195,85c4e7cd.json,reflect_horizontal,reflect_horizontal
ed91aa22,868de0fa.json,reflect_horizontal,reflect_horizontal
a8cf24da,8731374e.json,reflect_vertical,reflect_vertical
cb77d8dc,88a10436.json,reflect_horizontal,reflect_horizontal
9c2a7558,88a62173.json,reflect_vertical,reflect_vertical
a5b75392,8be77c9e.json,reflect_horizontal,reflect_horizontal
41415157,8d5021e8.json,reflect_horizontal,reflect_horizontal
0a981f14,8e1813be.json,reflect_horizontal,reflect_horizontal
848e0e1e,8e5a5113.json,reflect_vertical,reflect_vertical
bf87fadf,8eb1be9a.json,reflect_horizontal,reflect_horizontal
24bef2c2,8efcae92.json,reflect_horizontal,reflect_horizontal
d9db4161,90c28cc7.json,reflect_vertical,reflect_vertical
dab615f3,90f3ed37.json,reflect_vertical,reflect_vertical
3e562f0e,913fb3ed.json,reflect_vertical,reflect_vertical
0c983780,91714a58.json,reflect_horizontal,reflect_horizontal
ebe22680,9172f3a0.json,reflect_vertical,reflect_vertical
5a0d02dd,928ad970.json,reflect_horizontal,reflect_horizontal
64402ae2,941d9a10.json,reflect_horizontal,reflect_horizontal
81c9d535,94f9d214.json,reflect_vertical,reflect_vertical
3a2975f5,952a094c.json,reflect_vertical,reflect_vertical
6f549fab,9565186b.json,reflect_horizontal,reflect_horizontal
694381e2,97999447.json,reflect_vertical,reflect_vertical
10187f18,98cf29f8.json,reflect_horizontal,reflect_horizontal
697c9109,99b1bc43.json,reflect_vertical,reflect_vertical
c238ffc2,99fa7670.json,reflect_horizontal,reflect_horizontal
4f405234,9af7a82c.json,reflect_vertical,reflect_vertical
3f8d5042,9dfd6313.json,reflect_vertical,reflect_vertical
cff41e70,9ecd008a.json,reflect_vertical,reflect_vertical
2dbb265d,9f236235.json,reflect_horizontal,reflect_horizontal
045e133c,a1570a43.json,reflect_vertical,reflect_vertical
e42b3a59,a2fd1cf0.json,reflect_vertical,reflect_vertical
ccaa13e4,a3325580.json,reflect_horizontal,reflect_horizontal
864ac498,a3df8b1e.json,reflect_horizontal,reflect_horizontal
52cd21b5,a416b8f3.json,reflect_vertical,reflect_vertical
8691e4f7,a48eeaf7.json,reflect_vertical,reflect_vertical
521a246d,a5313dff.json,reflect_vertical,reflect_vertical
2089f173,a5f85a15.json,reflect_vertical,reflect_vertical
3e4e51fb,a65b410d.json,reflect_vertical,reflect_vertical
95720a7a,a68b268e.json,reflect_horizontal,reflect_horizontal
c3059bba,a699fb00.json,reflect_horizontal,reflect_horizontal
ea02a2bc,a740d043.json,reflect_horizontal,reflect_horizontal
4d14b429,a79310a0.json,reflect_horizontal,reflect_horizontal
42399cfb,a85d4709.json,reflect_horizontal,reflect_horizontal
352947b3,a87f7484.json,reflect_horizontal,reflect_horizontal
767c24b5,a9f96cdd.json,reflect_horizontal,reflect_horizontal
ba4ccb4e,aabf363d.json,reflect_horizontal,reflect_horizontal
44e610d9,ac0a08a4.json,reflect_vertical,reflect_vertical
0d3c0c49,ae3edfdc.json,reflect_vertical,reflect_vertical
6606ee9c,ae4f1146.json,reflect_horizontal,reflect_horizontal
6ccad2f0,aedd82e4.json,reflect_horizontal,reflect_horizontal
0c0bd8b4,b0c4d837.json,reflect_vertical,reflect_vertical
2ac102d1,b1948b0a.json,reflect_horizontal,reflect_horizontal
a7b29541,b230c067.json,reflect_vertical,reflect_vertical
c77eca62,b548a754.json,reflect_horizontal,reflect_horizontal
eb4d2c2c,b60334d2.json,reflect_vertical,reflect_vertical
04e34e19,b6afb2da.json,reflect_vertical,reflect_vertical
251810be,b8825c91.json,reflect_vertical,reflect_vertical
6e56d5ce,b8cdaf2b.json,reflect_vertical,reflect_vertical
6d6ffc51,b91ae062.json,reflect_vertical,reflect_vertical
3b036b2b,b94a9452.json,reflect_vertical,reflect_vertical
4edd5138,b9b7f026.json,reflect_vertical,reflect_vertical
db166b77,ba26e723.json,reflect_vertical,reflect_vertical
459ffbc5,bb43febb.json,reflect_horizontal,reflect_horizontal
c5001498,bbc9ae5d.json,reflect_vertical,reflect_vertical
0e368572,bc1d5164.json,reflect_vertical,reflect_vertical
6ed96413,bd4472b8.json,reflect_vertical,reflect_vertical
1ae63fb9,bda2d7a6.json,reflect_vertical,reflect_vertical
f81179d9,bdad9b1f.json,reflect_vertical,reflect_vertical
562bbee7,be94b721.json,reflect_horizontal,reflect_horizontal
969d6e2c,beb8660c.json,reflect_horizontal,reflect_horizontal
a707d1ce,c0f76784.json,reflect_vertical,reflect_vertical
3fa44027,c1d99e64.json,reflect_horizontal,reflect_horizontal
afb05240,c3e719e8.json,reflect_horizontal,reflect_horizontal
a8e4e8bd,c3f564a4.json,reflect_horizontal,reflect_horizontal
81797ffa,c59eb873.json,reflect_horizontal,reflect_horizontal
b70dc463,c8f0f002.json,reflect_vertical,reflect_vertical
88b1bde6,c9e6f938.json,reflect_horizontal,reflect_horizontal
5576c276,c9f8e694.json,reflect_vertical,reflect_vertical
bbfb4235,cbded52d.json,reflect_horizontal,reflect_horizontal
44de44c9,cce03e0d.json,reflect_horizontal,reflect_horizontal
16fb18ab,cdecee7f.json,reflect_horizontal,reflect_horizontal
88e0458f,ce22a75a.json,reflect_vertical,reflect_vertical
6c05ef07,ce4f8723.json,reflect_vertical,reflect_vertical
c6264a74,ce9e57f2.json,reflect_horizontal,reflect_horizontal
44ee9996,cf98881b.json,reflect_vertical,reflect_vertical
b4b94091,d037b0a7.json,reflect_horizontal,reflect_horizontal
78bc031d,d0f5fe59.json,reflect_horizontal,reflect_horizontal
32cdba4a,d10ecb37.json,reflect_vertical,reflect_vertical
c49fcd37,d13f3404.json,reflect_vertical,reflect_vertical
1c0a270d,d23f8c26.json,reflect_vertical,reflect_vertical
887da086,d43fd935.json,reflect_horizontal,reflect_horizontal
8e9e3c8f,d4469b4b.json,reflect_horizontal,reflect_horizontal
2a3ea837,d4a91cb9.json,reflect_vertical,reflect_vertical
732a6027,d4f3cd78.json,reflect_vertical,reflect_vertical
1c7bda91,d511f180.json,reflect_vertical,reflect_vertical
9a734fe7,d5d6de2d.json,reflect_vertical,reflect_vertical
6f98a014,d631b094.json,reflect_vertical,reflect_vertical
7d42b053,d6ad076f.json,reflect_vertical,reflect_vertical
769c7a1f,d89b689b.json,reflect_vertical,reflect_vertical
410a3da9,d8c310e9.json,reflect_vertical,reflect_vertical
7fa82b7e,d90796e8.json,reflect_horizontal,reflect_horizontal
2a117f56,d9fac9be.json,reflect_horizontal,reflect_horizontal
ff7059d9,dae9d2b5.json,reflect_vertical,reflect_vertical
a28c78a7,db3e9e38.json,reflect_vertical,reflect_vertical
e48544b5,dc1df850.json,reflect_vertical,reflect_vertical
f3c5ea95,dc433765.json,reflect_vertical,reflect_vertical
cf80a757,ddf7fa4f.json,reflect_horizontal,reflect_horizontal
05650ed9,de1cd16c.json,reflect_vertical,reflect_vertical
d3273c54,ded97339.json,reflect_vertical,reflect_vertical
253aa45d,e179c5f4.json,reflect_horizontal,reflect_horizontal
2ed2b4e6,e21d9049.json,reflect_horizontal,reflect_horizontal
6c52660b,e26a3af2.json,reflect_horizontal,reflect_horizontal
dd4ed7a1,e3497940.json,reflect_vertical,reflect_vertical
3bae05d5,e48d4e1a.json,reflect_vertical,reflect_vertical
eb5b83f2,e50d258f.json,reflect_horizontal,reflect_horizontal
8e8dec42,e76a88a6.json,reflect_vertical,reflect_vertical
16f28a3b,e9614598.json,reflect_horizontal,reflect_horizontal
7dd70e6f,e98196ab.json,reflect_horizontal,reflect_horizontal
9ceea0f6,e9afcf9a.json,reflect_vertical,reflect_vertical
86c1c4ae,ea32f347.json,reflect_horizontal,reflect_horizontal
3c33d9aa,ea786f4a.json,reflect_horizontal,reflect_horizontal
575493ba,eb281b96.json,reflect_horizontal,reflect_horizontal
7e17ed8a,eb5a1d5d.json,reflect_vertical,reflect_vertical
b6dc262b,ef135b50.json,reflect_horizontal,reflect_horizontal
50afc3d7,f1cefba8.json,reflect_vertical,reflect_vertical
251c0037,f25fbde4.json,reflect_vertical,reflect_vertical
dcc8870e,f25ffba3.json,reflect_horizontal,reflect_horizontal
06dc0331,f5b8619d.json,reflect_horizontal,reflect_horizontal
49d73f0a,f76d97a5.json,reflect_horizontal,reflect_horizontal
a2a7fca2,f8b3ba0a.json,reflect_horizontal,reflect_horizontal
02834e2f,f8ff0b80.json,reflect_vertical,reflect_vertical
45237ee8,f9012d9b.json,reflect_vertical,reflect_vertical
b77c571d,fafffa47.json,reflect_horizontal,reflect_horizontal
a2116812,fcb5c309.json,reflect_vertical,reflect_vertical
ca12e3ae,fcc82909.json,reflect_vertical,reflect_vertical
93b32800,feca6190.json,reflect_vertical,reflect_vertical
7803b0fb,ff28f65a.json,reflect_horizontal,reflect_horizontal
f02a2728,007bbfb7.json,"color_permute(2->7,6->2,7->6)","color_permute(2->7,6->2,7->6)"
0b8330e5,017c7c7b.json,"color_permute(0->1,1->0)","color_permute(0->1,1->0)"
2197502b,025d127b.json,"color_permute(2->6,6->2)","color_permute(2->6,6->2)"
b4654929,0520fde7.json,"color_permute(0->5,1->2,2->0,5->1)","color_permute(0->5,1->2,2->0,5->1)"
81b84afd,05f2a901.json,"color_permute(0->2,2->0)","color_permute(0->2,2->0)"
d92cbbe6,08ed6ac7.json,"color_permute(0->1,1->2,2->5,3->0,4->3,5->4)","color_permute(0->1,1->2,2->5,3->0,4->3,5->4)"
95c5ff3e,0962bcdd.json,"color_permute(2->3,3->6,4->2,6->4)","color_permute(2->3,3->6,4->2,6->4)"
2795eee7,0a938d79.json,"color_permute(0->1,1->8,4->0,8->4)","color_permute(0->1,1->8,4->0,8->4)"
96cf74f0,0b148d64.json,"color_permute(0->3,1->4,3->8,4->1,8->0)","color_permute(0->3,1->4,3->8,4->1,8->0)"
bb6b8a61,0ca9ddb6.json,"color_permute(0->8,1->4,4->1,6->0,8->6)","color_permute(0->8,1->4,4->1,6->0,8->6)"
74d89358,0d3d703e.json,"color_permute(1->8,2->3,3->9,5->6,6->5,8->2,9->1)","color_permute(1->8,2->3,3->9,5->6,6->5,8->2,9->1)"
74a43f5a,0dfd9992.json,"color_permute(1->8,3->4,4->9,5->3,6->1,7->5,8->7,9->6)","color_permute(1->8,3->4,4->9,5->3,6->1,7->5,8->7,9->6)"
82c1f0b2,1190e5a7.json,"color_permute(1->5,3->1,5->7,7->8,8->3)","color_permute(1->5,3->1,5->7,7->8,8->3)"
3b204477,137eaa0f.json,"color_permute(1->3,2->7,3->1,4->9,5->4,6->5,7->2,9->6)","color_permute(1->3,2->7,3->1,4->9,5->4,6->5,7->2,9->6)"
2315ec7c,178fcbfb.json,"color_permute(0->1,1->0,2->3,3->2)","color_permute(0->1,1->0,2->3,3->2)"
1d5c796e,1b2d62fb.json,"color_permute(0->1,1->0,8->9,9->8)","color_permute(0->1,1->0,8->9,9->8)"
d6a3fa22,1bfc4729.json,"color_permute(1->2,2->1,4->6,6->8,7->4,8->7)","color_permute(1->2,2->1,4->6,6->8,7->4,8->7)"
0a1d99df,1c786137.json,"color_permute(0->1,1->9,2->3,3->0,4->2,9->4)","color_permute(0->1,1->9,2->3,3->0,4->2,9->4)"
918186a6,1caeab9d.json,"color_permute(0->1,1->2,2->0)","color_permute(0->1,1->2,2->0)"
e7ef8eb7,1cf80156.json,"color_permute(0->1,1->2,2->0,6->8,8->6)","color_permute(0->1,1->2,2->0,6->8,8->6)"
12d9ac67,1e0a9b12.json,"color_permute(2->4,3->6,4->5,5->2,6->7,7->8,8->3)","color_permute(2->4,3->6,4->5,5->2,6->7,7->8,8->3)"
05e33f10,1f642eb9.json,"color_permute(1->9,3->6,4->8,6->7,7->1,8->4,9->3)","color_permute(1->9,3->6,4->8,6->7,7->1,8->4,9->3)"
fcbb1e8b,1f85a75f.json,"color_permute(1->8,2->1,4->5,5->4,8->2)","color_permute(1->8,2->1,4->5,5->4,8->2)"
2dd14567,1f876c06.json,"color_permute(0->9,2->6,3->2,4->7,6->4,7->3,8->0,9->8)","color_permute(0->9,2->6,3->2,4->7,6->4,7->3,8->0,9->8)"
73409b69,1fad071e.json,"color_permute(1->2,2->1)","color_permute(1->2,2->1)"
f4d1ed1b,2013d3e2.json,"color_permute(0->3,1->6,2->8,3->4,4->2,5->0,6->5,8->1)","color_permute(0->3,1->6,2->8,3->4,4->2,5->0,6->5,8->1)"
3f2b8510,2204b7a8.json,"color_permute(0->2,1->5,2->1,3->4,4->3,5->0,8->9,9->8)","color_permute(0->2,1->5,2->1,3->4,4->3,5->0,8->9,9->8)"
07442552,22168020.json,"color_permute(0->7,1->8,3->4,4->0,7->1,8->3)","color_permute(0->7,1->8,3->4,4->0,7->1,8->3)"
f6804beb,2281f1f4.json,"color_permute(0->5,5->0)","color_permute(0->5,5->0)"
723bd1e2,228f6490.json,"color_permute(0->8,2->6,4->5,5->7,6->9,7->4,8->0,9->2)","color_permute(0->8,2->6,4->5,5->7,6->9,7->4,8->0,9->2)"
f34ab6ee,22eb0ac0.json,"color_permute(0->5,1->4,2->9,3->8,4->6,5->0,6->1,8->2,9->3)","color_permute(0->5,1->4,2->9,3->8,4->6,5->0,6->1,8->2,9->3)"
ea4965e8,23581191.json,"color_permute(2->8,8->2)","color_permute(2->8,8->2)"
f1cac082,239be575.json,"color_permute(0->2,2->8,8->0)","color_permute(0->2,2->8,8->0)"
29165078,23b5c85d.json,"color_permute(0->2,1->7,2->3,3->0,6->8,7->1,8->6)","color_permute(0->2,1->7,2->3,3->0,6->8,7->1,8->6)"
45a83e53,253bf280.json,"color_permute(3->8,8->3)","color_permute(3->8,8->3)"
a666d4c7,25d487eb.json,"color_permute(3->8,8->3)","color_permute(3->8,8->3)"
8683c28e,25d8a9c8.json,"color_permute(1->7,2->3,3->9,4->8,5->1,6->5,7->6,8->4,9->2)","color_permute(1->7,2->3,3->9,4->8,5->1,6->5,7->6,8->4,9->2)"
0b89ad32,25ff71a9.json,"color_permute(0->2,2->0)","color_permute(0->2,2->0)"
b9f4d34a,272f95fa.json,"color_permute(1->6,2->3,3->2,6->8,8->1)","color_permute(1->6,2->3,3->2,6->8,8->1)"
d12f6c2e,27a28665.json,"color_permute(0->7,2->6,4->2,5->8,6->0,7->5,8->4)","color_permute(0->7,2->6,4->2,5->8,6->0,7->5,8->4)"
bc1cabab,28bf18c6.json,"color_permute(0->1,1->0,2->8,3->2,8->3)","color_permute(0->1,1->0,2->8,3->2,8->3)"
903c2ec3,29623171.json,"color_permute(1->2,2->4,3->5,4->1,5->3)","color_permute(1->2,2->4,3->5,4->1,5->3)"
ccc57838,29c11459.json,"color_permute(2->8,4->9,5->6,6->5,7->2,8->4,9->7)","color_permute(2->8,4->9,5->6,6->5,7->2,8->4,9->7)"
9d83316b,29ec7d0e.json,"color_permute(0->3,1->7,2->1,3->9,4->2,5->0,6->5,7->6,9->4)","color_permute(0->3,1->7,2->1,3->9,4->2,5->0,6->5,7->6,9->4)"
52212bb2,2c608aff.json,"color_permute(1->3,2->8,3->2,5->1,8->5)","color_permute(1->3,2->8,3->2,5->1,8->5)"
e31a730a,2dc579da.json,"color_permute(0->1,1->4,2->0,4->2)","color_permute(0->1,1->4,2->0,4->2)"
d6cc1307,2dee498d.json,"color_permute(0->2,1->5,2->1,4->0,5->4)","color_permute(0->2,1->5,2->1,4->0,5->4)"
98c9c241,31aa019c.json,"color_permute(0->4,1->7,2->9,3->2,4->6,5->8,6->1,7->3,8->5,9->0)","color_permute(0->4,1->7,2->9,3->2,4->6,5->8,6->1,7->3,8->5,9->0)"
4833c4e1,321b1fc6.json,"color_permute(3->8,4->7,6->3,7->4,8->6)","color_permute(3->8,4->7,6->3,7->4,8->6)"
8a015d7f,32597951.json,"color_permute(0->1,1->0)","color_permute(0->1,1->0)"
0a8bed1d,3618c87e.json,"color_permute(1->5,5->1)","color_permute(1->5,5->1)"
fff2aee8,363442ee.json,"color_permute(1->8,2->4,4->7,5->2,7->9,8->1,9->5)","color_permute(1->8,2->4,4->7,5->2,7->9,8->1,9->5)"
bcea91a7,3906de3d.json,"color_permute(0->1,1->2,2->0)","color_permute(0->1,1->2,2->0)"
15c75f13,3aa6fb7a.json,"color_permute(0->8,1->0,8->1)","color_permute(0->8,1->0,8->1)"
0424068e,3ac3eb23.json,"color_permute(0->3,2->4,3->7,4->2,6->8,7->6,8->0)","color_permute(0->3,2->4,3->7,4->2,6->8,7->6,8->0)"
80d4cd42,3af2c5a8.json,"color_permute(0->3,3->4,4->0)","color_permute(0->3,3->4,4->0)"
3322e9d3,3bd67248.json,"color_permute(0->2,2->3,3->6,4->5,5->8,6->4,8->0)","color_permute(0->2,2->3,3->6,4->5,5->8,6->4,8->0)"
6aadaabe,3bdb4ada.json,"color_permute(0->8,1->4,4->5,5->0,8->1)","color_permute(0->8,1->4,4->5,5->0,8->1)"
d321897a,3c9b0459.json,"color_permute(1->8,2->5,3->9,4->2,5->7,6->1,7->4,8->6,9->3)","color_permute(1->8,2->5,3->9,4->2,5->7,6->1,7->4,8->6,9->3)"
e04d8538,3e980e27.json,"color_permute(1->8,2->4,3->1,4->2,8->3)","color_permute(1->8,2->4,3->1,4->2,8->3)"
3bd134f6,3f7978a0.json,"color_permute(0->8,5->0,8->5)","color_permute(0->8,5->0,8->5)"
a7873aef,40853293.json,"color_permute(2->5,3->6,5->7,6->9,7->8,8->2,9->3)","color_permute(2->5,3->6,5->7,6->9,7->8,8->2,9->3)"
0e6078f0,41e4d17e.json,"color_permute(1->8,6->1,8->6)","color_permute(1->8,6->1,8->6)"
68518f4a,4258a5f9.json,"color_permute(0->5,1->0,5->1)","color_permute(0->5,1->0,5->1)"
5f10ae49,4347f46a.json,"color_permute(1->3,2->7,3->5,4->2,5->1,7->4)","color_permute(1->3,2->7,3->5,4->2,5->1,7->4)"
7bc3f55f,444801d8.json,"color_permute(0->1,1->0,2->4,3->8,4->7,6->3,7->2,8->6)","color_permute(0->1,1->0,2->4,3->8,4->7,6->3,7->2,8->6)"
4e2f010d,445eab21.json,"color_permute(0->8,2->6,3->2,6->3,7->9,8->0,9->7)","color_permute(0->8,2->6,3->2,6->3,7->9,8->0,9->7)"
4230a72c,44d8ac46.json,"color_permute(2->5,5->2)","color_permute(2->5,5->2)"
8ea1908a,44f52bb0.json,"color_permute(1->2,2->1)","color_permute(1->2,2->1)"
5d69b751,46f33fce.json,"color_permute(0->1,1->6,2->8,4->0,6->4,8->2)","color_permute(0->1,1->6,2->8,4->0,6->4,8->2)"
072e21f2,47c1f68c.json,"color_permute(1->3,3->8,4->1,8->4)","color_permute(1->3,3->8,4->1,8->4)"
55fb1557,48d8fb45.json,"color_permute(0->3,1->2,2->1,3->5,4->0,5->4)","color_permute(0->3,1->2,2->1,3->5,4->0,5->4)"
4adcc22d,4938f0c2.json,"color_permute(0->3,3->0)","color_permute(0->3,3->0)"
e184f2fc,496994bd.json,"color_permute(2->5,5->2)","color_permute(2->5,5->2)"
cbfb79a8,49d1d64f.json,"color_permute(0->8,1->0,2->1,8->2)","color_permute(0->8,1->0,2->1,8->2)"
dd71d945,4be741c5.json,"color_permute(1->2,2->6,3->1,4->3,5->4,6->5)","color_permute(1->2,2->6,3->1,4->3,5->4,6->5)"
f1e6bcc5,4c4377d9.json,"color_permute(1->5,3->4,4->9,5->1,9->3)","color_permute(1->5,3->4,4->9,5->1,9->3)"
ce1f620b,508bd3b6.json,"color_permute(0->8,2->3,3->0,8->2)","color_permute(0->8,2->3,3->0,8->2)"
718cff0d,50cb2852.json,"color_permute(0->3,1->2,2->8,3->0,8->1)","color_permute(0->3,1->2,2->8,3->0,8->1)"
afacfe0f,5117e062.json,"color_permute(0->2,1->3,2->6,3->8,6->7,7->0,8->1)","color_permute(0->2,1->3,2->6,3->8,6->7,7->0,8->1)"
8fa221f1,5168d44c.json,"color_permute(2->3,3->2)","color_permute(2->3,3->2)"
d98a910c,53b68214.json,"color_permute(2->8,3->6,6->3,8->2)","color_permute(2->8,3->6,6->3,8->2)"
a7658601,543a7ed5.json,"color_permute(3->6,4->3,6->8,8->4)","color_permute(3->6,4->3,6->8,8->4)"
71bc4bc6,54d82841.json,"color_permute(0->3,3->5,5->0,6->8,8->6)","color_permute(0->3,3->5,5->0,6->8,8->6)"
c285cb99,54d9e175.json,"color_permute(0->4,1->8,2->3,3->6,4->2,5->0,6->1,7->5,8->9,9->7)","color_permute(0->4,1->8,2->3,3->6,4->2,5->0,6->1,7->5,8->9,9->7)"
f8e9210f,5521c0d9.json,"color_permute(2->4,4->2)","color_permute(2->4,4->2)"
2e7f6630,5582e5ca.json,"color_permute(4->8,6->4,8->9,9->6)","color_permute(4->8,6->4,8->9,9->6)"
9b3fb108,5614dbcf.json,"color_permute(0->4,2->8,3->5,4->2,5->6,6->0,7->9,8->3,9->7)","color_permute(0->4,2->8,3->5,4->2,5->6,6->0,7->9,8->3,9->7)"
424585f8,56dc2b01.json,"color_permute(0->3,2->8,3->2,8->0)","color_permute(0->3,2->8,3->2,8->0)"
2719e5a8,56ff96f3.json,"color_permute(0->1,1->6,2->4,3->2,4->8,6->0,8->3)","color_permute(0->1,1->6,2->4,3->2,4->8,6->0,8->3)"
ebe6553c,5bd6f4ac.json,"color_permute(0->4,1->8,2->7,3->1,4->0,5->6,6->5,7->3,8->2)","color_permute(0->4,1->8,2->7,3->1,4->0,5->6,6->5,7->3,8->2)"
38c8d6ad,5c0a986e.json,"color_permute(1->2,2->1)","color_permute(1->2,2->1)"
28585c8d,60b61512.json,"color_permute(0->7,4->0,7->4)","color_permute(0->7,4->0,7->4)"
191c590b,6150a2bd.json,"color_permute(1->6,2->5,3->4,4->3,5->1,6->8,7->2,8->7)","color_permute(1->6,2->5,3->4,4->3,5->1,6->8,7->2,8->7)"
b8d7d408,62c24649.json,"color_permute(0->3,3->0)","color_permute(0->3,3->0)"
7824ee36,63613498.json,"color_permute(0->7,1->4,2->8,3->9,4->2,5->1,7->0,8->5,9->3)","color_permute(0->7,1->4,2->8,3->9,4->2,5->1,7->0,8->5,9->3)"
b1faafad,6430c8c4.json,"color_permute(2->7,4->2,7->4)","color_permute(2->7,4->2,7->4)"
218beea3,6455b5f5.json,"color_permute(0->8,1->0,8->1)","color_permute(0->8,1->0,8->1)"
b6b3a2cf,67385a82.json,"color_permute(3->8,8->3)","color_permute(3->8,8->3)"
9ff76ecf,673ef223.json,"color_permute(0->4,4->8,8->0)","color_permute(0->4,4->8,8->0)"
3f7aabe2,6773b310.json,"color_permute(6->8,8->6)","color_permute(6->8,8->6)"
0d04cd07,67a3c6ac.json,"color_permute(1->7,7->1)","color_permute(1->7,7->1)"
b3dd69db,67a423a3.json,"color_permute(0->9,1->6,2->1,3->8,4->2,5->0,6->4,8->3,9->5)","color_permute(0->9,1->6,2->1,3->8,4->2,5->0,6->4,8->3,9->5)"
7ef8c73a,67e8384a.json,"color_permute(1->8,2->6,3->1,4->2,5->4,6->7,7->3,8->5)","color_permute(1->8,2->6,3->1,4->2,5->4,6->7,7->3,8->5)"
e3aa98a2,68b16354.json,"color_permute(2->7,3->4,4->3,7->2)","color_permute(2->7,3->4,4->3,7->2)"
6d85c408,6b9890af.json,"color_permute(0->4,1->2,2->1,3->8,4->0,8->3)","color_permute(0->4,1->2,2->1,3->8,4->0,8->3)"
96ed6706,6c434453.json,"color_permute(0->1,1->2,2->0)","color_permute(0->1,1->2,2->0)"
80b02b16,6cdd2623.json,"color_permute(0->1,1->3,2->7,3->4,4->2,5->6,6->5,7->0)","color_permute(0->1,1->3,2->7,3->4,4->2,5->6,6->5,7->0)"
a1800987,6d0160f0.json,"color_permute(1->4,2->3,3->9,4->1,5->6,6->7,7->5,8->2,9->8)","color_permute(1->4,2->3,3->9,4->1,5->6,6->7,7->5,8->2,9->8)"
84b1209b,6d0aefbc.json,"color_permute(1->6,6->8,8->1)","color_permute(1->6,6->8,8->1)"
d72c03e0,6d75e8bb.json,"color_permute(0->2,2->8,8->0)","color_permute(0->2,2->8,8->0)"
1abad104,6e02f1e3.json,"color_permute(0->4,2->3,3->2,4->5,5->0)","color_permute(0->4,2->3,3->2,4->5,5->0)"
ebca1b5a,6e82a1ae.json,"color_permute(1->3,2->1,3->5,5->2)","color_permute(1->3,2->1,3->5,5->2)"
f7980255,6ecd11f4.json,"color_permute(0->4,1->3,2->7,3->8,4->9,5->0,6->1,7->5,8->2,9->6)","color_permute(0->4,1->3,2->7,3->8,4->9,5->0,6->1,7->5,8->2,9->6)"
cfe6b767,6f8cd79b.json,color_permute(8->6),color_permute(8->6)
848a89b9,6fa7a44f.json,"color_permute(1->8,2->4,4->1,5->9,6->2,7->6,8->5,9->7)","color_permute(1->8,2->4,4->1,5->9,6->2,7->6,8->5,9->7)"
c5f0e673,7468f01a.json,"color_permute(1->8,2->6,3->4,4->3,6->1,8->2)","color_permute(1->8,2->6,3->4,4->3,6->1,8->2)"
dc372746,746b3537.json,"color_permute(2->6,3->4,4->3,6->8,8->2)","color_permute(2->6,3->4,4->3,6->8,8->2)"
4e6364d1,74dd1130.json,"color_permute(1->6,2->5,4->2,5->8,6->1,8->9,9->4)","color_permute(1->6,2->5,4->2,5->8,6->1,8->9,9->4)"
4c3a472b,75b8110e.json,"color_permute(0->4,4->9,5->6,6->0,9->5)","color_permute(0->4,4->9,5->6,6->0,9->5)"
ce54772a,760b3cac.json,"color_permute(0->8,4->0,8->4)","color_permute(0->8,4->0,8->4)"
62ad9952,77fdfe62.json,"color_permute(0->9,2->7,3->6,4->5,5->4,6->2,7->3,9->0)","color_permute(0->9,2->7,3->6,4->5,5->4,6->2,7->3,9->0)"
c89bbf47,780d0b14.json,"color_permute(1->6,2->7,3->2,6->8,7->3,8->1)","color_permute(1->6,2->7,3->2,6->8,7->3,8->1)"
e59585dd,794b24be.json,"color_permute(1->2,2->1)","color_permute(1->2,2->1)"
8b138ada,7b7f7511.json,"color_permute(2->3,3->6,4->8,6->4,8->2)","color_permute(2->3,3->6,4->8,6->4,8->2)"
0f3001ec,7e0986d6.json,"color_permute(0->1,1->8,2->3,3->0,4->5,5->4,8->2)","color_permute(0->1,1->8,2->3,3->0,4->5,5->4,8->2)"
c1f30e40,7f4411dc.json,"color_permute(6->7,7->8,8->6)","color_permute(6->7,7->8,8->6)"
2cc89b42,7fe24cdd.json,"color_permute(2->8,5->2,6->5,8->6)","color_permute(2->8,5->2,6->5,8->6)"
1a300bc8,810b9b61.json,"color_permute(0->3,3->0)","color_permute(0->3,3->0)"
f086439b,82819916.json,"color_permute(0->2,1->6,2->8,3->4,4->1,5->0,6->3,8->5)","color_permute(0->2,1->6,2->8,3->4,4->1,5->0,6->3,8->5)"
8cbcc7e0,834ec97d.json,"color_permute(2->6,6->2)","color_permute(2->6,6->2)"
521a4477,8403a5d5.json,"color_permute(0->2,1->0,2->1)","color_permute(0->2,1->0,2->1)"
a634ed01,855e0971.json,"color_permute(0->2,1->3,2->4,3->0,4->1,5->8,8->5)","color_permute(0->2,1->3,2->4,3->0,4->1,5->8,8->5)"
03183f6c,85c4e7cd.json,"color_permute(1->7,2->8,3->6,4->3,5->4,6->1,7->5,8->2)","color_permute(1->7,2->8,3->6,4->3,5->4,6->1,7->5,8->2)"
4719ac67,868de0fa.json,"color_permute(1->2,2->1)","color_permute(1->2,2->1)"
a699e7c1,8731374e.json,"color_permute(0->4,1->7,3->6,4->3,5->0,6->9,7->5,8->1,9->8)","color_permute(0->4,1->7,3->6,4->3,5->0,6->9,7->5,8->1,9->8)"
34bf06e5,88a10436.json,"color_permute(2->5,3->2,5->6,6->3)","color_permute(2->5,3->2,5->6,6->3)"
59d0f2f0,88a62173.json,"color_permute(1->2,2->5,5->1)","color_permute(1->2,2->5,5->1)"
7e0e4925,8be77c9e.json,"color_permute(0->1,1->0)","color_permute(0->1,1->0)"
2a9b1d87,8d5021e8.json,"color_permute(2->8,3->2,8->3)","color_permute(2->8,3->2,8->3)"
f769b514,8e1813be.json,"color_permute(2->3,3->5,4->7,5->4,6->2,7->8,8->6)","color_permute(2->3,3->5,4->7,5->4,6->2,7->8,8->6)"
6710943e,8e5a5113.json,"color_permute(1->9,2->5,3->1,4->6,5->2,6->4,7->8,8->7,9->3)","color_permute(1->9,2->5,3->1,4->6,5->2,6->4,7->8,8->7,9->3)"
c989a130,8eb1be9a.json,"color_permute(0->2,2->0)","color_permute(0->2,2->0)"
541be026,8efcae92.json,"color_permute(0->1,1->0)","color_permute(0->1,1->0)"
939a2aa2,90c28cc7.json,"color_permute(0->1,1->0,3->5,4->8,5->3,8->4)","color_permute(0->1,1->0,3->5,4->8,5->3,8->4)"
a816399d,90f3ed37.json,"color_permute(0->8,1->0,8->1)","color_permute(0->8,1->0,8->1)"
42f0b6f7,913fb3ed.json,"color_permute(0->1,1->8,2->3,3->0,8->2)","color_permute(0->1,1->8,2->3,3->0,8->2)"
e4fdabb3,91714a58.json,"color_permute(1->3,3->9,4->8,5->4,6->5,7->6,8->7,9->1)","color_permute(1->3,3->9,4->8,5->4,6->5,7->6,8->7,9->1)"
7436d5b9,9172f3a0.json,"color_permute(1->6,2->7,3->1,6->3,7->2)","color_permute(1->6,2->7,3->1,6->3,7->2)"
6f6b5677,928ad970.json,"color_permute(1->3,3->8,4->5,5->4,8->1)","color_permute(1->3,3->8,4->5,5->4,8->1)"
2a419abc,941d9a10.json,"color_permute(2->5,3->2,5->3)","color_permute(2->5,3->2,5->3)"
41fa5b1d,94f9d214.json,"color_permute(1->3,3->1)","color_permute(1->3,3->1)"
c7108489,952a094c.json,"color_permute(1->6,3->8,4->5,5->4,6->7,7->9,8->3,9->1)","color_permute(1->6,3->8,4->5,5->4,6->7,7->9,8->3,9->1)"
9d817f73,9565186b.json,"color_permute(1->2,2->8,3->4,4->5,5->3,8->1)","color_permute(1->2,2->8,3->4,4->5,5->3,8->1)"
d6183f42,97999447.json,"color_permute(3->6,4->8,5->4,6->3,8->5)","color_permute(3->6,4->8,5->4,6->3,8->5)"
8c3194ae,98cf29f8.json,"color_permute(0->4,4->0)","color_permute(0->4,4->0)"
e1d37d2d,99b1bc43.json,"color_permute(3->4,4->3)","color_permute(3->4,4->3)"
d6a218e6,99fa7670.json,"color_permute(2->8,3->2,5->7,6->5,7->6,8->3)","color_permute(2->8,3->2,5->7,6->5,7->6,8->3)"
0432b0f5,9af7a82c.json,"color_permute(0->4,1->0,2->1,4->2)","color_permute(0->4,1->0,2->1,4->2)"
0e03c37a,9dfd6313.json,"color_permute(1->8,2->5,4->6,5->4,6->1,8->2)","color_permute(1->8,2->5,4->6,5->4,6->1,8->2)"
fa5895eb,9ecd008a.json,"color_permute(0->7,1->3,2->5,3->6,4->2,5->0,6->1,7->9,9->4)","color_permute(0->7,1->3,2->5,3->6,4->2,5->0,6->1,7->9,9->4)"
849e42fb,9f236235.json,"color_permute(0->3,1->0,2->1,3->8,8->2)","color_permute(0->3,1->0,2->1,3->8,8->2)"
a864c5e7,a1570a43.json,"color_permute(2->3,3->2)","color_permute(2->3,3->2)"
e19ff922,a2fd1cf0.json,"color_permute(0->2,2->8,8->0)","color_permute(0->2,2->8,8->0)"
05685e50,a3325580.json,"color_permute(0->5,1->0,4->6,5->4,6->8,7->1,8->7)","color_permute(0->5,1->0,4->6,5->4,6->8,7->1,8->7)"
d2320554,a3df8b1e.json,color_permute(1->8),color_permute(1->8)
301fcb2e,a416b8f3.json,"color_permute(0->3,1->2,2->5,3->8,4->6,5->1,6->4,8->0)","color_permute(0->3,1->2,2->5,3->8,4->6,5->1,6->4,8->0)"
ea37f528,a48eeaf7.json,"color_permute(2->5,5->2)","color_permute(2->5,5->2)"
40c9ecf0,a5313dff.json,"color_permute(0->2,2->0)","color_permute(0->2,2->0)"
9d1580fa,a5f85a15.json,"color_permute(2->3,3->2)","color_permute(2->3,3->2)"
10daf7f9,a65b410d.json,"color_permute(1->2,2->1)","color_permute(1->2,2->1)"
ecdfe6b4,a68b268e.json,"color_permute(0->6,1->0,4->1,6->4)","color_permute(0->6,1->0,4->1,6->4)"
4669e4ba,a699fb00.json,"color_permute(0->2,1->0,2->1)","color_permute(0->2,1->0,2->1)"
584465a9,a740d043.json,"color_permute(1->3,3->6,6->1)","color_permute(1->3,3->6,6->1)"
56c927f7,a79310a0.json,"color_permute(0->2,2->0)","color_permute(0->2,2->0)"
26362a51,a85d4709.json,"color_permute(2->5,4->2,5->4)","color_permute(2->5,4->2,5->4)"
d538d9d8,a87f7484.json,"color_permute(0->5,1->7,2->4,3->8,4->0,5->2,7->1,8->3)","color_permute(0->5,1->7,2->4,3->8,4->0,5->2,7->1,8->3)"
7333223b,a9f96cdd.json,"color_permute(0->6,3->0,6->3,7->8,8->7)","color_permute(0->6,3->0,6->3,7->8,8->7)"
a8205452,aabf363d.json,"color_permute(0->3,2->6,3->4,4->2,6->0)","color_permute(0->3,2->6,3->4,4->2,6->0)"
8675b62b,ac0a08a4.json,"color_permute(0->8,1->6,2->9,3->4,4->7,6->2,7->0,8->3,9->1)","color_permute(0->8,1->6,2->9,3->4,4->7,6->2,7->0,8->3,9->1)"
3a843f91,ae3edfdc.json,"color_permute(2->7,7->2)","color_permute(2->7,7->2)"
9fbebee2,ae4f1146.json,"color_permute(0->1,1->8,8->0)","color_permute(0->1,1->8,8->0)"
efaa0869,aedd82e4.json,"color_permute(1->2,2->1)","color_permute(1->2,2->1)"
6b3636c4,b0c4d837.json,"color_permute(0->8,5->0,8->5)","color_permute(0->8,5->0,8->5)"
690f6d4a,b1948b0a.json,"color_permute(2->7,7->2)","color_permute(2->7,7->2)"
42a7fe2e,b230c067.json,"color_permute(0->2,2->8,8->0)","color_permute(0->2,2->8,8->0)"
3e422e88,b548a754.json,"color_permute(0->1,1->2,2->8,4->0,8->4)","color_permute(0->1,1->2,2->8,4->0,8->4)"
7410957b,b60334d2.json,"color_permute(1->5,5->1)","color_permute(1->5,5->1)"
2b07d7d5,b6afb2da.json,"color_permute(0->4,1->5,2->1,4->2,5->0)","color_permute(0->4,1->5,2->1,4->2,5->0)"
7d200b4c,b8825c91.json,"color_permute(1->4,2->6,3->7,4->3,5->8,6->1,7->2,8->5)","color_permute(1->4,2->6,3->7,4->3,5->8,6->1,7->2,8->5)"
2cd25e92,b8cdaf2b.json,"color_permute(0->1,1->6,2->8,6->2,8->0)","color_permute(0->1,1->6,2->8,6->2,8->0)"
7a514eef,b91ae062.json,"color_permute(0->7,1->4,2->3,3->0,4->6,6->8,7->9,8->2,9->1)","color_permute(0->7,1->4,2->3,3->0,4->6,6->8,7->9,8->2,9->1)"
12cc680a,b94a9452.json,"color_permute(0->6,2->4,3->2,4->3,6->0)","color_permute(0->6,2->4,3->2,4->3,6->0)"
111016a2,b9b7f026.json,"color_permute(1->8,3->1,4->7,5->3,6->4,7->6,8->5)","color_permute(1->8,3->1,4->7,5->3,6->4,7->6,8->5)"
67ade9e1,ba26e723.json,"color_permute(0->6,4->0,6->4)","color_permute(0->6,4->0,6->4)"
310d1637,bb43febb.json,"color_permute(0->5,5->0)","color_permute(0->5,5->0)"
a00be0ea,bbc9ae5d.json,"color_permute(0->1,1->8,2->5,5->0,7->2,8->7)","color_permute(0->1,1->8,2->5,5->0,7->2,8->7)"
318f9913,bc1d5164.json,"color_permute(0->8,2->0,4->2,8->4)","color_permute(0->8,2->0,4->2,8->4)"
bb1305be,bd4472b8.json,"color_permute(1->5,3->8,4->3,5->4,8->1)","color_permute(1->5,3->8,4->3,5->4,8->1)"
b7b76c3f,bda2d7a6.json,"color_permute(0->6,1->2,2->8,3->7,5->3,6->9,7->5,8->1,9->0)","color_permute(0->6,1->2,2->8,3->7,5->3,6->9,7->5,8->1,9->0)"
f676ba4e,bdad9b1f.json,"color_permute(0->4,2->8,4->0,8->2)","color_permute(0->4,2->8,4->0,8->2)"
652f5539,be94b721.json,"color_permute(0->2,1->5,2->7,3->6,4->8,5->4,6->0,7->1,8->3)","color_permute(0->2,1->5,2->7,3->6,4->8,5->4,6->0,7->1,8->3)"
bb5d044b,beb8660c.json,"color_permute(0->4,2->9,3->6,4->8,5->3,6->2,7->5,8->7,9->0)","color_permute(0->4,2->9,3->6,4->8,5->3,6->2,7->5,8->7,9->0)"
a233bc71,c0f76784.json,"color_permute(7->8,8->7)","color_permute(7->8,8->7)"
906c3732,c1d99e64.json,"color_permute(1->8,2->4,3->2,4->1,8->3)","color_permute(1->8,2->4,3->2,4->1,8->3)"
8fa0d147,c3e719e8.json,"color_permute(0->4,1->5,3->9,4->0,5->7,7->8,8->1,9->3)","color_permute(0->4,1->5,3->9,4->0,5->7,7->8,8->1,9->3)"
04c6c782,c3f564a4.json,"color_permute(0->6,2->3,3->4,4->0,5->7,6->5,7->8,8->2)","color_permute(0->6,2->3,3->4,4->0,5->7,6->5,7->8,8->2)"
4bc5baf5,c59eb873.json,"color_permute(0->2,1->6,2->7,3->5,5->8,6->0,7->3,8->1)","color_permute(0->2,1->6,2->7,3->5,5->8,6->0,7->3,8->1)"
d4db69a7,c8f0f002.json,"color_permute(1->7,5->8,7->5,8->1)","color_permute(1->7,5->8,7->5,8->1)"
fbc2ca24,c9e6f938.json,"color_permute(0->7,7->0)","color_permute(0->7,7->0)"
3a11c6a5,c9f8e694.json,"color_permute(1->8,2->3,3->7,4->1,7->2,8->4)","color_permute(1->8,2->3,3->7,4->1,7->2,8->4)"
bd340813,cbded52d.json,"color_permute(1->6,2->1,3->4,4->2,6->8,8->3)","color_permute(1->6,2->1,3->4,4->2,6->8,8->3)"
bd964ade,cce03e0d.json,"color_permute(1->2,2->1)","color_permute(1->2,2->1)"
5e8a0695,cdecee7f.json,"color_permute(0->2,1->0,2->9,3->5,4->8,5->4,6->1,7->6,8->3,9->7)","color_permute(0->2,1->0,2->9,3->5,4->8,5->4,6->1,7->6,8->3,9->7)"
7d57b42a,ce22a75a.json,"color_permute(0->5,1->0,5->1)","color_permute(0->5,1->0,5->1)"
fb659d68,ce4f8723.json,"color_permute(1->4,2->1,3->2,4->3)","color_permute(1->4,2->1,3->2,4->3)"
0cfdfac6,ce9e57f2.json,"color_permute(2->8,8->2)","color_permute(2->8,8->2)"
ae90b350,cf98881b.json,"color_permute(0->1,1->9,2->0,9->2)","color_permute(0->1,1->9,2->0,9->2)"
8d7daafc,d037b0a7.json,"color_permute(2->3,3->2,4->8,7->4,8->7)","color_permute(2->3,3->2,4->8,7->4,8->7)"
a40ededb,d0f5fe59.json,color_permute(8->9),color_permute(8->9)
aac5c99d,d10ecb37.json,"color_permute(1->6,3->4,4->9,6->1,9->3)","color_permute(1->6,3->4,4->9,6->1,9->3)"
ad4c2bc4,d13f3404.json,"color_permute(0->1,1->2,2->4,3->8,4->0,6->9,8->3,9->6)","color_permute(0->1,1->2,2->4,3->8,4->0,6->9,8->3,9->6)"
5b6b1e72,d23f8c26.json,"color_permute(1->9,2->5,3->1,4->2,5->3,6->8,8->6,9->4)","color_permute(1->9,2->5,3->1,4->2,5->3,6->8,8->6,9->4)"
2832ebe3,d43fd935.json,"color_permute(0->3,1->6,2->1,3->2,6->0)","color_permute(0->3,1->6,2->1,3->2,6->0)"
4ea4b8ff,d4469b4b.json,"color_permute(1->2,2->5,5->1)","color_permute(1->2,2->5,5->1)"
ba2bf507,d4a91cb9.json,"color_permute(0->4,4->8,8->0)","color_permute(0->4,4->8,8->0)"
225265fb,d4f3cd78.json,"color_permute(0->8,8->0)","color_permute(0->8,8->0)"
2ed81a5e,d511f180.json,"color_permute(1->3,2->9,3->8,4->2,6->1,8->4,9->6)","color_permute(1->3,2->9,3->8,4->2,6->1,8->4,9->6)"
3174ac16,d5d6de2d.json,"color_permute(2->3,3->2)","color_permute(2->3,3->2)"
7bf78e88,d631b094.json,"color_permute(4->7,7->4)","color_permute(4->7,7->4)"
57521aca,d6ad076f.json,"color_permute(1->4,3->1,4->9,6->8,8->6,9->3)","color_permute(1->4,3->1,4->9,6->8,8->6,9->3)"
b2d2e1da,d89b689b.json,"color_permute(1->2,2->7,3->8,4->9,5->3,6->4,7->5,8->6,9->1)","color_permute(1->2,2->7,3->8,4->9,5->3,6->4,7->5,8->6,9->1)"
fe26c5a7,d8c310e9.json,"color_permute(0->3,3->6,4->0,6->4)","color_permute(0->3,3->6,4->0,6->4)"
a836c0f4,d90796e8.json,"color_permute(2->3,3->8,8->2)","color_permute(2->3,3->8,8->2)"
0a371909,d9fac9be.json,"color_permute(2->8,8->2)","color_permute(2->8,8->2)"
393885f8,dae9d2b5.json,"color_permute(0->3,3->4,4->0)","color_permute(0->3,3->4,4->0)"
964dda62,db3e9e38.json,"color_permute(0->8,8->0)","color_permute(0->8,8->0)"
9ad8e4b7,dc1df850.json,"color_permute(0->2,1->3,2->6,3->8,6->1,7->0,8->7)","color_permute(0->2,1->3,2->6,3->8,6->1,7->0,8->7)"
7d278b66,dc433765.json,"color_permute(0->4,4->0)","color_permute(0->4,4->0)"
9fdfad1e,ddf7fa4f.json,"color_permute(0->4,1->8,2->3,3->1,4->6,6->2,7->9,8->7,9->0)","color_permute(0->4,1->8,2->3,3->1,4->6,6->2,7->9,8->7,9->0)"
4c6f9b55,de1cd16c.json,"color_permute(0->5,2->0,3->6,4->2,5->3,6->4)","color_permute(0->5,2->0,3->6,4->2,5->3,6->4)"
d1d5ac74,ded97339.json,"color_permute(0->8,8->0)","color_permute(0->8,8->0)"
cc2042de,e179c5f4.json,"color_permute(0->8,8->0)","color_permute(0->8,8->0)"
7f67b1bc,e21d9049.json,"color_permute(4->8,8->4)","color_permute(4->8,8->4)"
fb4066e0,e26a3af2.json,"color_permute(1->4,2->8,3->1,4->2,5->3,6->7,7->9,8->5,9->6)","color_permute(1->4,2->8,3->1,4->2,5->3,6->7,7->9,8->5,9->6)"
24b21e60,e3497940.json,"color_permute(1->8,2->6,3->2,4->7,5->3,6->5,7->1,8->4)","color_permute(1->8,2->6,3->2,4->7,5->3,6->5,7->1,8->4)"
48af298a,e48d4e1a.json,"color_permute(0->8,2->5,3->4,4->3,5->0,6->2,8->6)","color_permute(0->8,2->5,3->4,4->3,5->0,6->2,8->6)"
61e15924,e50d258f.json,"color_permute(0->1,1->0)","color_permute(0->1,1->0)"
0930abd3,e76a88a6.json,"color_permute(0->8,1->4,2->5,4->1,5->0,6->2,8->6)","color_permute(0->8,1->4,2->5,4->1,5->0,6->2,8->6)"
ab0a7f22,e9614598.json,"color_permute(0->3,3->0)","color_permute(0->3,3->0)"
793a0f64,e98196ab.json,"color_permute(1->3,2->7,3->2,5->1,6->8,7->6,8->5)","color_permute(1->3,2->7,3->2,5->1,6->8,7->6,8->5)"
0282cb69,e9afcf9a.json,"color_permute(2->8,3->2,4->3,6->4,8->6)","color_permute(2->8,3->2,4->3,6->4,8->6)"
34619114,ea32f347.json,"color_permute(0->2,1->0,2->4,4->1)","color_permute(0->2,1->0,2->4,4->1)"
9f6300a5,ea786f4a.json,"color_permute(2->3,3->2)","color_permute(2->3,3->2)"
ff70ee11,eb281b96.json,"color_permute(2->8,8->2)","color_permute(2->8,8->2)"
b3b85b9c,eb5a1d5d.json,"color_permute(1->2,2->1,3->5,5->6,6->3)","color_permute(1->2,2->1,3->5,5->6,6->3)"
20e7fe9d,ef135b50.json,"color_permute(2->9,9->2)","color_permute(2->9,9->2)"
dd6f657f,f1cefba8.json,"color_permute(1->8,2->1,3->2,8->3)","color_permute(1->8,2->1,3->2,8->3)"
efa7f597,f25fbde4.json,"color_permute(0->4,4->0)","color_permute(0->4,4->0)"
7dd766ad,f25ffba3.json,"color_permute(1->7,2->3,3->1,4->9,7->4,8->2,9->8)","color_permute(1->7,2->3,3->1,4->9,7->4,8->2,9->8)"
780ce981,f5b8619d.json,"color_permute(2->5,4->2,5->4)","color_permute(2->5,4->2,5->4)"
ed9da15c,f76d97a5.json,"color_permute(0->9,3->4,4->6,5->3,6->5,9->0)","color_permute(0->9,3->4,4->6,5->3,6->5,9->0)"
00365435,f8b3ba0a.json,"color_permute(0->1,1->3,2->4,3->0,4->6,6->2)","color_permute(0->1,1->3,2->4,3->0,4->6,6->2)"
da06aaf8,f8ff0b80.json,"color_permute(0->3,1->0,3->4,4->6,6->1,7->8,8->7)","color_permute(0->3,1->0,3->4,4->6,6->1,7->8,8->7)"
617034b5,f9012d9b.json,"color_permute(1->2,2->1,5->6,6->8,8->5)","color_permute(1->2,2->1,5->6,6->8,8->5)"
d7e48664,fafffa47.json,"color_permute(1->2,2->9,9->1)","color_permute(1->2,2->9,9->1)"
5e202ab1,fcb5c309.json,"color_permute(1->3,2->1,3->8,4->2,8->4)","color_permute(1->3,2->1,3->8,4->2,8->4)"
694ac913,fcc82909.json,"color_permute(0->2,1->3,2->0,3->1,6->7,7->8,8->6)","color_permute(0->2,1->3,2->0,3->1,6->7,7->8,8->6)"
ab878fd2,feca6190.json,"color_permute(0->9,1->2,2->1,4->7,6->4,7->6,8->0,9->8)","color_permute(0->9,1->2,2->1,4->7,6->4,7->6,8->0,9->8)"
84cdf203,ff28f65a.json,"color_permute(1->2,2->1)","color_permute(1->2,2->1)"
48360e66,007bbfb7.json,"reflect_horizontal+color_permute(4->6,6->4)","rotate_180+color_permute(4->6,6->4)"
891f90cd,007bbfb7.json,reflect_horizontal+rotate_90_ccw,"color_permute(0->7,2->4,4->2,7->0)+reflect_horizontal"
4f0efb44,017c7c7b.json,"color_permute(0->1,1->2,2->0)+reflect_horizontal","rotate_90_ccw+color_permute(0->1,1->2,2->0)"
e9f3a564,017c7c7b.json,reflect_vertical+rotate_90_cw,rotate_90_cw+reflect_horizontal
1267d1e7,025d127b.json,"color_permute(0->8,4->6,6->4,8->0)+reflect_vertical",reflect_horizontal+rotate_180
54c429a2,025d127b.json,"color_permute(0->8,2->0,4->6,6->4,8->2)+reflect_horizontal","reflect_horizontal+color_permute(0->8,2->0,4->6,6->4,8->2)"
bab34226,0520fde7.json,"rotate_90_cw+color_permute(0->5,2->0,5->2)","color_permute(0->5,2->0,5->2)+reflect_horizontal"
1600e2dd,0520fde7.json,"color_permute(0->1,1->2,2->0)+reflect_vertical","rotate_90_ccw+color_permute(0->1,1->2,2->0)"
61a37b7a,05f2a901.json,"reflect_horizontal+color_permute(0->2,2->8,8->0)",reflect_horizontal+rotate_90_ccw
af90a773,05f2a901.json,"color_permute(0->8,8->0)+rotate_90_ccw","rotate_90_cw+color_permute(0->8,8->0)"
f33dd97c,08ed6ac7.json,"color_permute(0->1,1->4,2->3,3->5,4->0,5->2)+reflect_vertical","color_permute(0->1,1->4,2->3,3->5,4->0,5->2)+reflect_horizontal"
d054d997,08ed6ac7.json,rotate_90_ccw+reflect_vertical,"color_permute(0->5,1->2,2->3,3->4,4->0,5->1)+reflect_horizontal"
8efe2eed,0962bcdd.json,"reflect_horizontal+color_permute(0->6,3->0,6->7,7->8,8->3)",reflect_horizontal+rotate_90_ccw
6f7f8409,0962bcdd.json,"color_permute(0->6,2->4,3->0,4->2,6->7,7->3)+rotate_90_ccw",rotate_90_cw+reflect_horizontal
c6389743,0a938d79.json,"color_permute(0->3,1->4,2->8,3->1,4->2,8->0)+reflect_vertical","color_permute(0->3,1->4,2->8,3->1,4->2,8->0)+rotate_90_ccw"
ab05161b,0a938d79.json,"reflect_vertical+color_permute(0->8,1->3,3->0,4->1,8->4)",rotate_90_ccw+reflect_horizontal
53b4f1d4,0b148d64.json,"color_permute(0->8,1->3,2->0,3->4,4->1,8->2)+reflect_vertical","reflect_horizontal+color_permute(0->8,1->3,2->0,3->4,4->1,8->2)"
330d48c0,0b148d64.json,"reflect_horizontal+color_permute(0->3,1->2,2->8,3->0,8->1)",reflect_vertical+rotate_180
f4b18aed,0ca9ddb6.json,rotate_90_ccw+reflect_vertical,"color_permute(0->2,1->8,2->0,6->1,7->6,8->7)+rotate_180"
6d4bed67,0ca9ddb6.json,rotate_90_ccw+reflect_horizontal,"color_permute(0->1,1->8,2->6,4->0,6->7,7->2,8->4)+reflect_horizontal"
f0ca258b,0d3d703e.json,"rotate_90_cw+color_permute(1->8,2->1,4->5,5->9,6->4,8->2,9->6)","rotate_90_cw+color_permute(1->8,2->1,4->5,5->9,6->4,8->2,9->6)"
b80ce7e8,0d3d703e.json,"color_permute(1->2,2->8,3->9,4->1,5->6,6->3,8->5,9->4)+reflect_horizontal","rotate_90_cw+color_permute(1->2,2->8,3->9,4->1,5->6,6->3,8->5,9->4)"
0f93991e,0dfd9992.json,"color_permute(1->2,2->3,3->4,4->9,5->6,6->1,9->5)+reflect_vertical","rotate_180+color_permute(1->2,2->3,3->4,4->9,5->6,6->1,9->5)"
aec968f7,0dfd9992.json,"reflect_horizontal+color_permute(0->9,1->6,2->7,4->5,5->1,6->2,7->4,9->0)",rotate_180+reflect_horizontal
e36a6bb3,1190e5a7.json,"color_permute(3->7,5->8,7->3,8->5)+rotate_180",rotate_180+reflect_horizontal
ce12a8ee,1190e5a7.json,"color_permute(3->8,8->3)+reflect_vertical","reflect_horizontal+color_permute(3->8,8->3)"
935a587d,137eaa0f.json,"reflect_vertical+color_permute(0->5,2->0,4->7,5->6,6->2,7->4)",rotate_90_cw+reflect_horizontal
dc625687,137eaa0f.json,"color_permute(0->1,1->9,2->3,3->8,5->6,6->5,7->2,8->0,9->7)+reflect_horizontal","reflect_vertical+color_permute(0->1,1->9,2->3,3->8,5->6,6->5,7->2,8->0,9->7)"
00bc88e0,178fcbfb.json,reflect_vertical+rotate_90_cw,"rotate_90_cw+color_permute(1->3,2->1,3->2)"
deb98b42,178fcbfb.json,"rotate_180+color_permute(1->3,2->1,3->2)","color_permute(1->3,2->1,3->2)+rotate_90_ccw"
9a0a8373,1b2d62fb.json,reflect_horizontal+rotate_180,"color_permute(0->8,1->0,8->1)+reflect_vertical"
3e7a390f,1b2d62fb.json,"color_permute(0->1,1->8,8->0)+reflect_horizontal","color_permute(0->1,1->8,8->0)+reflect_vertical"
5ddd11a6,1bfc4729.json,reflect_vertical+rotate_90_ccw,rotate_90_ccw+reflect_vertical
104c52f3,1bfc4729.json,"color_permute(0->2,1->0,2->1,4->7,6->4,7->8,8->6)+reflect_vertical",reflect_horizontal+rotate_90_ccw
6f179e7f,1c786137.json,"color_permute(1->9,2->1,3->8,4->2,5->3,8->4,9->5)+rotate_90_cw",rotate_180+reflect_vertical
80e29bdd,1c786137.json,reflect_horizontal+rotate_90_ccw,"rotate_90_cw+color_permute(0->4,1->3,2->5,3->1,4->8,5->0,8->2)"
51ec3adb,1caeab9d.json,"rotate_90_cw+color_permute(0->4,1->2,2->0,4->1)","color_permute(0->4,1->2,2->0,4->1)+reflect_vertical"
7046dbf7,1caeab9d.json,"color_permute(0->2,2->4,4->0)+reflect_vertical","reflect_horizontal+color_permute(0->2,2->4,4->0)"
1246cf4e,1cf80156.json,"rotate_90_cw+color_permute(0->2,1->6,2->8,6->1,8->0)","reflect_horizontal+color_permute(0->2,1->6,2->8,6->1,8->0)"
c433332a,1cf80156.json,"color_permute(1->6,2->8,6->1,8->2)+reflect_vertical","color_permute(1->6,2->8,6->1,8->2)+reflect_horizontal"
69782b94,1e0a9b12.json,"color_permute(0->4,1->6,2->7,3->5,4->0,5->8,6->2,7->3,8->9,9->1)+reflect_horizontal",reflect_vertical+rotate_180
a5b92945,1e0a9b12.json,rotate_180+reflect_vertical,"rotate_90_ccw+color_permute(0->2,2->5,3->7,4->3,5->6,6->0,7->8,8->4)"
b5786d69,1f642eb9.json,reflect_horizontal+rotate_90_cw,"reflect_vertical+color_permute(0->4,2->3,3->7,4->0,6->9,7->8,8->6,9->2)"
85640ecf,1f642eb9.json,"rotate_180+color_permute(0->2,2->0,3->7,4->9,7->8,8->3,9->4)","rotate_90_ccw+color_permute(0->2,2->0,3->7,4->9,7->8,8->3,9->4)"
eb7bf916,1f85a75f.json,"reflect_horizontal+color_permute(0->4,1->0,2->5,3->1,4->8,5->2,8->3)",reflect_vertical+rotate_180
599f23d0,1f85a75f.json,"color_permute(0->8,1->3,2->1,3->4,4->0,8->2)+reflect_horizontal","color_permute(0->8,1->3,2->1,3->4,4->0,8->2)+reflect_horizontal"
0b3c1e35,1f876c06.json,reflect_vertical+rotate_90_ccw,rotate_180+reflect_horizontal
c1d4a007,1f876c06.json,"reflect_horizontal+color_permute(0->2,2->7,3->8,6->3,7->9,8->0,9->6)",rotate_90_ccw+reflect_horizontal
601ddef3,1fad071e.json,reflect_vertical+rotate_180,rotate_90_ccw+reflect_horizontal
7856a01b,1fad071e.json,rotate_90_ccw+reflect_vertical,rotate_180+reflect_vertical
f1df3930,2013d3e2.json,"reflect_horizontal+color_permute(0->6,4->0,6->8,7->4,8->7)","rotate_90_cw+color_permute(0->6,4->0,6->8,7->4,8->7)"
7733c560,2013d3e2.json,"color_permute(1->7,3->6,4->5,5->1,6->3,7->8,8->4)+rotate_90_ccw",rotate_90_cw+reflect_vertical
c98fbd75,2204b7a8.json,"rotate_90_cw+color_permute(0->4,1->9,3->5,4->1,5->8,8->0,9->3)","rotate_90_cw+color_permute(0->4,1->9,3->5,4->1,5->8,8->0,9->3)"
c63bce1d,2204b7a8.json,reflect_vertical+rotate_180,"color_permute(0->2,1->4,2->1,3->0,4->9,5->8,7->3,8->7,9->5)+rotate_90_ccw"
d9810953,22168020.json,"reflect_horizontal+color_permute(0->4,1->6,4->7,6->8,7->0,8->1)","color_permute(0->4,1->6,4->7,6->8,7->0,8->1)+rotate_90_ccw"
c5d7d17f,22168020.json,"rotate_90_ccw+color_permute(0->3,1->4,3->6,4->1,6->8,7->0,8->7)","reflect_vertical+color_permute(0->3,1->4,3->6,4->1,6->8,7->0,8->7)"
95d05b4a,2281f1f4.json,rotate_90_cw+reflect_vertical,"rotate_90_ccw+color_permute(0->2,2->5,5->0)"
0a807bfc,2281f1f4.json,"color_permute(0->2,2->0)+rotate_180","rotate_90_ccw+color_permute(0->2,2->0)"
99a0d7ea,228f6490.json,"rotate_90_cw+color_permute(0->6,2->0,3->7,4->8,5->2,6->3,7->9,8->5,9->4)","color_permute(0->6,2->0,3->7,4->8,5->2,6->3,7->9,8->5,9->4)+reflect_horizontal"
51c48b63,228f6490.json,"reflect_horizontal+color_permute(3->7,4->6,5->9,6->4,7->5,8->3,9->8)","rotate_90_cw+color_permute(3->7,4->6,5->9,6->4,7->5,8->3,9->8)"
60655bd1,22eb0ac0.json,"color_permute(0->4,1->3,2->5,3->6,4->8,5->1,6->9,8->2,9->0)+rotate_180",reflect_horizontal+rotate_90_ccw
6a7f37b5,22eb0ac0.json,"color_permute(1->4,2->3,3->5,4->1,5->6,6->2,8->9,9->8)+rotate_90_ccw",rotate_90_ccw+reflect_horizontal
41a4b420,23581191.json,rotate_90_cw+reflect_horizontal,"color_permute(0->7,7->0)+rotate_90_ccw"
ad85e901,23581191.json,"reflect_vertical+color_permute(0->2,2->7,7->0)","color_permute(0->2,2->7,7->0)+rotate_90_ccw"
706d8123,239be575.json,rotate_180+reflect_horizontal,"color_permute(0->8,8->0)+reflect_horizontal"
83ffef43,239be575.json,rotate_180+reflect_vertical,rotate_180+reflect_horizontal
4cbef75a,23b5c85d.json,"color_permute(0->3,1->4,2->0,3->1,4->6,6->8,7->2,8->7)+rotate_90_cw","color_permute(0->3,1->4,2->0,3->1,4->6,6->8,7->2,8->7)+reflect_vertical"
0d20f810,23b5c85d.json,"color_permute(0->3,1->7,2->4,3->6,4->2,6->8,7->0,8->1)+reflect_horizontal","color_permute(0->3,1->7,2->4,3->6,4->2,6->8,7->0,8->1)+reflect_vertical"
70b083de,253bf280.json,"color_permute(0->3,3->8,8->0)+rotate_180","color_permute(0->3,3->8,8->0)+rotate_90_ccw"
ec6b4cdd,253bf280.json,reflect_vertical+rotate_180,"color_permute(0->3,3->0)+reflect_vertical"
355c567d,25d487eb.json,rotate_90_cw+reflect_horizontal,rotate_90_cw+reflect_horizontal
9e3726a9,25d487eb.json,rotate_90_ccw+reflect_horizontal,rotate_180+reflect_vertical
a55fde25,25d8a9c8.json,reflect_horizontal+rotate_90_cw,reflect_vertical+rotate_90_ccw
73a14586,25d8a9c8.json,"rotate_180+color_permute(0->1,1->0,2->4,3->6,4->3,5->2,6->7,7->8,8->9,9->5)","reflect_vertical+color_permute(0->1,1->0,2->4,3->6,4->3,5->2,6->7,7->8,8->9,9->5)"
aad72618,25ff71a9.json,reflect_vertical+rotate_90_ccw,"reflect_vertical+color_permute(1->2,2->1)"
cd1a1a20,25ff71a9.json,"rotate_180+color_permute(1->2,2->1)",rotate_90_ccw+reflect_vertical
8157774e,272f95fa.json,reflect_vertical+rotate_180,"color_permute(0->4,1->2,2->8,3->1,4->3,8->0)+rotate_90_ccw"
db2b9ae9,272f95fa.json,"color_permute(0->4,1->6,2->8,3->0,4->3,6->2,8->1)+reflect_vertical","reflect_horizontal+color_permute(0->4,1->6,2->8,3->0,4->3,6->2,8->1)"
4dd5f946,27a28665.json,"color_permute(0->8,1->6,2->1,3->4,4->7,6->2,7->3,8->0)+reflect_vertical","reflect_horizontal+color_permute(0->8,1->6,2->1,3->4,4->7,6->2,7->3,8->0)"
5a5ba56d,27a28665.json,reflect_horizontal+rotate_90_cw,"rotate_90_cw+color_permute(1->6,2->3,3->5,4->1,5->7,6->4,7->8,8->2)"
fca9dbb6,28bf18c6.json,"color_permute(0->3,1->2,2->8,3->0,8->1)+rotate_180","color_permute(0->3,1->2,2->8,3->0,8->1)+reflect_horizontal"
a2848634,28bf18c6.json,"reflect_vertical+color_permute(0->8,8->0)","rotate_90_cw+color_permute(0->8,8->0)"
c3b4ee4f,29623171.json,"color_permute(0->5,1->3,2->4,3->1,4->0,5->2)+rotate_90_cw",rotate_180+reflect_vertical
4b9f9bd2,29623171.json,"rotate_90_ccw+color_permute(0->3,2->0,3->5,4->2,5->4)","color_permute(0->3,2->0,3->5,4->2,5->4)+reflect_vertical"
47761369,29c11459.json,"reflect_vertical+color_permute(0->7,1->9,3->4,4->1,5->3,7->8,8->0,9->5)",reflect_vertical+rotate_180
5cb55b19,29c11459.json,"color_permute(0->7,1->2,2->9,3->5,4->3,5->6,6->8,7->4,8->0,9->1)+reflect_horizontal","rotate_90_cw+color_permute(0->7,1->2,2->9,3->5,4->3,5->6,6->8,7->4,8->0,9->1)"
4a218ea3,29ec7d0e.json,rotate_90_ccw+reflect_vertical,reflect_vertical+rotate_90_ccw
182aac1b,29ec7d0e.json,"reflect_horizontal+color_permute(0->7,1->8,2->9,3->6,4->2,6->3,7->1,8->4,9->0)","reflect_horizontal+color_permute(0->7,1->8,2->9,3->6,4->2,6->3,7->1,8->4,9->0)"
b64a30f6,2c608aff.json,"color_permute(1->8,2->1,3->2,4->5,5->3,8->4)+rotate_90_cw",reflect_horizontal+rotate_90_cw
7e272119,2c608aff.json,"color_permute(1->2,2->1,5->8,8->5)+reflect_horizontal","color_permute(1->2,2->1,5->8,8->5)+reflect_horizontal"
6cde3e90,2dc579da.json,"color_permute(0->2,1->3,2->8,3->0,4->1,8->4)+rotate_90_cw","color_permute(0->2,1->3,2->8,3->0,4->1,8->4)+rotate_180"
011f47cc,2dc579da.json,"color_permute(0->4,2->0,3->8,4->3,8->2)+reflect_vertical",reflect_vertical+rotate_90_ccw
35f30411,2dee498d.json,"color_permute(0->4,1->3,2->0,3->2,4->5,5->1)+rotate_90_cw",reflect_horizontal+rotate_180
81439234,2dee498d.json,"reflect_vertical+color_permute(1->3,2->5,3->1,4->2,5->4)","rotate_90_ccw+color_permute(1->3,2->5,3->1,4->2,5->4)"
3cf283a5,31aa019c.json,"rotate_90_ccw+color_permute(0->4,1->5,2->7,3->2,4->1,5->8,6->0,7->9,8->3,9->6)","color_permute(0->4,1->5,2->7,3->2,4->1,5->8,6->0,7->9,8->3,9->6)+reflect_horizontal"
6c689fe5,31aa019c.json,"color_permute(0->3,1->5,2->0,3->4,4->8,5->1,7->9,8->7,9->2)+rotate_90_cw","color_permute(0->3,1->5,2->0,3->4,4->8,5->1,7->9,8->7,9->2)+reflect_horizontal"
d7c624da,321b1fc6.json,"color_permute(0->8,3->6,4->9,6->0,7->3,8->7,9->4)+reflect_horizontal","reflect_vertical+color_permute(0->8,3->6,4->9,6->0,7->3,8->7,9->4)"
d3c765d0,321b1fc6.json,reflect_vertical+rotate_90_cw,"rotate_180+color_permute(0->6,3->8,4->0,6->9,7->4,8->7,9->3)"
72c0cf54,32597951.json,rotate_90_cw+reflect_vertical,"rotate_180+color_permute(3->8,8->3)"
5828d5db,32597951.json,"reflect_vertical+color_permute(0->3,1->0,3->8,8->1)","color_permute(0->3,1->0,3->8,8->1)+reflect_horizontal"
06783b5d,3618c87e.json,"color_permute(1->5,5->1)+rotate_180","color_permute(1->5,5->1)+reflect_vertical"
34ae2a3b,3618c87e.json,"color_permute(0->1,1->0)+rotate_180","reflect_vertical+color_permute(0->1,1->0)"
7620c254,363442ee.json,reflect_horizontal+rotate_180,reflect_vertical+rotate_180
8e59dd70,363442ee.json,"color_permute(1->6,2->7,3->4,4->8,5->2,6->3,7->9,8->1,9->5)+rotate_180",reflect_vertical+rotate_180
97a41b0a,3906de3d.json,reflect_horizontal+rotate_90_cw,"color_permute(0->2,2->0)+reflect_horizontal"
c12c0e0a,3906de3d.json,"color_permute(0->2,1->0,2->1)+rotate_90_cw","color_permute(0->2,1->0,2->1)+reflect_horizontal"
1b72dcb5,3aa6fb7a.json,"rotate_90_cw+color_permute(1->8,8->1)",reflect_vertical+rotate_180
6f1f8e5b,3aa6fb7a.json,reflect_horizontal+rotate_90_ccw,reflect_vertical+rotate_180
82996667,3ac3eb23.json,"color_permute(0->8,3->0,4->7,6->3,7->4,8->6)+reflect_vertical","reflect_vertical+color_permute(0->8,3->0,4->7,6->3,7->4,8->6)"
ba7ea370,3ac3eb23.json,"reflect_horizontal+color_permute(0->6,2->8,4->7,6->4,7->2,8->0)",rotate_90_cw+reflect_horizontal
cd9fd695,3af2c5a8.json,"rotate_90_ccw+color_permute(0->3,3->0,4->8,8->4)","reflect_vertical+color_permute(0->3,3->0,4->8,8->4)"
93e243ac,3af2c5a8.json,rotate_180+reflect_vertical,reflect_vertical+rotate_90_cw
f1ab432b,3bd67248.json,reflect_vertical+rotate_180,"reflect_vertical+color_permute(0->8,2->4,3->5,4->2,5->3,6->0,8->6)"
93576ea3,3bd67248.json,rotate_90_cw+reflect_vertical,"color_permute(2->8,3->5,4->3,5->2,8->4)+reflect_vertical"
da23612f,3bdb4ada.json,"rotate_90_cw+color_permute(0->4,1->8,4->7,5->0,7->1,8->5)","color_permute(0->4,1->8,4->7,5->0,7->1,8->5)+rotate_90_ccw"
429b7822,3bdb4ada.json,reflect_horizontal+rotate_90_ccw,rotate_90_cw+reflect_horizontal
71015a7f,3c9b0459.json,"color_permute(2->6,3->4,4->2,5->9,6->3,7->8,8->7,9->5)+rotate_180","reflect_horizontal+color_permute(2->6,3->4,4->2,5->9,6->3,7->8,8->7,9->5)"
3e6821fe,3c9b0459.json,"color_permute(1->2,2->5,4->6,5->9,6->8,8->4,9->1)+rotate_180",reflect_vertical+rotate_180
bca2c83b,3e980e27.json,rotate_90_ccw+reflect_horizontal,"rotate_90_ccw+color_permute(0->1,1->3,2->8,3->2,8->0)"
53dc9c01,3e980e27.json,"color_permute(0->3,1->2,2->1,3->0)+rotate_180","rotate_90_ccw+color_permute(0->3,1->2,2->1,3->0)"
c924af0c,3f7978a0.json,"reflect_vertical+color_permute(0->5,5->0)","color_permute(0->5,5->0)+rotate_180"
70b7f8fe,3f7978a0.json,"reflect_horizontal+color_permute(0->8,8->0)",rotate_90_cw+reflect_vertical
5e0c2e56,40853293.json,reflect_vertical+rotate_180,reflect_horizontal+rotate_90_cw
66de5741,40853293.json,"color_permute(2->4,3->7,4->3,5->8,7->2,8->5)+reflect_vertical","rotate_180+color_permute(2->4,3->7,4->3,5->8,7->2,8->5)"
62fa997b,41e4d17e.json,"rotate_90_cw+color_permute(1->8,6->1,8->6)",rotate_180+reflect_vertical
c81626dc,41e4d17e.json,"color_permute(6->8,8->6)+reflect_vertical","color_permute(6->8,8->6)+reflect_vertical"
c9751337,4258a5f9.json,reflect_horizontal+rotate_90_cw,"rotate_90_cw+color_permute(0->1,1->5,5->0)"
3469558b,4258a5f9.json,reflect_vertical+rotate_90_cw,"reflect_vertical+color_permute(0->5,5->0)"
0d1298d6,4347f46a.json,reflect_vertical+rotate_90_ccw,"color_permute(0->8,1->0,2->4,3->1,4->2,5->6,6->3,7->5,8->7)+reflect_vertical"
54395d0e,4347f46a.json,"color_permute(0->5,1->7,2->8,3->2,4->6,5->4,6->0,7->3,8->1)+reflect_vertical","rotate_90_cw+color_permute(0->5,1->7,2->8,3->2,4->6,5->4,6->0,7->3,8->1)"
607e61e2,444801d8.json,rotate_90_ccw+reflect_vertical,reflect_vertical+rotate_90_cw
d3be22d2,444801d8.json,"color_permute(0->8,1->0,2->7,3->6,4->1,6->3,7->2,8->4)+rotate_180","rotate_90_ccw+color_permute(0->8,1->0,2->7,3->6,4->1,6->3,7->2,8->4)"
6fa120b3,445eab21.json,"reflect_vertical+color_permute(0->6,2->9,3->0,4->7,6->4,7->2,8->3,9->8)","color_permute(0->6,2->9,3->0,4->7,6->4,7->2,8->3,9->8)+reflect_vertical"
73caee60,445eab21.json,rotate_90_ccw+reflect_vertical,"rotate_180+color_permute(0->6,2->3,3->2,4->7,6->9,7->0,8->4,9->8)"
e7814514,44d8ac46.json,reflect_vertical+rotate_90_cw,"color_permute(0->2,2->0)+reflect_horizontal"
5f912a9c,44d8ac46.json,"rotate_90_ccw+color_permute(0->5,2->0,5->2)","color_permute(0->5,2->0,5->2)+reflect_horizontal"
46a57aba,44f52bb0.json,"color_permute(0->1,1->7,2->0,7->2)+reflect_vertical","reflect_vertical+color_permute(0->1,1->7,2->0,7->2)"
0fde8b3c,44f52bb0.json,"reflect_horizontal+color_permute(0->1,1->0,2->7,7->2)","rotate_180+color_permute(0->1,1->0,2->7,7->2)"
27553c2f,46f33fce.json,"color_permute(0->2,2->4,3->6,4->8,6->0,8->3)+reflect_horizontal","reflect_horizontal+color_permute(0->2,2->4,3->6,4->8,6->0,8->3)"
ff2c9428,46f33fce.json,"reflect_vertical+color_permute(0->6,2->4,3->8,4->2,6->3,8->0)","color_permute(0->6,2->4,3->8,4->2,6->3,8->0)+reflect_vertical"
f3b3bc92,47c1f68c.json,"color_permute(0->8,1->3,2->0,3->1,8->2)+rotate_90_ccw",rotate_180+reflect_horizontal
6a21af9d,47c1f68c.json,rotate_90_cw+reflect_horizontal,"color_permute(0->4,1->3,2->1,3->8,4->2,8->0)+rotate_90_cw"
c7459a11,48d8fb45.json,"color_permute(0->3,2->4,3->0,4->5,5->2)+rotate_180",rotate_90_ccw+reflect_vertical
16896aa4,48d8fb45.json,"rotate_90_ccw+color_permute(0->3,1->2,2->4,3->5,4->1,5->0)","reflect_horizontal+color_permute(0->3,1->2,2->4,3->5,4->1,5->0)"
e06d0d2f,4938f0c2.json,"rotate_180+color_permute(0->3,2->0,3->2)","rotate_90_cw+color_permute(0->3,2->0,3->2)"
762fc35d,4938f0c2.json,rotate_90_ccw+reflect_vertical,"color_permute(0->3,3->0)+reflect_vertical"
00c7c37a,496994bd.json,rotate_180+reflect_vertical,"color_permute(2->5,3->8,5->2,8->3)+rotate_90_cw"
85ff2c8e,496994bd.json,"color_permute(0->2,2->0)+reflect_horizontal","color_permute(0->2,2->0)+reflect_horizontal"
97d2bf81,49d1d64f.json,"reflect_vertical+color_permute(0->8,1->2,2->4,3->1,4->3,8->0)","color_permute(0->8,1->2,2->4,3->1,4->3,8->0)+rotate_90_ccw"
968e653d,49d1d64f.json,"color_permute(0->4,1->0,2->3,3->8,4->2,8->1)+rotate_90_ccw","color_permute(0->4,1->0,2->3,3->8,4->2,8->1)+reflect_vertical"
46296db9,4be741c5.json,"rotate_90_cw+color_permute(3->4,4->3,5->8,6->5,8->6)",rotate_180+reflect_vertical
089d8654,4be741c5.json,"color_permute(1->6,3->1,4->5,5->8,6->4,8->3)+rotate_180",reflect_horizontal+rotate_90_ccw
21a90886,4c4377d9.json,"rotate_90_cw+color_permute(1->5,5->9,9->1)","color_permute(1->5,5->9,9->1)+reflect_horizontal"
790b8237,4c4377d9.json,"color_permute(3->4,4->3)+rotate_90_ccw","rotate_90_ccw+color_permute(3->4,4->3)"
efff1780,508bd3b6.json,reflect_horizontal+rotate_90_ccw,rotate_90_ccw+reflect_horizontal
34eff27a,508bd3b6.json,"color_permute(2->8,3->2,8->3)+reflect_horizontal",reflect_vertical+rotate_180
143536fb,50cb2852.json,"reflect_horizontal+color_permute(0->1,1->0,2->8,8->2)",reflect_vertical+rotate_180
22fcb0e7,50cb2852.json,"color_permute(0->8,1->0,2->1,8->2)+reflect_vertical",reflect_vertical+rotate_180
3f9d46ba,5117e062.json,"reflect_horizontal+color_permute(0->6,2->7,3->2,6->3,7->0)","reflect_vertical+color_permute(0->6,2->7,3->2,6->3,7->0)"
661a57dc,5117e062.json,rotate_90_ccw+reflect_horizontal,rotate_90_cw+reflect_vertical
3828b9e7,5168d44c.json,reflect_horizontal+rotate_90_cw,rotate_90_ccw+reflect_horizontal
6f67beb2,5168d44c.json,rotate_90_ccw+reflect_vertical,"rotate_90_ccw+color_permute(0->2,2->0)"
4b5d6125,53b68214.json,"color_permute(0->2,1->6,2->1,3->8,6->0,8->3)+rotate_90_ccw","reflect_vertical+color_permute(0->2,1->6,2->1,3->8,6->0,8->3)"
6fdf0a1c,53b68214.json,"rotate_180+color_permute(0->1,1->0,2->3,3->8,8->2)",reflect_vertical+rotate_90_cw
77a7866c,543a7ed5.json,"rotate_90_cw+color_permute(4->6,6->4)",rotate_90_cw+reflect_vertical
f1f9cc43,543a7ed5.json,rotate_90_cw+reflect_vertical,"reflect_vertical+color_permute(3->6,4->3,6->4)"
10cac429,54d82841.json,"color_permute(0->8,3->6,4->5,5->4,6->0,8->3)+rotate_90_ccw","color_permute(0->8,3->6,4->5,5->4,6->0,8->3)+reflect_horizontal"
8006b6fd,54d82841.json,"reflect_horizontal+color_permute(0->3,3->6,4->5,5->8,6->4,8->0)","color_permute(0->3,3->6,4->5,5->8,6->4,8->0)+rotate_90_ccw"
9be63c92,54d9e175.json,rotate_90_ccw+reflect_horizontal,"color_permute(0->4,1->3,2->9,3->6,4->2,5->7,6->8,7->5,8->1,9->0)+rotate_90_ccw"
e75d31e2,54d9e175.json,rotate_90_cw+reflect_horizontal,"color_permute(0->6,1->8,2->0,3->7,4->1,5->9,6->5,7->2,8->4,9->3)+rotate_90_cw"
63c84a0a,5521c0d9.json,rotate_90_cw+reflect_vertical,"rotate_90_cw+color_permute(0->4,1->0,2->1,4->2)"
bda6029b,5521c0d9.json,rotate_90_ccw+reflect_vertical,"color_permute(0->4,2->0,4->2)+reflect_vertical"
7c42951e,5582e5ca.json,"reflect_vertical+color_permute(0->8,1->4,3->0,4->6,6->1,8->9,9->3)","color_permute(0->8,1->4,3->0,4->6,6->1,8->9,9->3)+rotate_180"
5a1e3ac6,5582e5ca.json,rotate_180+reflect_horizontal,"color_permute(0->9,1->0,3->8,4->6,6->4,8->1,9->3)+rotate_90_cw"
fee2db9e,5614dbcf.json,"color_permute(0->8,2->4,3->0,4->3,5->2,6->9,8->5,9->6)+reflect_vertical","color_permute(0->8,2->4,3->0,4->3,5->2,6->9,8->5,9->6)+reflect_horizontal"
c425a1b3,5614dbcf.json,rotate_90_ccw+reflect_horizontal,"color_permute(0->3,2->0,3->8,4->6,5->4,6->2,7->9,8->5,9->7)+rotate_90_cw"
2136200c,56dc2b01.json,reflect_vertical+rotate_180,rotate_90_ccw+reflect_horizontal
65ef3b02,56dc2b01.json,"reflect_horizontal+color_permute(0->8,3->0,8->3)","rotate_180+color_permute(0->8,3->0,8->3)"
034615a2,56ff96f3.json,"rotate_90_ccw+color_permute(0->6,1->8,2->0,3->4,4->2,6->7,7->1,8->3)","reflect_vertical+color_permute(0->6,1->8,2->0,3->4,4->2,6->7,7->1,8->3)"
b0d5b073,56ff96f3.json,"color_permute(0->1,1->3,2->8,3->4,4->2,6->7,7->0,8->6)+rotate_90_ccw","color_permute(0->1,1->3,2->8,3->4,4->2,6->7,7->0,8->6)+rotate_90_cw"
c318b1b8,5bd6f4ac.json,"color_permute(0->1,1->6,2->4,3->7,4->8,6->9,7->3,8->2,9->0)+reflect_vertical","color_permute(0->1,1->6,2->4,3->7,4->8,6->9,7->3,8->2,9->0)+rotate_90_cw"
0df75ee9,5bd6f4ac.json,"color_permute(0->6,1->2,2->1,3->7,4->0,6->8,7->4,8->9,9->3)+reflect_horizontal","rotate_180+color_permute(0->6,1->2,2->1,3->7,4->0,6->8,7->4,8->9,9->3)"
826192ad,5c0a986e.json,"reflect_vertical+color_permute(0->1,1->2,2->0)","rotate_180+color_permute(0->1,1->2,2->0)"
25d6861b,5c0a986e.json,"color_permute(0->1,1->0)+reflect_vertical","color_permute(0->1,1->0)+reflect_vertical"
cc11cdc3,60b61512.json,rotate_90_ccw+reflect_horizontal,"color_permute(0->4,4->7,7->0)+rotate_90_ccw"
cc57177e,60b61512.json,"color_permute(4->7,7->4)+rotate_180","color_permute(4->7,7->4)+rotate_180"
ef5586e3,6150a2bd.json,reflect_horizontal+rotate_90_cw,"color_permute(0->7,1->3,2->0,3->8,4->6,5->1,6->2,7->4,8->5)+reflect_vertical"
627ad8f3,6150a2bd.json,"reflect_vertical+color_permute(0->6,1->8,3->4,4->3,6->0,8->1)","color_permute(0->6,1->8,3->4,4->3,6->0,8->1)+reflect_vertical"
fd976c43,62c24649.json,reflect_horizontal+rotate_90_ccw,reflect_horizontal+rotate_90_ccw
ba1b5edc,62c24649.json,"reflect_vertical+color_permute(0->2,2->0)","rotate_180+color_permute(0->2,2->0)"
44180eec,63613498.json,"color_permute(0->3,1->7,2->6,3->5,4->8,5->0,6->9,7->1,8->4,9->2)+reflect_vertical",reflect_horizontal+rotate_90_cw
10bbb267,63613498.json,"color_permute(0->4,1->8,2->5,3->2,4->3,5->1,6->7,7->0,8->9,9->6)+reflect_vertical","color_permute(0->4,1->8,2->5,3->2,4->3,5->1,6->7,7->0,8->9,9->6)+reflect_horizontal"
d8e06fce,6430c8c4.json,"color_permute(0->7,3->0,7->3)+reflect_horizontal",rotate_90_cw+reflect_horizontal
ecb8f7f1,6430c8c4.json,"rotate_90_cw+color_permute(2->4,4->2)","color_permute(2->4,4->2)+reflect_vertical"
efdf3066,6455b5f5.json,"rotate_180+color_permute(0->1,1->2,2->8,8->0)","color_permute(0->1,1->2,2->8,8->0)+reflect_vertical"
4340a3b8,6455b5f5.json,reflect_horizontal+rotate_90_ccw,"color_permute(0->2,1->0,2->8,8->1)+rotate_180"
3a6875b3,67385a82.json,"color_permute(0->8,3->0,8->3)+reflect_horizontal","rotate_90_ccw+color_permute(0->8,3->0,8->3)"
c22395c6,67385a82.json,"color_permute(0->8,3->0,8->3)+rotate_90_cw","color_permute(0->8,3->0,8->3)+reflect_horizontal"
1ee33d44,673ef223.json,"rotate_180+color_permute(0->8,4->0,8->4)","color_permute(0->8,4->0,8->4)+reflect_horizontal"
1c8a4102,673ef223.json,"color_permute(0->2,2->8,4->0,8->4)+rotate_180",rotate_90_ccw+reflect_vertical
4ec741f3,6773b310.json,rotate_90_cw+reflect_vertical,"color_permute(0->6,6->0)+rotate_180"
59256f9e,6773b310.json,"color_permute(0->1,1->6,6->0)+reflect_vertical","rotate_180+color_permute(0->1,1->6,6->0)"
304630c5,67a3c6ac.json,"color_permute(2->7,7->2)+reflect_horizontal",reflect_horizontal+rotate_180
0ed8f19a,67a3c6ac.json,"rotate_180+color_permute(1->2,2->1)","color_permute(1->2,2->1)+reflect_horizontal"
ccb52e53,67a423a3.json,"reflect_vertical+color_permute(0->3,1->6,2->8,3->1,4->2,6->4,8->9,9->0)",rotate_90_cw+reflect_vertical
8d6737bf,67a423a3.json,"rotate_90_ccw+color_permute(0->5,3->8,5->0,8->9,9->3)",rotate_90_cw+reflect_horizontal
132061c2,67e8384a.json,"color_permute(1->4,2->7,3->5,4->8,5->1,6->2,7->6,8->3)+rotate_180",reflect_vertical+rotate_90_cw
88d01b7e,67e8384a.json,"color_permute(1->7,2->5,3->1,4->8,5->2,6->3,7->4,8->6)+reflect_vertical","color_permute(1->7,2->5,3->1,4->8,5->2,6->3,7->4,8->6)+reflect_vertical"
cb2e89f2,68b16354.json,"color_permute(1->2,2->8,3->1,8->3)+rotate_90_cw","color_permute(1->2,2->8,3->1,8->3)+reflect_vertical"
e5bdb502,68b16354.json,"color_permute(2->8,4->2,8->4)+reflect_vertical",rotate_90_cw+reflect_horizontal
436616f7,6b9890af.json,"reflect_vertical+color_permute(0->8,1->0,3->1,8->3)",reflect_horizontal+rotate_180
a04dda9c,6b9890af.json,"rotate_90_cw+color_permute(2->4,3->8,4->3,8->2)","color_permute(2->4,3->8,4->3,8->2)+rotate_180"
310021fb,6c434453.json,reflect_horizontal+rotate_180,"color_permute(0->1,1->2,2->0)+rotate_90_cw"
cba01f9a,6c434453.json,reflect_vertical+rotate_90_cw,"color_permute(0->1,1->0)+rotate_90_ccw"
bdb343b5,6cdd2623.json,reflect_vertical+rotate_90_cw,reflect_horizontal+rotate_90_ccw
a33da3b3,6cdd2623.json,reflect_horizontal+rotate_180,rotate_90_ccw+reflect_horizontal
f4e01727,6d0160f0.json,"color_permute(0->5,2->4,4->2,5->7,6->8,7->6,8->9,9->0)+rotate_90_cw","rotate_90_cw+color_permute(0->5,2->4,4->2,5->7,6->8,7->6,8->9,9->0)"
25a5040c,6d0160f0.json,"color_permute(0->9,1->2,2->4,3->8,4->6,6->7,7->1,8->0,9->3)+rotate_90_ccw","color_permute(0->9,1->2,2->4,3->8,4->6,6->7,7->1,8->0,9->3)+rotate_180"
65df6aea,6d0aefbc.json,rotate_90_cw+reflect_horizontal,reflect_vertical+rotate_90_ccw
8daca7f3,6d0aefbc.json,"rotate_90_cw+color_permute(6->8,8->6)","reflect_vertical+color_permute(6->8,8->6)"
901b7ece,6d75e8bb.json,"color_permute(0->8,8->0)+rotate_90_ccw",rotate_180+reflect_vertical
8fa89595,6d75e8bb.json,"reflect_horizontal+color_permute(0->8,8->0)","color_permute(0->8,8->0)+rotate_180"
5265e15e,6e02f1e3.json,"color_permute(4->5,5->4)+reflect_horizontal","rotate_90_ccw+color_permute(4->5,5->4)"
95710fa3,6e02f1e3.json,"rotate_180+color_permute(0->2,2->4,4->0)",reflect_vertical+rotate_180
8d40eda9,6e82a1ae.json,"reflect_horizontal+color_permute(1->2,2->1,3->5,5->3)",reflect_horizontal+rotate_180
095559ec,6e82a1ae.json,"color_permute(0->1,1->5,5->0)+reflect_horizontal","reflect_vertical+color_permute(0->1,1->5,5->0)"
e55d2307,6ecd11f4.json,"color_permute(0->8,1->0,2->4,3->9,4->6,6->2,7->3,8->1,9->7)+reflect_horizontal","color_permute(0->8,1->0,2->4,3->9,4->6,6->2,7->3,8->1,9->7)+rotate_180"
9a45dcc8,6ecd11f4.json,"reflect_horizontal+color_permute(0->8,1->5,2->0,3->4,4->6,5->3,6->7,7->1,8->9,9->2)","color_permute(0->8,1->5,2->0,3->4,4->6,5->3,6->7,7->1,8->9,9->2)+rotate_90_ccw"
8f292452,6f8cd79b.json,"reflect_horizontal+color_permute(0->8,8->0)","color_permute(0->8,8->0)+reflect_vertical"
ad3c240a,6f8cd79b.json,"color_permute(0->8,8->0)+reflect_horizontal",rotate_90_ccw+reflect_vertical
5792725d,6fa7a44f.json,"reflect_vertical+color_permute(1->6,2->4,4->2,6->1,8->9,9->8)","reflect_vertical+color_permute(1->6,2->4,4->2,6->1,8->9,9->8)"
d795164a,6fa7a44f.json,"color_permute(1->7,2->8,4->2,6->4,7->1,8->6)+reflect_horizontal","rotate_180+color_permute(1->7,2->8,4->2,6->4,7->1,8->6)"
6d0017d3,7468f01a.json,reflect_vertical+rotate_90_ccw,"reflect_horizontal+color_permute(0->1,1->6,2->4,4->2,6->0)"
e37b49a8,7468f01a.json,"reflect_horizontal+color_permute(0->2,1->6,2->0,3->1,6->8,8->3)",reflect_vertical+rotate_90_ccw
acaafb0e,746b3537.json,"rotate_90_cw+color_permute(1->8,2->1,3->2,4->3,8->4)",rotate_90_cw+reflect_vertical
78218221,746b3537.json,"color_permute(1->6,2->1,3->8,4->2,6->4,8->3)+reflect_horizontal","color_permute(1->6,2->1,3->8,4->2,6->4,8->3)+rotate_180"
a40d28f7,74dd1130.json,rotate_180+reflect_horizontal,"color_permute(1->4,2->8,3->5,4->9,5->2,8->1,9->3)+reflect_vertical"
2e92fe6e,74dd1130.json,"reflect_vertical+color_permute(1->4,2->5,3->8,4->3,5->1,6->9,8->6,9->2)","reflect_vertical+color_permute(1->4,2->5,3->8,4->3,5->1,6->9,8->6,9->2)"
8cc21663,75b8110e.json,"rotate_180+color_permute(0->6,4->9,5->4,6->5,9->0)",reflect_vertical+rotate_90_cw
b1202ac3,75b8110e.json,"reflect_horizontal+color_permute(0->9,4->0,9->4)","reflect_horizontal+color_permute(0->9,4->0,9->4)"
0b02ac10,760b3cac.json,"color_permute(0->8,8->0)+rotate_90_ccw",rotate_180+reflect_horizontal
96c8e0b1,760b3cac.json,reflect_horizontal+rotate_180,reflect_horizontal+rotate_90_ccw
c9de7806,77fdfe62.json,"rotate_180+color_permute(0->2,1->0,2->3,3->6,5->7,6->8,7->1,8->5)",rotate_90_cw+reflect_vertical
26c73436,77fdfe62.json,"rotate_180+color_permute(0->4,1->3,3->6,4->5,5->8,6->1,8->9,9->0)","color_permute(0->4,1->3,3->6,4->5,5->8,6->1,8->9,9->0)+rotate_180"
eca437af,780d0b14.json,"color_permute(0->7,1->0,2->4,3->1,4->8,7->3,8->2)+reflect_vertical","color_permute(0->7,1->0,2->4,3->1,4->8,7->3,8->2)+reflect_horizontal"
98751bcd,780d0b14.json,"color_permute(0->4,1->3,2->7,3->0,4->2,7->1)+rotate_90_cw","reflect_vertical+color_permute(0->4,1->3,2->7,3->0,4->2,7->1)"
f0a10ba5,794b24be.json,"rotate_90_cw+color_permute(0->2,2->0)",rotate_90_cw+reflect_vertical
55db2802,794b24be.json,rotate_90_ccw+reflect_horizontal,"rotate_90_ccw+color_permute(0->2,2->0)"
730e26f8,7b7f7511.json,"color_permute(2->8,3->6,5->3,6->5,8->2)+reflect_vertical",rotate_90_cw+reflect_vertical
a9dd5353,7b7f7511.json,reflect_horizontal+rotate_90_ccw,reflect_horizontal+rotate_90_ccw
4e11dd9d,7e0986d6.json,reflect_horizontal+rotate_90_cw,reflect_vertical+rotate_90_cw
1e8d8024,7e0986d6.json,"color_permute(0->1,1->2,2->3,3->4,4->0)+reflect_horizontal",reflect_horizontal+rotate_90_cw
a195ab01,7f4411dc.json,"color_permute(0->7,5->8,7->0,8->5)+reflect_vertical","rotate_180+color_permute(0->7,5->8,7->0,8->5)"
e86bebc5,7f4411dc.json,rotate_180+reflect_vertical,"reflect_vertical+color_permute(6->8,8->6)"
44ebbb1c,7fe24cdd.json,"reflect_vertical+color_permute(0->5,1->0,3->1,5->8,8->3)","color_permute(0->5,1->0,3->1,5->8,8->3)+rotate_90_cw"
57d104b3,7fe24cdd.json,rotate_90_ccw+reflect_horizontal,reflect_vertical+rotate_90_cw
de2e4752,810b9b61.json,"color_permute(0->3,1->0,3->1)+reflect_vertical","color_permute(0->3,1->0,3->1)+rotate_90_cw"
7a84fc46,810b9b61.json,"color_permute(0->3,3->0)+rotate_90_ccw","reflect_vertical+color_permute(0->3,3->0)"
67bfdefc,82819916.json,"reflect_vertical+color_permute(0->4,1->2,2->3,3->6,4->0,6->1)","rotate_90_ccw+color_permute(0->4,1->2,2->3,3->6,4->0,6->1)"
506b9668,82819916.json,"color_permute(0->3,1->6,2->8,3->5,5->2,6->1,8->0)+reflect_vertical","color_permute(0->3,1->6,2->8,3->5,5->2,6->1,8->0)+reflect_vertical"
9b6f76a7,834ec97d.json,"color_permute(0->9,2->6,3->0,4->2,6->4,9->3)+rotate_90_ccw","color_permute(0->9,2->6,3->0,4->2,6->4,9->3)+rotate_90_ccw"
6f7eea93,834ec97d.json,reflect_horizontal+rotate_90_ccw,reflect_vertical+rotate_90_cw
848ee781,8403a5d5.json,"rotate_90_cw+color_permute(0->4,1->2,2->5,3->1,4->0,5->3)","rotate_180+color_permute(0->4,1->2,2->5,3->1,4->0,5->3)"
23d487f0,8403a5d5.json,reflect_vertical+rotate_90_ccw,"color_permute(1->2,2->4,3->5,4->1,5->3)+reflect_horizontal"
241d0a63,855e0971.json,"color_permute(0->5,1->8,2->0,3->1,5->3,8->2)+reflect_vertical",rotate_180+reflect_horizontal
bef4f39c,855e0971.json,"rotate_90_cw+color_permute(0->8,1->5,2->0,3->4,4->3,5->1,8->2)",reflect_vertical+rotate_90_cw
f0552d3b,85c4e7cd.json,"color_permute(1->3,2->7,3->8,4->2,7->4,8->1)+reflect_vertical",rotate_90_ccw+reflect_horizontal
521220bd,85c4e7cd.json,"color_permute(1->6,2->3,3->2,4->8,5->7,6->4,7->1,8->5)+rotate_90_ccw","reflect_vertical+color_permute(1->6,2->3,3->2,4->8,5->7,6->4,7->1,8->5)"
744b8935,868de0fa.json,reflect_horizontal+rotate_180,"rotate_90_ccw+color_permute(0->2,1->7,2->1,7->0)"
1b788a43,868de0fa.json,"color_permute(1->7,7->1)+rotate_90_cw","reflect_vertical+color_permute(1->7,7->1)"
dab607a2,8731374e.json,"rotate_180+color_permute(0->7,2->3,3->8,4->9,5->4,6->2,7->6,8->0,9->5)",rotate_90_cw+reflect_horizontal
ecd65c70,8731374e.json,"color_permute(0->4,1->2,2->8,3->1,4->5,5->7,6->9,7->3,8->6,9->0)+reflect_horizontal","reflect_vertical+color_permute(0->4,1->2,2->8,3->1,4->5,5->7,6->9,7->3,8->6,9->0)"
b584c334,88a10436.json,reflect_horizontal+rotate_90_ccw,"reflect_vertical+color_permute(0->6,1->0,2->1,3->2,5->3,6->5)"
c5678e5e,88a10436.json,reflect_vertical+rotate_90_ccw,"reflect_vertical+color_permute(0->2,2->3,3->6,6->0)"
36e23501,88a62173.json,rotate_90_cw+reflect_horizontal,"rotate_180+color_permute(0->8,1->5,5->1,8->0)"
bbed349a,88a62173.json,"rotate_180+color_permute(0->1,1->2,2->0,5->8,8->5)","color_permute(0->1,1->2,2->0,5->8,8->5)+rotate_90_ccw"
b65e3396,8be77c9e.json,"reflect_horizontal+color_permute(0->1,1->0)",rotate_90_ccw+reflect_vertical
ddc6626f,8be77c9e.json,rotate_180+reflect_horizontal,"reflect_horizontal+color_permute(0->1,1->0)"
d8275641,8d5021e8.json,"color_permute(0->2,2->3,3->5,5->8,8->0)+reflect_horizontal",rotate_180+reflect_horizontal
cee6f373,8d5021e8.json,"color_permute(0->2,2->5,5->0)+reflect_horizontal","color_permute(0->2,2->5,5->0)+reflect_horizontal"
16ec4d59,8e1813be.json,rotate_180+reflect_horizontal,reflect_vertical+rotate_180
96c62689,8e1813be.json,reflect_horizontal+rotate_180,"reflect_vertical+color_permute(0->3,1->0,2->4,3->2,4->1,6->7,7->8,8->6)"
e9c60672,8e5a5113.json,"rotate_90_cw+color_permute(0->2,1->8,2->5,3->1,4->6,5->7,6->0,7->3,8->4)","rotate_180+color_permute(0->2,1->8,2->5,3->1,4->6,5->7,6->0,7->3,8->4)"
c8b41708,8e5a5113.json,rotate_90_cw+reflect_horizontal,"color_permute(0->2,1->4,2->3,3->0,4->5,5->8,6->9,7->6,8->7,9->1)+reflect_horizontal"
f7d6e6e4,8eb1be9a.json,"color_permute(0->1,1->8,8->0)+reflect_vertical",rotate_90_cw+reflect_vertical
13d30143,8eb1be9a.json,rotate_180+reflect_horizontal,"color_permute(0->2,1->8,2->0,8->1)+reflect_vertical"
c5aad583,8efcae92.json,reflect_vertical+rotate_180,"rotate_90_cw+color_permute(1->2,2->1)"
5cdb3c5b,8efcae92.json,"color_permute(1->2,2->1)+rotate_90_ccw","rotate_90_ccw+color_permute(1->2,2->1)"
b1fee0c6,90c28cc7.json,"reflect_horizontal+color_permute(0->8,1->0,2->3,3->4,4->1,5->7,7->2,8->5)","color_permute(0->8,1->0,2->3,3->4,4->1,5->7,7->2,8->5)+rotate_90_ccw"
980ae258,90c28cc7.json,"color_permute(0->1,1->2,2->8,4->7,5->0,7->4,8->5)+reflect_vertical","color_permute(0->1,1->2,2->8,4->7,5->0,7->4,8->5)+reflect_horizontal"
76bc2ac2,90f3ed37.json,reflect_horizontal+rotate_180,"reflect_horizontal+color_permute(0->8,1->0,8->1)"
4056f13f,90f3ed37.json,"color_permute(0->1,1->0)+rotate_90_ccw","rotate_180+color_permute(0->1,1->0)"
68a23c99,913fb3ed.json,"color_permute(0->4,3->6,4->0,6->3)+reflect_horizontal","reflect_horizontal+color_permute(0->4,3->6,4->0,6->3)"
cc1ae005,913fb3ed.json,"reflect_vertical+color_permute(0->6,2->4,3->2,4->0,6->8,8->3)","rotate_90_cw+color_permute(0->6,2->4,3->2,4->0,6->8,8->3)"
76078c24,91714a58.json,"color_permute(0->6,1->5,2->4,4->0,5->2,6->9,8->1,9->8)+reflect_horizontal",reflect_horizontal+rotate_90_cw
004af2fa,91714a58.json,"color_permute(0->5,1->2,2->8,3->1,4->3,5->0,6->7,7->4,8->6)+rotate_180",reflect_horizontal+rotate_90_ccw
f7f1a961,9172f3a0.json,rotate_90_cw+reflect_horizontal,"rotate_180+color_permute(0->7,1->0,2->4,3->1,4->2,6->3,7->6)"
f8ad8544,9172f3a0.json,reflect_horizontal+rotate_90_ccw,"reflect_horizontal+color_permute(0->2,1->6,2->4,3->1,4->7,6->0,7->3)"
76776880,928ad970.json,"reflect_vertical+color_permute(0->3,1->4,3->1,4->0)",rotate_90_ccw+reflect_horizontal
76ff9027,928ad970.json,rotate_90_ccw+reflect_vertical,"reflect_vertical+color_permute(0->4,3->8,4->5,5->3,8->0)"
8addd857,941d9a10.json,"color_permute(0->3,1->2,2->5,3->0,5->1)+reflect_horizontal","color_permute(0->3,1->2,2->5,3->0,5->1)+rotate_180"
4d4663ec,941d9a10.json,"color_permute(0->2,2->3,3->0)+rotate_90_cw","color_permute(0->2,2->3,3->0)+reflect_vertical"
5a4f9da4,94f9d214.json,reflect_horizontal+rotate_90_cw,"rotate_90_cw+color_permute(0->1,1->2,2->3,3->0)"
6bcb22cf,94f9d214.json,reflect_horizontal+rotate_180,rotate_90_ccw+reflect_vertical
732b55ca,952a094c.json,rotate_90_ccw+reflect_horizontal,"reflect_horizontal+color_permute(0->7,1->4,2->0,4->1,5->9,6->8,7->2,8->6,9->5)"
75edeac3,952a094c.json,"color_permute(0->5,1->6,2->4,3->9,4->1,5->3,6->0,7->2,9->7)+rotate_90_ccw","reflect_horizontal+color_permute(0->5,1->6,2->4,3->9,4->1,5->3,6->0,7->2,9->7)"
93bb06a6,9565186b.json,"color_permute(1->3,2->5,3->1,4->2,5->8,8->4)+rotate_90_cw","color_permute(1->3,2->5,3->1,4->2,5->8,8->4)+reflect_horizontal"
f8f0d370,9565186b.json,"rotate_180+color_permute(1->8,2->1,3->4,4->3,8->2)","color_permute(1->8,2->1,3->4,4->3,8->2)+rotate_90_ccw"
7272d035,97999447.json,rotate_180+reflect_vertical,reflect_vertical+rotate_90_cw
04ac5bfb,97999447.json,"color_permute(0->8,2->5,3->6,4->2,5->4,6->3,8->0)+reflect_horizontal",rotate_90_ccw+reflect_vertical
b226e86c,98cf29f8.json,"reflect_horizontal+color_permute(2->3,3->4,4->5,5->7,7->2)","color_permute(2->3,3->4,4->5,5->7,7->2)+rotate_90_ccw"
5137263b,98cf29f8.json,rotate_180+reflect_horizontal,reflect_horizontal+rotate_90_ccw
b267fac5,99b1bc43.json,reflect_horizontal+rotate_90_cw,"reflect_vertical+color_permute(0->4,4->0)"
0125bc41,99b1bc43.json,"rotate_90_ccw+color_permute(0->3,1->0,2->1,3->2)",rotate_180+reflect_vertical
2b9c3cd7,99fa7670.json,rotate_180+reflect_vertical,"color_permute(2->5,3->6,5->3,6->2,7->8,8->7)+rotate_180"
05625edb,99fa7670.json,"color_permute(0->3,2->0,3->2,5->8,6->7,7->5,8->6)+rotate_90_ccw","color_permute(0->3,2->0,3->2,5->8,6->7,7->5,8->6)+reflect_vertical"
a09df447,9af7a82c.json,"color_permute(1->4,2->3,3->8,4->1,8->2)+reflect_horizontal","rotate_90_cw+color_permute(1->4,2->3,3->8,4->1,8->2)"
e1318602,9af7a82c.json,"reflect_horizontal+color_permute(0->2,1->3,2->4,3->8,4->1,8->0)",rotate_90_cw+reflect_vertical
3d0fbd51,9dfd6313.json,reflect_horizontal+rotate_90_ccw,"color_permute(0->8,1->4,3->0,4->5,5->6,6->3,8->1)+rotate_90_ccw"
5fcb8b8e,9dfd6313.json,"color_permute(0->6,1->3,3->8,5->0,6->1,8->5)+rotate_180","reflect_horizontal+color_permute(0->6,1->3,3->8,5->0,6->1,8->5)"
53aa5fb5,9ecd008a.json,"color_permute(0->2,1->6,2->1,3->4,4->0,6->9,7->3,9->7)+rotate_90_ccw","reflect_vertical+color_permute(0->2,1->6,2->1,3->4,4->0,6->9,7->3,9->7)"
efdbc369,9ecd008a.json,"reflect_vertical+color_permute(0->8,1->9,2->7,3->6,5->3,6->0,7->1,8->5,9->2)","reflect_horizontal+color_permute(0->8,1->9,2->7,3->6,5->3,6->0,7->1,8->5,9->2)"
2ebc28a5,9f236235.json,"color_permute(0->3,1->8,3->0,8->1)+rotate_90_ccw","color_permute(0->3,1->8,3->0,8->1)+reflect_vertical"
5ca363ba,9f236235.json,"rotate_90_ccw+color_permute(0->4,2->3,3->8,4->0,8->2)","color_permute(0->4,2->3,3->8,4->0,8->2)+reflect_vertical"
f87fef00,a1570a43.json,"rotate_180+color_permute(0->3,3->0)","color_permute(0->3,3->0)+reflect_vertical"
64758566,a1570a43.json,"color_permute(0->2,2->3,3->0)+rotate_90_ccw","rotate_90_ccw+color_permute(0->2,2->3,3->0)"
224badeb,a2fd1cf0.json,rotate_180+reflect_vertical,"rotate_90_cw+color_permute(0->2,2->8,8->0)"
79a59aac,a2fd1cf0.json,"reflect_vertical+color_permute(0->8,2->0,8->2)","color_permute(0->8,2->0,8->2)+rotate_90_ccw"
b2b40825,a3325580.json,rotate_90_cw+reflect_vertical,"color_permute(0->8,1->6,2->1,3->9,4->7,5->2,6->3,7->4,8->5,9->0)+rotate_90_cw"
42335fc3,a3325580.json,"reflect_vertical+color_permute(0->5,1->9,2->4,3->7,4->6,5->2,6->0,7->1,8->3,9->8)","reflect_horizontal+color_permute(0->5,1->9,2->4,3->7,4->6,5->2,6->0,7->1,8->3,9->8)"
1ba0ae07,a3df8b1e.json,"color_permute(0->1,1->0)+reflect_horizontal",rotate_90_cw+reflect_vertical
8a84a5b9,a3df8b1e.json,"rotate_90_cw+color_permute(0->1,1->0)","color_permute(0->1,1->0)+rotate_90_ccw"
2a147f96,a416b8f3.json,"color_permute(0->8,1->5,2->0,3->2,5->1,6->3,8->6)+rotate_90_ccw","reflect_horizontal+color_permute(0->8,1->5,2->0,3->2,5->1,6->3,8->6)"
f2f45df1,a416b8f3.json,"rotate_90_ccw+color_permute(1->4,2->3,3->2,4->5,5->6,6->1)",rotate_90_cw+reflect_vertical
0cb38b2a,a48eeaf7.json,"color_permute(2->5,5->2)+rotate_90_cw","rotate_90_cw+color_permute(2->5,5->2)"
25d5e1f1,a48eeaf7.json,rotate_90_ccw+reflect_vertical,"rotate_180+color_permute(0->2,2->0)"
05e9e5b3,a5313dff.json,reflect_vertical+rotate_90_cw,reflect_horizontal+rotate_180
bc2b67dc,a5313dff.json,"color_permute(0->1,1->2,2->0)+reflect_horizontal",rotate_90_cw+reflect_horizontal
762a3a51,a5f85a15.json,"reflect_horizontal+color_permute(0->2,2->6,3->4,4->3,6->0)",reflect_vertical+rotate_90_cw
4a13d053,a5f85a15.json,"color_permute(0->6,2->0,6->2)+rotate_180","reflect_horizontal+color_permute(0->6,2->0,6->2)"
aef26507,a65b410d.json,"color_permute(0->1,1->3,2->0,3->2)+rotate_180",reflect_horizontal+rotate_90_ccw
0cc55642,a65b410d.json,"color_permute(0->1,1->0)+rotate_180",rotate_90_cw+reflect_vertical
ee78c9d5,a68b268e.json,"color_permute(0->8,1->7,4->6,6->1,7->4,8->0)+rotate_180","color_permute(0->8,1->7,4->6,6->1,7->4,8->0)+rotate_90_cw"
b1ade192,a68b268e.json,"color_permute(0->6,1->7,4->1,6->4,7->0)+reflect_vertical","color_permute(0->6,1->7,4->1,6->4,7->0)+rotate_90_cw"
bc2c2c0f,a699fb00.json,"color_permute(0->1,1->2,2->0)+reflect_horizontal","rotate_90_cw+color_permute(0->1,1->2,2->0)"
99056d9b,a699fb00.json,"rotate_90_ccw+color_permute(0->1,1->2,2->0)","color_permute(0->1,1->2,2->0)+rotate_90_cw"
49c48b66,a740d043.json,"color_permute(0->3,1->2,2->0,3->1,5->6,6->5)+reflect_vertical","color_permute(0->3,1->2,2->0,3->1,5->6,6->5)+reflect_vertical"
c325d8a6,a740d043.json,"color_permute(0->3,1->5,3->0,5->1)+rotate_90_cw","rotate_180+color_permute(0->3,1->5,3->0,5->1)"
374c74e3,a79310a0.json,reflect_vertical+rotate_90_ccw,"rotate_90_ccw+color_permute(2->8,8->2)"
0eb6e670,a79310a0.json,"color_permute(0->8,8->0)+reflect_vertical","rotate_90_ccw+color_permute(0->8,8->0)"
3cf580fb,a85d4709.json,"color_permute(0->5,2->4,3->0,4->3,5->2)+reflect_horizontal","color_permute(0->5,2->4,3->0,4->3,5->2)+reflect_horizontal"
94ef855f,a85d4709.json,"reflect_horizontal+color_permute(0->4,2->5,3->0,4->2,5->3)",rotate_180+reflect_horizontal
037a41e8,a87f7484.json,"color_permute(0->3,1->2,2->1,3->0,4->8,8->4)+reflect_vertical",reflect_vertical+rotate_180
8f68a7e0,a87f7484.json,"color_permute(0->7,1->6,2->5,3->1,4->3,5->0,6->2,7->4)+reflect_horizontal","color_permute(0->7,1->6,2->5,3->1,4->3,5->0,6->2,7->4)+rotate_180"
d71f187f,a9f96cdd.json,"color_permute(0->6,2->0,3->2,6->3,7->8,8->7)+rotate_90_cw","color_permute(0->6,2->0,3->2,6->3,7->8,8->7)+reflect_horizontal"
ca91321a,a9f96cdd.json,"color_permute(2->3,3->8,7->2,8->7)+reflect_horizontal","reflect_vertical+color_permute(2->3,3->8,7->2,8->7)"
c472f2a4,aabf363d.json,reflect_vertical+rotate_180,rotate_90_cw+reflect_vertical
e9b4b152,aabf363d.json,reflect_horizontal+rotate_90_cw,"color_permute(2->8,3->6,4->2,6->4,8->3)+rotate_90_cw"
d98ec2be,ac0a08a4.json,"rotate_90_ccw+color_permute(0->2,1->9,2->3,3->8,4->7,6->1,7->6,8->4,9->0)","color_permute(0->2,1->9,2->3,3->8,4->7,6->1,7->6,8->4,9->0)+reflect_horizontal"
42436a5b,ac0a08a4.json,"color_permute(0->6,1->7,2->8,3->0,6->2,7->9,8->3,9->1)+rotate_90_ccw","rotate_90_ccw+color_permute(0->6,1->7,2->8,3->0,6->2,7->9,8->3,9->1)"
c4d52709,ae3edfdc.json,"color_permute(0->3,2->7,3->2,7->0)+rotate_90_ccw","color_permute(0->3,2->7,3->2,7->0)+reflect_horizontal"
c7f2f9d9,ae3edfdc.json,"rotate_180+color_permute(0->2,2->7,7->0)","reflect_vertical+color_permute(0->2,2->7,7->0)"
2d664f4b,ae4f1146.json,rotate_90_ccw+reflect_vertical,"color_permute(0->1,1->8,8->0)+rotate_90_cw"
0f9e026a,ae4f1146.json,"rotate_90_ccw+color_permute(0->8,8->0)","reflect_horizontal+color_permute(0->8,8->0)"
439f221a,aedd82e4.json,"rotate_90_cw+color_permute(0->1,1->0)","reflect_horizontal+color_permute(0->1,1->0)"
97b02186,aedd82e4.json,"color_permute(0->2,1->0,2->1)+rotate_90_ccw",rotate_90_ccw+reflect_horizontal
3ce456db,b0c4d837.json,"color_permute(0->8,8->0)+rotate_90_cw","color_permute(0->8,8->0)+reflect_horizontal"
1541a7df,b0c4d837.json,"reflect_vertical+color_permute(0->5,5->8,8->0)",reflect_vertical+rotate_90_cw
076f573b,b1948b0a.json,"reflect_vertical+color_permute(2->6,6->7,7->2)","reflect_vertical+color_permute(2->6,6->7,7->2)"
5b063f51,b1948b0a.json,"color_permute(6->7,7->6)+rotate_90_ccw","color_permute(6->7,7->6)+reflect_vertical"
fb1e9071,b230c067.json,rotate_180+reflect_horizontal,reflect_vertical+rotate_90_ccw
1b8e0c38,b230c067.json,reflect_vertical+rotate_90_ccw,rotate_90_cw+reflect_horizontal
de2a2e1f,b548a754.json,reflect_vertical+rotate_90_cw,"color_permute(1->2,2->4,4->6,6->8,8->1)+reflect_vertical"
7cab7760,b548a754.json,"rotate_90_cw+color_permute(0->3,1->0,3->8,8->1)",rotate_180+reflect_horizontal
e0d0527a,b60334d2.json,"reflect_horizontal+color_permute(0->5,5->0)","color_permute(0->5,5->0)+reflect_vertical"
f378128d,b60334d2.json,"color_permute(0->1,1->0)+reflect_vertical",rotate_180+reflect_horizontal
6036e273,b6afb2da.json,"rotate_90_cw+color_permute(1->2,2->1,4->5,5->4)","reflect_vertical+color_permute(1->2,2->1,4->5,5->4)"
c06d5656,b6afb2da.json,"color_permute(0->4,2->5,4->2,5->0)+reflect_vertical",rotate_180+reflect_vertical
2b8a15ff,b8825c91.json,rotate_180+reflect_vertical,rotate_90_cw+reflect_vertical
9212cc5f,b8825c91.json,"rotate_90_cw+color_permute(3->7,4->3,7->8,8->4)","color_permute(3->7,4->3,7->8,8->4)+rotate_90_ccw"
4cba50f3,b8cdaf2b.json,"color_permute(0->4,1->2,2->6,3->0,4->3,6->8,8->1)+reflect_vertical","rotate_90_cw+color_permute(0->4,1->2,2->6,3->0,4->3,6->8,8->1)"
3cae6f5a,b8cdaf2b.json,"reflect_horizontal+color_permute(0->2,1->6,2->8,4->1,6->0,8->4)",reflect_vertical+rotate_90_ccw
25b7c830,b91ae062.json,"reflect_horizontal+color_permute(0->8,1->4,2->1,3->0,4->6,6->3,8->2)","rotate_180+color_permute(0->8,1->4,2->1,3->0,4->6,6->3,8->2)"
a69c7d5b,b91ae062.json,reflect_horizontal+rotate_90_ccw,"color_permute(1->4,2->8,4->1,6->9,7->2,8->7,9->6)+rotate_180"
fc9b2fa2,b94a9452.json,rotate_90_cw+reflect_vertical,rotate_90_ccw+reflect_horizontal
3b6fb93e,b94a9452.json,"reflect_horizontal+color_permute(0->4,2->6,3->8,4->2,6->0,8->3)","color_permute(0->4,2->6,3->8,4->2,6->0,8->3)+reflect_horizontal"
c92a1676,b9b7f026.json,"color_permute(1->5,2->6,3->7,5->2,6->1,7->8,8->3)+rotate_90_cw",reflect_horizontal+rotate_90_ccw
0cab137b,b9b7f026.json,"reflect_horizontal+color_permute(0->3,1->8,2->1,3->2,5->6,6->7,7->5,8->0)","reflect_horizontal+color_permute(0->3,1->8,2->1,3->2,5->6,6->7,7->5,8->0)"
49052a4f,ba26e723.json,reflect_vertical+rotate_90_cw,"color_permute(0->4,4->6,6->0)+reflect_vertical"
59a78b9c,ba26e723.json,"reflect_vertical+color_permute(0->6,6->0)",reflect_vertical+rotate_180
7151f879,bb43febb.json,"color_permute(0->5,5->0)+reflect_vertical","reflect_horizontal+color_permute(0->5,5->0)"
5bb3428b,bb43febb.json,"color_permute(0->5,5->0)+reflect_vertical","color_permute(0->5,5->0)+rotate_90_ccw"
f7f63f59,bbc9ae5d.json,"reflect_horizontal+color_permute(1->7,5->1,7->8,8->5)","color_permute(1->7,5->1,7->8,8->5)+rotate_90_ccw"
75d8662f,bbc9ae5d.json,"color_permute(0->1,1->7,2->5,5->8,7->2,8->0)+rotate_90_ccw",reflect_vertical+rotate_90_ccw
af8792a0,bc1d5164.json,"rotate_90_ccw+color_permute(0->1,1->3,3->0,4->8,8->4)",rotate_90_cw+reflect_horizontal
15f3932c,bc1d5164.json,"reflect_horizontal+color_permute(0->1,1->0,2->8,8->2)",rotate_180+reflect_vertical
4304795e,bd4472b8.json,"color_permute(1->8,4->5,5->4,8->1)+reflect_vertical","color_permute(1->8,4->5,5->4,8->1)+rotate_90_ccw"
50aab57c,bd4472b8.json,reflect_horizontal+rotate_180,rotate_90_cw+reflect_horizontal
ed6202a0,bda2d7a6.json,rotate_90_cw+reflect_horizontal,"reflect_horizontal+color_permute(0->3,1->9,2->5,3->7,5->0,6->8,7->6,8->2,9->1)"
91872085,bda2d7a6.json,"color_permute(0->2,1->5,2->8,3->0,5->9,6->7,7->1,8->6,9->3)+reflect_horizontal","color_permute(0->2,1->5,2->8,3->0,5->9,6->7,7->1,8->6,9->3)+rotate_180"
2c15c38f,bdad9b1f.json,rotate_180+reflect_vertical,"rotate_90_ccw+color_permute(0->2,2->4,4->8,8->0)"
4b3e71e5,bdad9b1f.json,"color_permute(0->8,4->0,8->4)+reflect_vertical","color_permute(0->8,4->0,8->4)+reflect_vertical"
d4d574b9,be94b721.json,reflect_horizontal+rotate_90_ccw,"rotate_90_ccw+color_permute(0->5,1->2,2->3,3->6,4->7,5->8,6->4,7->0,8->1)"
01609041,be94b721.json,reflect_horizontal+rotate_90_cw,"color_permute(0->6,1->3,2->4,3->8,4->2,5->0,6->5,8->1)+rotate_180"
c627e8a1,beb8660c.json,rotate_90_cw+reflect_vertical,rotate_90_ccw+reflect_horizontal
d44d2c10,beb8660c.json,reflect_vertical+rotate_90_cw,"rotate_90_ccw+color_permute(0->8,1->2,2->6,3->9,4->7,5->4,6->3,7->5,8->0,9->1)"
d4bf7663,c0f76784.json,"reflect_vertical+color_permute(0->7,5->0,7->8,8->5)",rotate_180+reflect_vertical
0098233f,c0f76784.json,"reflect_horizontal+color_permute(0->5,5->6,6->8,8->0)","rotate_180+color_permute(0->5,5->6,6->8,8->0)"
4afdac56,c1d99e64.json,"rotate_90_cw+color_permute(0->8,1->4,4->0,8->1)",rotate_90_ccw+reflect_horizontal
fdd99f89,c1d99e64.json,"reflect_vertical+color_permute(0->3,1->4,2->0,3->2,4->8,8->1)","rotate_90_cw+color_permute(0->3,1->4,2->0,3->2,4->8,8->1)"
f75f8ad6,c3e719e8.json,rotate_90_cw+reflect_horizontal,"reflect_vertical+color_permute(0->5,1->0,3->9,5->7,7->3,9->1)"
62fca8ff,c3e719e8.json,"color_permute(0->5,1->6,3->7,4->1,5->3,6->8,7->4,8->0)+reflect_horizontal","rotate_180+color_permute(0->5,1->6,3->7,4->1,5->3,6->8,7->4,8->0)"
f5777a51,c3f564a4.json,"color_permute(0->5,2->4,3->8,4->3,5->6,6->0,8->2)+reflect_horizontal","color_permute(0->5,2->4,3->8,4->3,5->6,6->0,8->2)+reflect_vertical"
4509b5d8,c3f564a4.json,rotate_180+reflect_horizontal,"reflect_vertical+color_permute(0->3,1->4,2->5,3->1,4->2,5->7,6->0,7->6)"
cb0f7f3b,c59eb873.json,rotate_90_cw+reflect_horizontal,"color_permute(0->8,2->5,5->6,6->0,8->2)+rotate_90_cw"
995a4bf2,c59eb873.json,reflect_vertical+rotate_90_ccw,reflect_horizontal+rotate_180
0b93fe50,c8f0f002.json,reflect_vertical+rotate_180,"reflect_vertical+color_permute(1->8,8->1)"
48cabdd9,c8f0f002.json,"rotate_180+color_permute(1->7,5->1,7->5)","reflect_vertical+color_permute(1->7,5->1,7->5)"
b1056ca3,c9e6f938.json,"reflect_horizontal+color_permute(0->7,7->0)","reflect_horizontal+color_permute(0->7,7->0)"
98841a61,c9e6f938.json,"color_permute(0->7,7->0)+reflect_horizontal","rotate_180+color_permute(0->7,7->0)"
e00e15bd,c9f8e694.json,"reflect_horizontal+color_permute(1->8,2->5,4->1,5->7,7->4,8->2)","color_permute(1->8,2->5,4->1,5->7,7->4,8->2)+rotate_90_ccw"
22b02932,c9f8e694.json,"rotate_90_cw+color_permute(0->2,1->7,2->8,3->4,4->3,7->1,8->0)","color_permute(0->2,1->7,2->8,3->4,4->3,7->1,8->0)+reflect_horizontal"
9c7d5178,cbded52d.json,rotate_90_cw+reflect_horizontal,"color_permute(0->8,1->0,2->7,3->1,4->6,6->3,7->2,8->4)+reflect_vertical"
954ed16f,cbded52d.json,reflect_horizontal+rotate_180,rotate_180+reflect_vertical
02c6b78a,cce03e0d.json,reflect_horizontal+rotate_90_cw,reflect_horizontal+rotate_90_ccw
2aa52516,cce03e0d.json,rotate_180+reflect_horizontal,"reflect_vertical+color_permute(1->2,2->1)"
8903fe82,cdecee7f.json,"color_permute(0->5,1->0,3->1,4->8,5->6,6->4,7->9,8->7,9->3)+rotate_90_cw","rotate_90_ccw+color_permute(0->5,1->0,3->1,4->8,5->6,6->4,7->9,8->7,9->3)"
e11d26b7,cdecee7f.json,"reflect_horizontal+color_permute(0->8,1->0,2->9,3->1,4->7,5->2,6->3,7->6,8->5,9->4)","reflect_vertical+color_permute(0->8,1->0,2->9,3->1,4->7,5->2,6->3,7->6,8->5,9->4)"
44c76383,ce22a75a.json,"reflect_vertical+color_permute(0->5,5->0)","color_permute(0->5,5->0)+reflect_vertical"
515a16b3,ce22a75a.json,"color_permute(0->5,1->0,5->1)+rotate_90_ccw","color_permute(0->5,1->0,5->1)+rotate_180"
d490f09c,ce4f8723.json,"color_permute(0->4,1->0,2->1,4->2)+reflect_vertical","reflect_vertical+color_permute(0->4,1->0,2->1,4->2)"
6a8a9232,ce4f8723.json,reflect_vertical+rotate_180,"color_permute(0->1,1->4,2->3,3->2,4->0)+reflect_horizontal"
52fa324f,ce9e57f2.json,reflect_vertical+rotate_90_ccw,"rotate_180+color_permute(0->2,2->0)"
e1c213f9,ce9e57f2.json,"color_permute(2->8,8->2)+reflect_vertical","color_permute(2->8,8->2)+rotate_180"
7d001906,cf98881b.json,"color_permute(0->4,1->0,4->1)+reflect_horizontal",rotate_180+reflect_horizontal
ac012491,cf98881b.json,"rotate_90_ccw+color_permute(0->9,1->4,4->1,9->0)","reflect_horizontal+color_permute(0->9,1->4,4->1,9->0)"
58519152,d037b0a7.json,"color_permute(0->2,2->8,3->0,4->6,6->4,8->3)+reflect_vertical","color_permute(0->2,2->8,3->0,4->6,6->4,8->3)+reflect_horizontal"
3e382f5f,d037b0a7.json,"rotate_180+color_permute(0->3,2->8,3->4,4->6,6->7,7->0,8->2)",reflect_vertical+rotate_90_cw
e54449c2,d0f5fe59.json,"color_permute(0->8,8->0)+rotate_90_cw","reflect_horizontal+color_permute(0->8,8->0)"
41e5a33b,d0f5fe59.json,"color_permute(0->8,8->0)+rotate_90_ccw","color_permute(0->8,8->0)+rotate_90_ccw"
265eac5e,d10ecb37.json,rotate_90_cw+reflect_horizontal,"reflect_horizontal+color_permute(2->5,3->2,5->6,6->3)"
0bcd6369,d10ecb37.json,reflect_vertical+rotate_180,rotate_180+reflect_horizontal
1501f7ea,d13f3404.json,"rotate_90_ccw+color_permute(0->3,2->9,3->2,4->0,6->4,9->6)","rotate_90_cw+color_permute(0->3,2->9,3->2,4->0,6->4,9->6)"
6e10e630,d13f3404.json,"color_permute(0->8,1->4,2->3,3->0,4->1,6->9,8->6,9->2)+rotate_90_ccw","color_permute(0->8,1->4,2->3,3->0,4->1,6->9,8->6,9->2)+reflect_horizontal"
eb7bec8e,d23f8c26.json,"color_permute(0->6,2->8,3->7,4->5,5->4,6->0,7->3,8->2)+reflect_horizontal",reflect_horizontal+rotate_90_cw
41cd1688,d23f8c26.json,rotate_180+reflect_horizontal,"color_permute(0->6,1->2,2->3,3->0,4->9,5->8,6->7,7->4,8->5,9->1)+rotate_90_ccw"
3657132a,d43fd935.json,"color_permute(0->2,1->7,2->6,3->1,6->3,7->8,8->0)+rotate_90_cw","reflect_horizontal+color_permute(0->2,1->7,2->6,3->1,6->3,7->8,8->0)"
0e4c95a1,d43fd935.json,"rotate_180+color_permute(0->3,1->6,3->1,6->7,7->8,8->0)","color_permute(0->3,1->6,3->1,6->7,7->8,8->0)+rotate_90_cw"
325f7117,d4469b4b.json,"reflect_vertical+color_permute(0->2,1->3,2->0,3->5,5->1)",reflect_horizontal+rotate_90_ccw
7f5f4524,d4469b4b.json,"rotate_180+color_permute(0->5,2->0,3->2,5->3)","color_permute(0->5,2->0,3->2,5->3)+rotate_180"
238acec8,d4a91cb9.json,reflect_vertical+rotate_90_ccw,"color_permute(2->4,4->2)+rotate_90_cw"
91aa83d4,d4a91cb9.json,"color_permute(0->8,2->4,4->0,8->2)+rotate_180","color_permute(0->8,2->4,4->0,8->2)+rotate_180"
85d17099,d4f3cd78.json,"color_permute(0->5,5->0)+rotate_90_ccw",reflect_vertical+rotate_90_cw
08f59335,d4f3cd78.json,"color_permute(0->8,5->0,8->5)+reflect_horizontal",rotate_90_ccw+reflect_horizontal
09eaa19f,d511f180.json,rotate_90_cw+reflect_horizontal,"color_permute(2->9,3->7,4->8,5->2,6->5,7->6,8->3,9->4)+reflect_vertical"
9224798a,d511f180.json,reflect_vertical+rotate_180,rotate_180+reflect_horizontal
f3a3ad73,d5d6de2d.json,"reflect_vertical+color_permute(0->2,2->3,3->0)","reflect_vertical+color_permute(0->2,2->3,3->0)"
daa4a763,d5d6de2d.json,"color_permute(0->2,2->3,3->0)+rotate_180","color_permute(0->2,2->3,3->0)+reflect_horizontal"
90ee53b9,d631b094.json,rotate_180+reflect_horizontal,rotate_90_cw+reflect_horizontal
01368aab,d631b094.json,"rotate_90_cw+color_permute(0->7,1->2,2->1,4->0,7->8,8->4)","rotate_90_cw+color_permute(0->7,1->2,2->1,4->0,7->8,8->4)"
5bff6bd3,d6ad076f.json,"color_permute(0->8,1->7,2->9,3->4,4->6,6->2,7->3,8->1,9->0)+reflect_horizontal","reflect_vertical+color_permute(0->8,1->7,2->9,3->4,4->6,6->2,7->3,8->1,9->0)"
576ade5d,d6ad076f.json,rotate_90_ccw+reflect_horizontal,rotate_90_ccw+reflect_vertical
424118fd,d89b689b.json,"rotate_90_ccw+color_permute(0->6,1->4,2->3,3->0,4->2,5->8,6->7,7->9,8->1,9->5)","rotate_90_ccw+color_permute(0->6,1->4,2->3,3->0,4->2,5->8,6->7,7->9,8->1,9->5)"
82211be5,d89b689b.json,"color_permute(0->4,1->2,2->1,3->7,4->6,5->9,6->0,7->5,9->3)+reflect_horizontal",rotate_90_ccw+reflect_horizontal
5752b952,d8c310e9.json,"reflect_horizontal+color_permute(1->3,2->6,3->4,4->1,6->2)",reflect_horizontal+rotate_90_cw
9da1dcd9,d8c310e9.json,"color_permute(0->6,1->0,3->4,4->1,6->3)+rotate_90_cw","rotate_180+color_permute(0->6,1->0,3->4,4->1,6->3)"
97958901,d90796e8.json,rotate_90_cw+reflect_vertical,"rotate_90_cw+color_permute(0->8,2->5,5->0,8->2)"
5a84397f,d90796e8.json,"color_permute(0->8,2->3,3->5,5->0,8->2)+rotate_90_ccw","rotate_180+color_permute(0->8,2->3,3->5,5->0,8->2)"
eb3db4d7,d9fac9be.json,reflect_vertical+rotate_90_ccw,"color_permute(0->8,1->2,2->4,4->0,8->1)+rotate_90_ccw"
3ae2c838,d9fac9be.json,"rotate_90_ccw+color_permute(0->3,1->8,2->1,3->0,4->2,8->4)","reflect_horizontal+color_permute(0->3,1->8,2->1,3->0,4->2,8->4)"
b7c05a0b,dae9d2b5.json,reflect_vertical+rotate_90_cw,"reflect_vertical+color_permute(0->6,3->4,4->0,6->3)"
ee675f21,dae9d2b5.json,"reflect_horizontal+color_permute(0->6,3->0,6->3)","reflect_horizontal+color_permute(0->6,3->0,6->3)"
e653298f,db3e9e38.json,rotate_180+reflect_vertical,rotate_180+reflect_horizontal
809ff016,db3e9e38.json,"rotate_90_ccw+color_permute(0->7,7->8,8->0)","color_permute(0->7,7->8,8->0)+reflect_vertical"
b35d2643,dc1df850.json,"color_permute(0->3,1->0,2->5,3->6,5->1,6->7,7->2)+reflect_vertical","reflect_vertical+color_permute(0->3,1->0,2->5,3->6,5->1,6->7,7->2)"
528c022a,dc1df850.json,"rotate_90_cw+color_permute(0->7,1->5,2->0,5->8,6->2,7->1,8->6)",reflect_horizontal+rotate_180
8f355f0f,dc433765.json,"rotate_180+color_permute(0->3,3->0)",reflect_horizontal+rotate_90_cw
50b9d15d,dc433765.json,reflect_horizontal+rotate_90_cw,"reflect_horizontal+color_permute(3->4,4->3)"
2d7ff092,ddf7fa4f.json,reflect_horizontal+rotate_90_ccw,"color_permute(0->7,1->6,2->0,3->9,4->1,5->2,6->4,7->5,8->3,9->8)+reflect_horizontal"
ec395062,ddf7fa4f.json,"color_permute(0->3,2->8,3->5,4->6,5->0,6->7,7->2,8->4)+rotate_90_cw","reflect_vertical+color_permute(0->3,2->8,3->5,4->6,5->0,6->7,7->2,8->4)"
b860ca51,de1cd16c.json,"rotate_90_cw+color_permute(0->8,1->3,2->6,3->4,4->0,6->2,8->1)",rotate_180+reflect_horizontal
4959ab32,de1cd16c.json,"color_permute(0->4,1->3,2->6,3->0,4->5,5->2,6->1)+rotate_180","rotate_90_cw+color_permute(0->4,1->3,2->6,3->0,4->5,5->2,6->1)"
7ae73b08,ded97339.json,"reflect_horizontal+color_permute(0->8,8->0)",rotate_90_ccw+reflect_horizontal
c89485b6,ded97339.json,"rotate_180+color_permute(0->8,8->0)",rotate_90_cw+reflect_horizontal
08170471,e179c5f4.json,"rotate_180+color_permute(0->8,8->0)","color_permute(0->8,8->0)+rotate_90_ccw"
d905a477,e179c5f4.json,"reflect_vertical+color_permute(0->8,8->0)","color_permute(0->8,8->0)+rotate_90_cw"
9183e7a1,e21d9049.json,"rotate_90_cw+color_permute(0->8,1->3,2->4,3->1,4->0,8->2)",reflect_horizontal+rotate_180
4520aa66,e21d9049.json,"color_permute(0->8,1->3,2->0,3->2,8->1)+rotate_180",reflect_vertical+rotate_90_ccw
49ec5eb6,e26a3af2.json,"reflect_horizontal+color_permute(1->3,2->4,3->9,4->1,5->7,6->8,7->2,8->5,9->6)",rotate_180+reflect_horizontal
fd6bd58f,e26a3af2.json,"color_permute(1->5,2->9,3->1,4->2,5->3,6->7,7->8,8->4,9->6)+rotate_180",rotate_180+reflect_vertical
e997d35a,e3497940.json,"color_permute(0->1,1->6,2->8,3->7,4->2,6->4,7->0,8->3)+reflect_vertical",reflect_vertical+rotate_90_ccw
8cc993ce,e3497940.json,"reflect_vertical+color_permute(0->8,1->4,3->1,4->0,5->7,6->3,7->6,8->5)","color_permute(0->8,1->4,3->1,4->0,5->7,6->3,7->6,8->5)+reflect_horizontal"
da1e46c5,e48d4e1a.json,"rotate_180+color_permute(0->3,2->5,3->8,4->2,5->6,6->0,8->4)","rotate_90_ccw+color_permute(0->3,2->5,3->8,4->2,5->6,6->0,8->4)"
4d9f6a3f,e48d4e1a.json,"reflect_horizontal+color_permute(0->6,2->0,3->4,4->5,5->8,6->3,8->2)","color_permute(0->6,2->0,3->4,4->5,5->8,6->3,8->2)+rotate_180"
51701b3e,e50d258f.json,"color_permute(0->1,1->0,2->8,8->2)+reflect_horizontal","color_permute(0->1,1->0,2->8,8->2)+rotate_180"
467b9728,e50d258f.json,"color_permute(0->8,1->0,2->1,8->2)+rotate_180",reflect_horizontal+rotate_90_ccw
9e201d24,e76a88a6.json,reflect_vertical+rotate_180,"reflect_vertical+color_permute(0->1,1->8,2->0,4->6,5->2,6->4,8->5)"
88c6fdd8,e76a88a6.json,"color_permute(0->2,1->0,2->8,4->1,5->6,6->5,8->4)+rotate_90_ccw",reflect_vertical+rotate_90_cw
18381787,e9614598.json,"color_permute(1->3,3->1)+reflect_vertical","color_permute(1->3,3->1)+reflect_horizontal"
4a3e286e,e9614598.json,"color_permute(0->1,1->0)+rotate_90_cw","reflect_horizontal+color_permute(0->1,1->0)"
529c103a,e98196ab.json,rotate_90_cw+reflect_vertical,reflect_vertical+rotate_90_cw
2b01487c,e98196ab.json,reflect_horizontal+rotate_180,"color_permute(0->3,1->7,2->1,3->2,5->6,6->8,7->5,8->0)+reflect_horizontal"
4255f161,e9afcf9a.json,rotate_180+reflect_vertical,"color_permute(2->8,3->9,4->6,6->3,8->2,9->4)+reflect_vertical"
67d02169,e9afcf9a.json,reflect_horizontal+rotate_180,"color_permute(2->3,3->2,4->9,6->4,8->6,9->8)+rotate_90_ccw"
c60d9186,ea32f347.json,reflect_horizontal+rotate_180,"color_permute(0->2,1->4,2->0,4->5,5->1)+rotate_90_ccw"
1839f41b,ea32f347.json,"reflect_vertical+color_permute(0->2,1->5,2->1,5->0)","reflect_vertical+color_permute(0->2,1->5,2->1,5->0)"
75cae2a2,ea786f4a.json,reflect_vertical+rotate_90_ccw,"rotate_90_cw+color_permute(0->6,1->2,2->1,6->0)"
4aa51132,ea786f4a.json,rotate_90_ccw+reflect_vertical,"color_permute(0->2,1->0,2->3,3->6,6->1)+rotate_90_cw"
32119a77,eb281b96.json,rotate_90_cw+reflect_vertical,reflect_horizontal+rotate_180
97e6749a,eb281b96.json,"color_permute(0->3,2->8,3->0,8->2)+rotate_180","color_permute(0->3,2->8,3->0,8->2)+rotate_90_cw"
6ea70312,eb5a1d5d.json,reflect_vertical+rotate_90_ccw,"color_permute(1->8,2->1,3->6,5->3,6->2,8->5)+reflect_vertical"
edd4243f,eb5a1d5d.json,"rotate_90_cw+color_permute(1->2,2->6,3->1,6->8,8->3)","reflect_vertical+color_permute(1->2,2->6,3->1,6->8,8->3)"
2927f41e,ef135b50.json,rotate_180+reflect_horizontal,"rotate_90_ccw+color_permute(2->9,9->2)"
a9e12afe,ef135b50.json,reflect_vertical+rotate_90_cw,rotate_180+reflect_horizontal
fb13ebda,f1cefba8.json,reflect_horizontal+rotate_90_cw,"color_permute(0->8,1->2,2->0,4->1,8->4)+rotate_180"
84093cdb,f1cefba8.json,"color_permute(0->2,1->0,2->4,3->8,4->3,8->1)+reflect_horizontal","color_permute(0->2,1->0,2->4,3->8,4->3,8->1)+reflect_vertical"
49cd17c7,f25fbde4.json,"rotate_90_cw+color_permute(0->4,4->0)","color_permute(0->4,4->0)+rotate_90_cw"
c98bf523,f25fbde4.json,"color_permute(0->4,4->0)+rotate_180",reflect_horizontal+rotate_90_cw
dc25f999,f25ffba3.json,rotate_90_ccw+reflect_horizontal,reflect_horizontal+rotate_180
f4970571,f25ffba3.json,"reflect_vertical+color_permute(0->1,1->9,2->0,3->4,4->2,7->3,8->7,9->8)","color_permute(0->1,1->9,2->0,3->4,4->2,7->3,8->7,9->8)+reflect_vertical"
66ed5252,f5b8619d.json,"rotate_180+color_permute(2->3,3->5,4->2,5->4)","reflect_vertical+color_permute(2->3,3->5,4->2,5->4)"
b340b442,f5b8619d.json,"color_permute(0->4,2->3,3->2,4->0)+rotate_90_ccw","reflect_vertical+color_permute(0->4,2->3,3->2,4->0)"
93828d42,f76d97a5.json,"reflect_horizontal+color_permute(0->5,3->0,4->9,5->4,9->3)",reflect_vertical+rotate_90_ccw
e19b95b1,f76d97a5.json,"reflect_horizontal+color_permute(0->3,3->6,5->0,6->5)","color_permute(0->3,3->6,5->0,6->5)+reflect_vertical"
f7822dfc,f8b3ba0a.json,"color_permute(0->2,1->0,2->8,3->6,4->1,6->3,8->4)+reflect_horizontal","reflect_horizontal+color_permute(0->2,1->0,2->8,3->6,4->1,6->3,8->4)"
2f466b32,f8b3ba0a.json,reflect_horizontal+rotate_180,"color_permute(0->4,1->2,2->6,3->0,4->1,6->3)+rotate_90_ccw"
6fc27d12,f8ff0b80.json,reflect_horizontal+rotate_90_ccw,rotate_90_cw+reflect_vertical
cf4ec46d,f8ff0b80.json,"color_permute(0->7,1->2,2->8,3->4,4->1,6->3,7->0,8->6)+reflect_horizontal",reflect_vertical+rotate_90_cw
3815e077,f9012d9b.json,rotate_180+reflect_vertical,rotate_90_ccw+reflect_horizontal
77e344ec,f9012d9b.json,reflect_horizontal+rotate_90_ccw,rotate_90_ccw+reflect_horizontal
20fa84f0,fafffa47.json,"color_permute(1->9,9->1)+reflect_horizontal","color_permute(1->9,9->1)+reflect_horizontal"
cac87396,fafffa47.json,"rotate_90_ccw+color_permute(0->9,1->0,2->1,9->2)","color_permute(0->9,1->0,2->1,9->2)+reflect_horizontal"
45641aff,fcb5c309.json,"reflect_horizontal+color_permute(0->3,1->2,2->1,3->4,4->0)",reflect_vertical+rotate_90_cw
422d3143,fcb5c309.json,rotate_90_ccw+reflect_vertical,rotate_90_ccw+reflect_horizontal
85e592a4,fcc82909.json,"color_permute(0->4,1->0,2->6,3->1,4->9,6->8,7->2,8->7,9->3)+rotate_90_ccw","rotate_90_ccw+color_permute(0->4,1->0,2->6,3->1,4->9,6->8,7->2,8->7,9->3)"
0e6d50b3,fcc82909.json,"color_permute(0->3,1->0,2->1,3->4,4->7,6->2,7->9,8->6,9->8)+rotate_90_ccw",reflect_vertical+rotate_90_ccw
14e0dcfd,feca6190.json,reflect_vertical+rotate_90_cw,rotate_180+reflect_horizontal
c68dba56,feca6190.json,reflect_vertical+rotate_90_cw,"rotate_90_cw+color_permute(0->6,1->0,2->4,4->9,6->7,7->8,8->1,9->2)"
17c43a31,ff28f65a.json,"reflect_vertical+color_permute(1->2,2->1)","reflect_horizontal+color_permute(1->2,2->1)"
db35ad87,ff28f65a.json,"reflect_vertical+color_permute(1->2,2->1)",reflect_vertical+rotate_90_ccw
